0,10987.8,1.26682e+09,0.407181,4.99638,1.77486,0.563424,1468.63,0,0.00590117,1.00006,0,0,1.23958e+08,0.563424,0.588987,1,1,1,1,1
0,6385.17,1.57501e+08,0.426819,20.387,2.12269,0.4711,1523.71,0,0.0197754,1.00003,0,0,1.31935e+08,0.423767,0.367633,1,1,1,1,1
0,8117.44,5.3174e+08,0.27475,24.6981,2.79614,0.357635,6262.65,0,0.0298157,1.00003,0,0,1.42908e+08,0.292572,0.268562,1,1,1,1,1
0,7387.7,1.56911e+08,0.381927,22.3698,2.32414,0.430267,10953.8,0,0.0542908,1.00003,0,0,1.58445e+08,0.386475,0.226051,1,1,1,1,1
0,7311.52,1.52224e+08,0.190338,40.9477,4.14103,0.241486,9378.45,0,0.0055542,1.00003,0,0,1.20441e+08,0.189087,0.156634,1,1,1,1,1
0,6110,9.07069e+07,0.141998,49.5845,5.21617,0.191711,13649.9,0,0.00952148,1.00003,0,0,8.401e+07,0.15506,0.160338,2.70886,1.25666,1.0007,1.0001,1.00002
0,6032.52,8.89052e+07,0.143707,49.6324,5.21783,0.19165,17725.9,0,0.0131226,1.00003,0,0,8.42429e+07,0.155273,0.144733,2.06076,1.29166,1,1,1
0,5484.8,1.04665e+08,0.27066,26.7586,3.16446,0.31601,37480.9,0,0.0114746,1.00003,0,0,1.01503e+08,0.279968,0.223773,1.69915,1.22524,1.0041,1,1
0,6206.58,9.41942e+07,0.148071,48.3044,5.10882,0.19574,45429.2,0,0.00637817,1.00003,0,0,9.17284e+07,0.159424,0.159049,4.12832,1.073,1.00745,1.00163,1.01717
0,11218.6,2.8027e+08,0.36142,23.8275,2.44574,0.408875,89932.2,0,0.00775146,1.00003,0,0,2.70021e+08,0.369629,0.218027,1.12127,1.09928,1.01464,1.00019,1
0,7027.38,1.41788e+08,0.327484,26.3525,2.6671,0.374939,92515.1,0,0.0375671,1.00003,0,0,1.41329e+08,0.329681,0.323411,1.28348,1.00212,1.00344,1.00154,1.00002
0,6887.5,1.35068e+08,0.183594,40.6244,4.22867,0.236481,52491.9,0,0.0242615,1.00003,0,0,1.01189e+08,0.153107,0.163907,1.38844,1.01014,1.00845,1.01584,1.00336
0,13424.2,8.82332e+08,0.321625,17.0539,2.38001,0.420166,145640,0,0.0556946,1.00003,0,0,3.00065e+08,0.399048,0.301049,1.38844,1.01014,1.00845,1.01584,1.00336
0,6051.94,8.67206e+07,0.153564,46.9189,4.89659,0.204224,74313.6,0,0.00708008,1.00003,0,0,8.35502e+07,0.167389,0.162993,1.26345,1.09757,1.01882,1.00471,1
0,4154.5,1.31161e+08,0.326416,126.487,2.93831,0.340332,84093.4,0,0.0055542,1.00003,0,0,1.1374e+08,0.331421,0.123479,1.26345,1.09757,1.01882,1.00471,1
0,11090.5,3.1596e+08,0.311035,23.7332,2.5828,0.387177,197033,0,0.0169678,1.00003,0,0,2.64284e+08,0.350159,0.37285,2.07675,1.54516,1.03186,1,1
0,7147.06,1.43972e+08,0.164703,43.2654,4.51661,0.221405,109662,0,0.0150757,1.00003,0,0,1.12841e+08,0.185455,0.222453,1.37684,1.01427,1.10156,1,1
0,11526.4,3.22441e+08,0.458588,18.829,1.98006,0.505035,201620,0,0.0646973,1.00003,0,0,3.03735e+08,0.463043,0.392564,1.37191,1.01927,1.00422,1.00814,1.04706
0,7280.47,1.47325e+08,0.367767,23.3194,2.41296,0.414429,281346,0,0.0110168,1.00003,0,0,1.40111e+08,0.357544,0.222323,1.37191,1.01927,1.00422,1.00814,1.04706
0,7612.41,1.50968e+08,0.282654,30.2096,3.02903,0.330139,150333,0,0.039917,1.00003,0,0,1.51675e+08,0.292206,0.231688,1.37191,1.01927,1.00422,1.00814,1.04706
0,5913.2,8.48679e+07,0.157867,44.6466,4.85668,0.205902,96211.2,0,0.0163269,1.00003,0,0,8.18232e+07,0.167877,0.195706,1.72787,1.07115,1.11029,1,1
0,18511,6.28289e+08,0.0187988,30.9676,14.2408,0.0702209,1644.93,0,0.0574951,1.00003,0,0,9.45377e+07,0.0209961,0.0719935,1,1,1,1,1
0,15458.9,5.32044e+08,0.026001,28.9944,13.0498,0.0766296,1869.33,0,0.00552368,1.00003,0,0,6.69768e+07,0.0367126,0.0358319,1,1,1,1,1
0,17220.1,4.27503e+08,0.0729675,21.778,9.08708,0.110046,2555.77,0,0.025238,1.00003,0,0,1.33532e+08,0.080719,0.0591748,1,1,1,1,1
0,23665.1,7.91043e+08,0.039856,34.2853,14.0034,0.0714111,4677,0,0.00878906,1.00003,0,0,9.88047e+07,0.0429077,0.0223961,1,1,1,1,1
0,13055.4,2.44475e+08,0.00189209,38.195,39.6227,0.025238,957.739,0,0.000244141,1.00003,0,0,1.69656e+07,0.00213623,0.00154177,1,1,1,1,1
0,14776.2,3.20597e+08,0.00274658,33.8922,35.812,0.0279236,1226.41,0,0.000457764,1.00003,0,0,2.02588e+07,0.00784302,0.00171893,1,1,1,1,1
0,11975.8,1.95415e+08,0.0017395,36.2245,43.3439,0.0230713,806.358,0,0,1.00003,0,0,1.246e+07,0.00332642,0.000326833,1,1,1,1,1
0,12209.4,2.06142e+08,0.00369263,37.2692,38.415,0.0260315,1189.33,0,3.05176e-05,1.00003,0,0,1.35127e+07,0.00494385,0.000216544,1,1,1,1,1
0,12007.7,1.92018e+08,0.026062,44.8053,18.2653,0.0547485,5535.68,0,0.00796509,1.00003,0,0,4.61727e+07,0.0366211,0.00324604,1,1,1,1,1
0,6607.89,5.08756e+07,0.133153,60.799,5.79177,0.172659,261.053,0,0,1.00005,0,0,4.58086e+07,0.172659,0.179133,1,1,1,1,1
0,6650.94,5.07203e+07,0.162262,62.9451,4.77181,0.209564,2310.83,0,0.046875,1.00003,0,0,7.88393e+07,0.165405,0.191409,1,1,1,1,1
0,7595.47,9.68791e+07,0.12381,75.1423,5.87978,0.170074,3564.6,0,0.0516357,1.00003,0,0,9.81545e+07,0.117706,0.114212,1,1,1,1,1
0,6959.78,6.43394e+07,0.105774,91.5393,7.84111,0.127533,3940.55,0,0.0196228,1.00003,0,0,7.68824e+07,0.114716,0.120925,1,1,1,1,1
0,7719.92,1.20209e+08,0.125549,65.9369,5.68889,0.175781,8395.41,0,0.0267944,1.00003,0,0,1.0956e+08,0.143463,0.127528,1,1,1,1,1
0,7178.2,9.26767e+07,0.101288,71.6682,7.05903,0.141663,6853.62,0,0.0278015,1.00003,0,0,9.19557e+07,0.104309,0.107652,1,1,1,1,1
0,7659.36,9.78755e+07,0.106934,92.666,7.81866,0.127899,9628.7,0,0.0178528,1.00003,0,0,9.43677e+07,0.116272,0.111721,1,1,1,1,1
0,7077.89,6.00764e+07,0.10672,97.35,8.24975,0.121216,11124.8,0,0.0199585,1.00003,0,0,7.74231e+07,0.0963135,0.1187,1,1,1,1,1
0,6890.89,5.51713e+07,0.102875,100.328,8.46062,0.118195,12534.4,0,0.0234375,1.00003,0,0,7.06212e+07,0.105377,0.116779,1,1,1,1,1
0,7578.16,9.45419e+07,0.112549,97.1033,7.8112,0.128021,13898.7,0,0.0215759,1.00003,0,0,9.40027e+07,0.116699,0.108933,1,1,1,1,1
0,7648.97,1.00494e+08,0.129761,71.6067,5.75281,0.173828,24464.7,0,0.0234375,1.00003,0,0,1.03248e+08,0.154846,0.108365,1,1,1,1,1
0,36422.1,8.23056e+08,0.960022,0.76146,1.02776,0.972992,181730,0,0.00305176,1.00003,0,0,1.18716e+09,0.969086,0.926827,1,1,1,1,1
0,33965.6,6.04578e+08,0.825592,6.56887,1.18501,0.843872,64147.5,0,0.00360107,1.00003,0,0,1.07615e+09,0.823853,0.959396,1,1,1,1,1
0,7364.14,9.26572e+07,0.130676,70.1687,5.73469,0.174377,27072.6,0,0.023468,1.00003,0,0,9.77403e+07,0.134369,0.117683,1,1,1,1,1
0,7081.8,7.06207e+07,0.121796,87.4923,6.96895,0.143494,24944.5,0,0.0267029,1.00003,0,0,8.18104e+07,0.12973,0.118689,1,1,1,1,1
0,7866.83,1.29719e+08,0.130615,60.1555,5.4028,0.185089,25077.5,0,0.0227661,1.00003,0,0,1.15526e+08,0.164581,0.132182,1,1,1,1,1
0,7476.33,9.96767e+07,0.131744,68.092,5.57184,0.179474,24680.7,0,0.0228271,1.00003,0,0,1.00883e+08,0.145477,0.101834,1,1,1,1,1
0,7263.95,8.12133e+07,0.112122,83.4358,6.85093,0.145966,22570.1,0,0.0195923,1.00003,0,0,8.88182e+07,0.119019,0.101152,1,1,1,1,1
0,7497.34,9.29636e+07,0.124084,84.928,6.91746,0.144562,25799.5,0,0.0150757,1.00003,0,0,9.61403e+07,0.132812,0.11236,1.55554,1.17662,1.00149,1.06741,1
0,7106.72,1.09927e+08,0.11087,91.5729,7.54675,0.132507,21641.9,0,0.0186157,1.00003,0,0,7.66152e+07,0.115082,0.106924,1.49819,1.13012,1.00001,1.10215,1.00002
0,7440.59,8.37991e+07,0.11142,73.3141,6.45548,0.154907,20832.4,0,0.0205994,1.00003,0,0,9.11355e+07,0.113159,0.10193,1.49819,1.13012,1.00001,1.10215,1.00002
0,7716.53,9.92594e+07,0.129852,79.3822,6.21312,0.16095,23136.8,0,0.0306702,1.00003,0,0,1.04633e+08,0.141235,0.102914,2.0732,1.17731,1.13969,1.00004,1.00001
0,7644.27,9.60326e+07,0.117554,90.903,7.1499,0.139862,26582.7,0,0.0189819,1.00003,0,0,9.56657e+07,0.121094,0.111031,1.84026,1.37901,1.00152,1.00001,1.01046
0,6981.84,6.06286e+07,0.10907,89.756,7.37354,0.13562,22087,0,0.0205994,1.00003,0,0,7.60904e+07,0.115143,0.108507,1.3665,1.15144,1.02436,1.03615,1
0,7127.48,1.25156e+08,0.117645,89.2669,7.02874,0.142273,23795,0,0.026123,1.00003,0,0,7.88685e+07,0.125549,0.112945,1.3665,1.15144,1.02436,1.03615,1
0,7115.7,7.72024e+07,0.131592,68.6293,5.54263,0.18042,37714.2,0,0.02771,1.00003,0,0,9.13316e+07,0.162354,0.111491,1.3665,1.15144,1.02436,1.03615,1
0,7099.14,6.68629e+07,0.108063,95.9446,8.0432,0.124329,21246,0,0.0191956,1.00003,0,0,7.7013e+07,0.0968323,0.101164,1.49715,1.05598,1.07637,1.06971,1.03566
0,4759.62,2.27302e+07,0.807556,3.03137,1.13699,0.879517,532.844,0,9.15527e-05,1.00003,0,0,1.34382e+08,0.878113,0.876946,1,1,1,1,1
0,4731,2.87419e+07,0.902252,2.93228,1.07514,0.930115,1179.85,0,6.10352e-05,1.00003,0,0,1.45089e+08,0.925354,0.921927,1,1,1,1,1
0,65412.6,6.96713e+06,0.999207,0.0481703,1.00061,0.99939,29522.9,0,0.00012207,1.00003,0,0,2.14337e+09,0.999115,0.99943,1.10908,1,1,1,1
0,65427,6.04863e+06,0.999268,0.0442029,1.00055,0.999451,38122.4,0,9.15527e-05,1.00003,0,0,2.14384e+09,0.999298,0.999393,1.08264,1,1,1,1
0,65405,7.37679e+06,0.999359,0.0406019,1.00049,0.999512,58383.9,0,9.15527e-05,1.00003,0,0,2.14312e+09,0.999359,0.99954,1.0928,1,1,1,1
0,65354.9,1.02781e+07,0.999298,0.0374734,1.00049,0.999512,96058.9,0,6.10352e-05,1.00003,0,0,2.14148e+09,0.999359,0.999528,1.11527,1,1,1,1
0,65401.8,7.62929e+06,0.999542,0.0307612,1.00034,0.999664,94314.4,0,3.05176e-05,1.00003,0,0,2.14301e+09,0.999451,0.999542,1.11537,1,1,1,1
0,65394.1,8.0043e+06,0.999451,0.0345036,1.0004,0.999603,102736,0,3.05176e-05,1.00003,0,0,2.14274e+09,0.999451,0.999507,1.08664,1,1,1,1
0,65404.8,7.30245e+06,0.999207,0.0555323,1.00064,0.999359,138333,0,0.00012207,1.00003,0,0,2.1431e+09,0.999207,0.999362,1.08745,1,1,1,1
0,65431.9,5.64875e+06,0.999359,0.042079,1.00049,0.999512,92775,0,6.10352e-05,1.00003,0,0,2.14401e+09,0.999359,0.999541,1.09859,1,1,1,1
0,65465.5,3.94685e+06,0.999481,0.030261,1.00037,0.999634,132399,0,3.05176e-05,1.00003,0,0,2.14512e+09,0.999512,0.999672,1.09654,1,1,1,1
0,65422.5,6.06231e+06,0.999329,0.039069,1.00049,0.999512,186318,0,6.10352e-05,1.00003,0,0,2.1437e+09,0.999359,0.999455,1.02129,1,1,1,1
0,65389.2,8.44875e+06,0.999084,0.0500367,1.00067,0.999329,304699,0,0.000183105,1.00003,0,0,2.14258e+09,0.999115,0.999439,1.02975,1,1,1,1
0,65402.6,7.74201e+06,0.999084,0.0488008,1.00067,0.999329,260038,0,0.000213623,1.00003,0,0,2.14303e+09,0.999115,0.999304,1.07064,1,1,1,1
0,65365.8,9.62374e+06,0.999359,0.0362305,1.00046,0.999542,413658,0,3.05176e-05,1.00003,0,0,2.14185e+09,0.99939,0.999389,1.07719,1,1,1,1
0,64937.3,2.94853e+07,0.998993,0.058219,1.00076,0.999237,474072,0,6.10352e-05,1.00003,0,0,2.12776e+09,0.999023,0.995152,1.70284,1.01999,1.00222,1.00039,1.03894
0,65266.7,1.51911e+07,0.999115,0.0555333,1.0007,0.999298,389706,0,0.00012207,1.00003,0,0,2.13856e+09,0.999084,0.999342,1.05933,1,1,1,1
0,65182,2.04627e+07,0.999023,0.062763,1.00076,0.999237,790348,0,9.15527e-05,1.00003,0,0,2.13577e+09,0.999084,0.999318,1.09533,1,1,1,1
0,65390.2,8.22012e+06,0.999481,0.030261,1.00037,0.999634,463068,0,3.05176e-05,1.00003,0,0,2.14266e+09,0.999451,0.999328,1.00709,1,1,1,1
0,65406.3,7.19099e+06,0.999207,0.0481703,1.00061,0.99939,229126,0,3.05176e-05,1.00003,0,0,2.14315e+09,0.999237,0.999178,1.0359,1,1,1,1
0,65413.9,6.83329e+06,0.999268,0.047852,1.00058,0.99942,285568,0,0.00012207,1.00003,0,0,2.14341e+09,0.999237,0.999185,1.6872,1.01999,1.00222,1.00039,1.03894
0,65381.2,8.66057e+06,0.99884,0.0735243,1.00095,0.999054,265719,0,3.05176e-05,1.00003,0,0,2.14228e+09,0.99881,0.998981,1.08191,1.0148,1,1,1
0,65416.4,6.63419e+06,0.999237,0.0518345,1.00061,0.99939,270701,0,3.05176e-05,1.00003,0,0,2.14348e+09,0.999237,0.999234,1.0777,1,1,1,1
0,64431.8,5.52969e+07,0.998932,0.0651518,1.00082,0.999176,397034,0,0,1.00003,0,0,2.11119e+09,0.998932,0.999069,1.11789,1,1,1,1
0,65084.4,2.10463e+07,0.999176,0.0584792,1.00067,0.999329,503316,0,0,1.00003,0,0,2.1326e+09,0.999084,0.999314,1.01673,1,1,1,1
0,65327.3,1.07449e+07,0.99942,0.0366492,1.00043,0.999573,465515,0,3.05176e-05,1.00003,0,0,2.14059e+09,0.999359,0.999488,1.02018,1,1,1,1
0,65311.7,1.16078e+07,0.999207,0.0406024,1.00055,0.999451,499897,0,6.10352e-05,1.00003,0,0,2.14005e+09,0.999298,0.998652,1.01833,1,1,1,1
0,65062.6,2.06446e+07,0.999634,0.0220984,1.00024,0.999756,365828,0,0,1.00003,0,0,2.13194e+09,0.999603,0.999712,1.03536,1,1,1,1
0,10649.2,3.30006e+08,0.247864,24.0991,2.70922,0.36911,957.901,0,0.0236511,1.00003,0,0,2.17054e+08,0.35965,0.426259,1,1,1,1,1
0,14949.1,5.28895e+08,0.336823,22.934,2.40111,0.416473,2355.48,0,0.0480652,1.00003,0,0,3.61273e+08,0.379303,0.398991,1,1,1,1,1
0,7898.8,2.0896e+08,0.155884,27.4285,3.58238,0.279144,21041.9,0,0.0127258,1.00003,0,0,1.07738e+08,0.258606,0.221744,1.7665,1.3096,1.02806,1.03919,1
0,5550.12,2.26701e+08,0.0578308,31.8846,4.77807,0.20929,20876.6,0,0.00427246,1.00003,0,0,6.69025e+07,0.192749,0.177795,2.11677,1.32233,2.33531,1.01188,1
0,34075.2,9.42466e+08,0.542877,13.8332,1.68603,0.593109,45754.3,0,0.0045166,1.00003,0,0,1.02871e+09,0.572723,0.277908,1.3937,1.18353,1.02247,1,1
0,13195.8,4.32426e+08,0.187164,33.3347,3.3778,0.296051,41982.9,0,0.0265198,1.00003,0,0,2.38428e+08,0.272949,0.411019,1.3937,1.18353,1.02247,1,1
0,15429.6,5.76262e+08,0.192596,32.8153,3.39248,0.294769,38185.4,0,0.0155945,1.00003,0,0,3.16383e+08,0.270386,0.310707,2.03501,1.19858,1.20217,1,1
0,16014.4,5.81079e+08,0.302399,19.8171,2.3941,0.417694,58369,0,0.0102234,1.00003,0,0,3.92314e+08,0.397827,0.32127,2.03501,1.19858,1.20217,1,1
0,7389.11,2.88694e+08,0.0649719,42.4091,5.5026,0.181732,57370.3,0,0.00558472,1.00003,0,0,8.33157e+07,0.158875,0.170521,1.46161,1.11508,1.24398,1,1
0,10517.3,6.12308e+08,0.138641,40.6467,4.1935,0.238464,91545.8,0,0.0176086,1.00003,0,0,1.4025e+08,0.214386,0.170339,1.34241,1.22351,1.00473,1.00417,1
0,9637.52,2.78731e+08,0.0888367,58.2724,6.09751,0.164001,60864.4,0,0.00582886,1.00003,0,0,1.02318e+08,0.140808,0.136875,1.31756,1.0772,1.11257,1.0006,1
0,13863.5,5.95471e+08,0.182953,33.0289,3.46715,0.288422,85540.8,0,0.011261,1.00003,0,0,2.85771e+08,0.260773,0.214063,1.27581,1.05096,1.08931,1,1
0,7555.62,2.89438e+08,0.0932007,27.8113,4.25835,0.234833,45527.7,0,0.00564575,1.00003,0,0,1.12779e+08,0.199036,0.181115,1.45419,1.15793,1.31045,1.01317,1
0,7704.73,3.2776e+08,0.12738,27.6851,3.90281,0.256226,68193.1,0,0.00354004,1.00003,0,0,1.19667e+08,0.233612,0.190734,1.5552,1.19446,1.21374,1.03364,1
0,6320.8,2.9187e+08,0.0621948,31.6305,4.8538,0.206024,31171.1,0,0.00408936,1.00003,0,0,7.52492e+07,0.185333,0.178711,1.864,1.79145,1.01475,1.00042,1
0,767.516,1.3521e+08,0.0150452,1.55337,4.13581,0.241791,4915.17,0,0.0012207,1.00003,0,0,1.08677e+07,0.240448,0.234783,2.77808,13.1143,5.04262,3.0316,1.0373
0,11945.7,3.91509e+08,0.135315,48.727,5.00963,0.199615,67896.5,0,0.00527954,1.00003,0,0,2.03464e+08,0.178894,0.140021,1.16443,1.03647,1.02067,1.09485,1
0,10778.4,6.23502e+08,0.13501,41.496,4.36441,0.229126,89733.2,0,0.0239563,1.00003,0,0,1.41202e+08,0.202393,0.151208,1.10413,1.0535,1.00945,1.01475,1
0,10414.5,3.11955e+08,0.117371,46.9846,5.10405,0.195923,75020.2,0,0.012207,1.00003,0,0,1.37697e+08,0.170471,0.162422,1.15424,1.00449,1.0787,1.01413,1
0,8546.97,3.09407e+08,0.131653,34.5922,4.11762,0.242859,87087.9,0,0.00692749,1.00003,0,0,1.24231e+08,0.223083,0.169837,1.46776,1.22283,1.00003,1.01892,1
0,6182.92,2.45355e+08,0.0764465,30.1477,4.41915,0.226288,43105.7,0,0.00350952,1.00003,0,0,7.77585e+07,0.205841,0.195166,1.46776,1.22283,1.00003,1.01892,1
0,23322.6,8.28448e+08,0.308472,23.7232,2.52392,0.39621,101778,0,0.0135498,1.00003,0,0,5.93115e+08,0.374512,0.242227,1.35136,1.18052,1.00032,1.00001,1
0,38984.7,6.08548e+08,0.954468,0.536604,1.03161,0.96936,782935,0,0.019928,1.00003,0,0,1.26358e+09,0.963165,0.970167,1.07598,1.00013,1,1,1
0,8046.05,2.86535e+08,0.126068,30.6875,3.94938,0.253204,80928.4,0,0.00970459,1.00003,0,0,1.15405e+08,0.22879,0.206419,1.10443,1.04965,1.01753,1.00119,1.00091
0,8384.58,3.00623e+08,0.0810852,41.7133,5.13203,0.194855,91315.1,0,0.00314331,1.00003,0,0,1.08714e+08,0.170624,0.180591,1.10443,1.04965,1.01753,1.00119,1.00091
0,8530.78,3.17583e+08,0.114227,34.6132,4.25724,0.234894,89505.2,0,0.0057373,1.00003,0,0,1.20948e+08,0.213409,0.178526,1.10443,1.04965,1.01753,1.00119,1.00091
0,3261.02,2.25821e+08,0.0446472,14.2025,4.07613,0.245331,67358.8,0,0.00247192,1.00003,0,0,5.01458e+07,0.234833,0.252666,1.5484,1.67001,1,1.00658,1.00001
0,9605.45,2.9534e+08,0.213165,29.775,3.40978,0.293274,137948,0,0.0231628,1.00003,0,0,1.63472e+08,0.261169,0.35476,1.23732,1.15964,1.00002,1,1
0,1136.38,2.17229e+08,0.0169067,1.98813,3.62037,0.276215,40107,0,0.000610352,1.00003,0,0,2.38193e+07,0.273712,0.280965,1.33961,1.1386,1.0023,1.00245,1
0,1765.64,2.15161e+08,0.0491943,2.23563,3.46202,0.288849,48381.8,0,0.000701904,1.00003,0,0,4.36618e+07,0.285309,0.269125,1.92065,1.36113,1.00941,1.00015,1
0,853.984,1.69201e+08,0.0174561,1.66779,3.97092,0.251831,6078.37,0,0.0015564,1.00003,0,0,1.57604e+07,0.250122,0.244942,3.05052,3.0378,1.00015,1,1
0,15764.7,5.38667e+08,0.232117,35.0329,3.40199,0.293945,146875,0,0.0249329,1.00003,0,0,3.60761e+08,0.255798,0.213068,3.29417,1.8975,1.02431,1.00376,1
0,10985.6,3.62855e+08,0.245178,24.2939,2.80764,0.356171,235118,0,0.0294189,1.00003,0,0,2.28053e+08,0.327179,0.214408,1.4495,1.2053,1.01197,1.00049,1
0,7834.92,2.3864e+08,0.157379,29.0364,3.4893,0.286591,92886,0,0.0155334,1.00003,0,0,1.11506e+08,0.258179,0.21932,1.4495,1.2053,1.01197,1.00049,1
0,7759.11,2.89155e+08,0.0852356,41.8684,4.9253,0.203033,59985,0,0.0166016,1.00003,0,0,9.46801e+07,0.180206,0.182104,1.4495,1.2053,1.01197,1.00049,1
0,4796.23,2.40577e+08,0.0638733,24.0559,4.38368,0.228119,89106.5,0,0.00564575,1.00003,0,0,5.88017e+07,0.212128,0.186636,1.4495,1.2053,1.01197,1.00049,1
0,7137.09,3.31654e+08,0.0910034,29.6568,4.2325,0.236267,113814,0,0.00860596,1.00003,0,0,1.09607e+08,0.215576,0.202221,1.4495,1.2053,1.01197,1.00049,1
0,8595.61,4.86601e+07,0.954559,0.222094,1.02653,0.974152,4780.07,0,0.00308228,1.00003,0,0,2.70203e+08,0.962982,0.962533,1,1,1,1,1
0,39498.6,7.76122e+08,0.358978,0.925053,1.51626,0.659515,4980.1,0,0.0220947,1.00003,0,0,8.29038e+08,0.652954,0.700579,1,1,1,1,1
0,12010.8,6.40988e+08,0.528595,8.42752,1.46731,0.681519,3214.2,0,0.0606384,1.00003,0,0,2.45011e+08,0.643494,0.726253,1,1,1,1,1
0,12561,6.4807e+08,0.516663,8.30039,1.47265,0.679047,777248,0,0.0542908,1.00003,0,0,2.52707e+08,0.6427,0.718851,3.44178,1.85207,1,1,1
0,5536.3,2.84001e+08,0.22168,1.80974,1.97493,0.506348,372570,0,0.0493469,1.00003,0,0,1.01909e+08,0.419434,0.420677,3.44178,1.85207,1,1,1
0,5716.94,1.48807e+08,0.240082,1.88924,1.98078,0.504852,233125,0,0.101532,1.00003,0,0,1.05154e+08,0.421906,0.474888,3.33203,1.65653,1,1,1
0,7163.42,1.98439e+08,0.531891,1.24525,1.34814,0.74176,282862,0,0.0604858,1.00003,0,0,1.80888e+08,0.679108,0.566237,3.33203,1.65653,1,1,1
0,5613.48,1.45595e+08,0.231873,1.86058,1.97433,0.5065,282658,0,0.181702,1.00003,0,0,1.02799e+08,0.423462,0.539871,1.87299,1.90683,1,1,1
0,46977.2,8.57643e+08,0.947906,0.344211,1.02834,0.972443,667244,0,0.0228882,1.00003,0,0,1.52059e+09,0.967987,0.990287,1.2209,1.03255,1,1,1
0,58886.2,4.85973e+08,0.978821,0.488871,1.01424,0.985962,1.42438e+06,0,0.00811768,1.00003,0,0,1.92287e+09,0.984589,0.991571,1.06968,1,1.00043,1,1.00033
0,35408.4,8.24827e+08,0.974274,0.284495,1.01578,0.984467,367811,0,0.00683594,1.00003,0,0,1.14946e+09,0.982574,0.99049,1.07672,1.00261,1,1,1
0,24945.6,1.54261e+09,0.906891,1.79156,1.06552,0.938507,1.53952e+06,0,0.00732422,1.00003,0,0,7.88704e+08,0.93457,0.943409,1.16864,1,1,1,1
0,55556,5.1442e+08,0.97995,0.305946,1.01267,0.987488,1.49612e+06,0,0.00115967,1.00003,0,0,1.81006e+09,0.986847,0.989132,1.16864,1,1,1,1
0,65105.3,2.48603e+07,0.996216,0.17936,1.00334,0.996674,152957,0,0,1.00003,0,0,2.13286e+09,0.996338,0.995691,1.16864,1,1,1,1
0,65025.4,2.94946e+07,0.995056,0.229634,1.00438,0.995636,76633.1,0,3.05176e-05,1.00003,0,0,2.13001e+09,0.995178,0.995049,1.16864,1,1,1,1
0,65007.4,2.99687e+07,0.994049,0.236669,1.00506,0.994965,144529,0,0.000549316,1.00003,0,0,2.12906e+09,0.994171,0.994557,1.16864,1,1,1,1
0,65037.3,2.84476e+07,0.99469,0.22946,1.00466,0.995361,154646,0,0.000335693,1.00003,0,0,2.13032e+09,0.994598,0.995012,1.16864,1,1,1,1
0,65070.3,2.68954e+07,0.994843,0.210409,1.00438,0.995636,237263,0,0.000183105,1.00003,0,0,2.1314e+09,0.995087,0.995271,1.16864,1,1,1,1
0,64887,3.67265e+07,0.99234,0.212271,1.00586,0.994171,170854,0,0.000427246,1.00003,0,0,2.12468e+09,0.99353,0.995449,1.16864,1,1,1,1
0,63504.6,1.14349e+08,0.978149,0.403036,1.01653,0.983734,592390,0,0.00186157,1.00003,0,0,2.07739e+09,0.982971,0.995663,1.16864,1,1,1,1
0,8018.91,2.49991e+07,0.918945,0.37507,1.04851,0.953735,143116,0,0.875305,1.00003,0,0,2.52647e+08,0.944733,0.95298,1.16864,1,1,1,1
0,41834.8,8.75315e+08,0.752502,1.249,1.15743,0.863983,1.3943e+06,0,0.0751648,1.00003,0,0,1.23036e+09,0.851196,0.906005,1.46232,1.02133,1.04328,1.01967,1
0,21437.4,6.64771e+08,0.672394,3.92165,1.23332,0.810822,2.01915e+06,0,0.138458,1.00003,0,0,6.43659e+08,0.774628,0.840582,1.206,1.03452,1,1,1
0,11309.1,2.08167e+08,0.477875,5.64612,1.51957,0.658081,826287,0,0.0143738,1.00003,0,0,2.34512e+08,0.645508,0.638071,1.12917,1.00321,1.00059,1,1
0,23451.3,1.11262e+09,0.750397,3.14586,1.20386,0.830658,912755,0,0.0585632,1.00003,0,0,7.00917e+08,0.821716,0.861603,1.26276,1.38044,1.00514,1,1
0,11919.8,6.44934e+08,0.534241,8.28591,1.45836,0.685699,916145,0,0.163666,1.00003,0,0,2.44093e+08,0.652557,0.829796,1.61464,1.17424,1,1,1
0,5337.23,1.2947e+08,0.191071,1.49068,2.01649,0.495911,514192,0,0.10379,1.00003,0,0,9.43007e+07,0.419037,0.462601,2.39165,1.11362,1.19408,1,1
0,5412.91,1.35872e+08,0.230927,1.72211,1.95536,0.511414,478899,0,0.129456,1.00003,0,0,9.726e+07,0.423187,0.467507,2.23284,1.93084,1.00488,1.00174,1
0,55611.1,4.39981e+08,0.054718,0.383836,1.90235,0.525665,60233.6,0,0.00335693,1.00003,0,0,9.13358e+08,0.523743,0.520289,2.23284,1.93084,1.00488,1.00174,1
0,8876.59,1.71097e+08,0.317078,19.7983,2.53897,0.39386,789.871,0,0.00531006,1.00003,0,0,1.59474e+08,0.39035,0.483946,1,1,1,1,1
0,24793.8,8.37468e+08,0.249298,18.779,2.38816,0.418732,34139,0,0.114471,1.00003,0,0,4.90762e+08,0.333649,0.326714,1.84479,1.65536,1.09982,1,1
0,33116.4,6.84041e+08,0.905304,1.17336,1.06649,0.937653,318626,0,0.016449,1.00003,0,0,1.05853e+09,0.923859,0.906682,1.84479,1.65536,1.09982,1,1
0,7141.75,3.40408e+07,0.114349,63.144,5.86399,0.170532,19509.9,0,0.00314331,1.00003,0,0,4.83983e+07,0.157654,0.15237,1.84479,1.65536,1.09982,1,1
0,8934.11,1.12897e+08,0.189606,49.5095,4.09702,0.24408,22253.7,0,0.00848389,1.00003,0,0,1.19254e+08,0.225464,0.134905,1.84479,1.65536,1.09982,1,1
0,7136.92,2.91225e+07,0.115143,66.095,5.96867,0.167542,19318.6,0,0.00466919,1.00003,0,0,4.72371e+07,0.153595,0.153785,2.67362,1.34073,1.04991,1,1
0,7625.53,1.35764e+08,0.125488,64.5734,5.68889,0.175781,22997.6,0,0.0296631,1.00003,0,0,5.71668e+07,0.157593,0.131903,12.9696,1.02764,1.00701,1,1
0,7332.45,3.08101e+07,0.114258,70.1627,6.38255,0.156677,19186.3,0,0.0281677,1.00003,0,0,4.7787e+07,0.135468,0.129403,12.9696,1.02764,1.00701,1,1
0,7169.11,2.96372e+07,0.109161,68.7749,6.29669,0.158813,18913.2,0,0.026947,1.00003,0,0,4.57052e+07,0.144897,0.127465,4.46902,1.03008,1,1.00011,1
0,8218.95,7.71891e+07,0.147522,51.5032,4.78505,0.208984,25767.4,0,0.0196533,1.00003,0,0,9.65059e+07,0.17395,0.13455,5.33304,1.69829,1,1,1
0,7478.25,4.28054e+07,0.112183,66.2624,6.11115,0.163635,22841.2,0,0.0118103,1.00003,0,0,5.12159e+07,0.151093,0.152326,6.07322,1.00004,1,1,1
0,7966.69,9.60557e+07,0.118896,49.1721,5.26056,0.190094,31016.2,0,0.0140991,1.00003,0,0,8.2452e+07,0.173737,0.156936,2.06335,1.42692,1.02211,1,1
0,7283.92,3.61433e+07,0.152405,52.4324,4.54417,0.220062,31273.5,0,0.013855,1.00003,0,0,6.06321e+07,0.195679,0.184926,1.26519,1.08395,1.01627,1.00535,1.00008
0,62906.2,1.36247e+08,0.795074,0.573295,1.12454,0.889252,58173.4,0,0.0256042,1.00003,0,0,1.85633e+09,0.824799,0.956111,1.01273,1,1.00001,1.00001,1.00003
0,7723.42,7.35431e+07,0.144653,54.3617,4.44071,0.225189,39879.6,0,0.0375671,1.00003,0,0,6.27e+07,0.161896,0.193584,1.04726,1.00615,1,1.00067,1.00131
0,55735.6,3.62913e+08,0.223877,5.32574,2.85734,0.349976,51470.9,0,0.0729065,1.00003,0,0,6.81182e+08,0.228851,0.483205,1.04726,1.00615,1,1.00067,1.00131
0,46786,6.531e+08,0.36676,4.75321,2.05031,0.487732,52379.2,0,0.0810242,1.00003,0,0,8.16002e+08,0.348419,0.606062,1.06895,1,1,1,1
0,57504.8,3.04316e+08,0.144287,6.22932,4.07968,0.245117,35131.6,0,0.163055,1.00003,0,0,4.72677e+08,0.134277,0.299583,1.06895,1,1,1,1
0,57411,3.13294e+08,0.156219,6.45442,4.25117,0.235229,32024.7,0,0.181244,1.00003,0,0,4.48275e+08,0.130707,0.350362,1.06895,1,1,1,1
0,57203.5,3.1807e+08,0.156403,5.54047,3.68884,0.271088,58921.6,0,0.19339,1.00003,0,0,5.1152e+08,0.184937,0.423566,1.10534,1,1,1,1
0,8624.28,1.18353e+08,0.199524,34.8703,3.46458,0.288635,131876,0,0.0596313,1.00003,0,0,1.40191e+08,0.234894,0.25565,3.09025,1.53461,1,1.00004,1.00159
0,10084.6,2.06165e+08,0.213562,39.4693,3.20595,0.31192,220259,0,0.0677795,1.00003,0,0,1.7339e+08,0.268463,0.305483,4.85654,1.11624,1.00227,1.00033,1
0,27559.2,6.107e+08,0.735291,2.77943,1.26713,0.789185,2971.37,0,0.123932,1.00003,0,0,8.52433e+08,0.768372,0.902591,1,1,1,1,1
0,27475.3,6.47834e+08,0.742523,2.54257,1.24969,0.800201,18121.3,0,0.0917053,1.00003,0,0,8.44979e+08,0.773865,0.881705,1,1,1,1,1
0,23506.3,6.62098e+08,0.738678,1.23283,1.19709,0.835358,21397.7,0,0.0651855,1.00003,0,0,7.21811e+08,0.815338,0.885664,1,1,1,1,1
0,49360.7,5.86658e+08,0.995056,0.0747831,1.00285,0.997162,62732.4,0,0.00115967,1.00003,0,0,1.61712e+09,0.992371,0.984094,1,1,1,1,1
0,52307.2,5.06371e+08,0.999084,0.0435076,1.00067,0.999329,65953.7,0,0,1.00003,0,0,1.71391e+09,0.998932,0.994809,1,1,1,1,1
0,54385.3,4.48294e+08,0.998627,0.0475345,1.00092,0.999084,149421,0,0,1.00003,0,0,1.78198e+09,0.998718,0.998576,1,1,1,1,1
0,54712,5.0934e+08,0.991486,0.089505,1.00466,0.995361,215844,0,0.0067749,1.00003,0,0,1.7915e+09,0.991425,0.998526,1,1,1,1,1
0,43646.4,7.81515e+08,0.980591,0.114685,1.01017,0.989929,254626,0,0.00939941,1.00003,0,0,1.4283e+09,0.986603,0.998952,1,1,1,1,1
0,65010,3.10382e+07,0.995636,0.0735451,1.00254,0.997467,513586,0,0.0015564,1.00003,0,0,2.12988e+09,0.996887,0.99841,1,1,1,1,1
0,65180.4,2.03681e+07,0.997284,0.075386,1.00171,0.998291,387887,0,0.000610352,1.00003,0,0,2.13554e+09,0.99762,0.998065,1,1,1,1,1
0,63813.1,8.2004e+07,0.998688,0.0445488,1.00082,0.999176,249903,0,0.000671387,1.00003,0,0,2.09088e+09,0.998291,0.99899,1,1,1,1,1
0,65228.2,1.77973e+07,0.998688,0.0527141,1.00089,0.999115,456205,0,0.000244141,1.00003,0,0,2.1372e+09,0.998291,0.998024,1.02787,1.0148,1,1,1
0,64611,5.21631e+07,0.998688,0.0491146,1.00089,0.999115,249763,0,3.05176e-05,1.00003,0,0,2.11705e+09,0.998901,0.998453,1,1,1,1,1
0,65213.2,1.86269e+07,0.998413,0.0532915,1.00101,0.998993,497579,0,0.000305176,1.00003,0,0,2.13674e+09,0.998444,0.998467,1,1,1,1,1
0,51397.8,6.14779e+08,0.994415,0.0731268,1.00309,0.996918,156875,0,0.000305176,1.00003,0,0,1.68358e+09,0.993805,0.991886,1,1,1,1,1
0,50933.4,6.25915e+08,0.985443,0.106824,1.00772,0.99234,139765,0,0.000305176,1.00003,0,0,1.66726e+09,0.989685,0.987186,1,1,1,1,1
0,50798.5,6.52044e+08,0.985748,0.100755,1.0075,0.992554,183465,0,0.000946045,1.00003,0,0,1.66259e+09,0.990509,0.985828,1,1,1,1,1
0,50303.1,6.15164e+08,0.985962,0.100298,1.00741,0.992645,277056,0,3.05176e-05,1.00003,0,0,1.64674e+09,0.989319,0.99064,1,1,1,1,1
0,49627.7,6.32092e+08,0.984375,0.128277,1.00859,0.991486,224397,0,6.10352e-05,1.00003,0,0,1.62446e+09,0.987915,0.985731,1,1,1,1,1
0,49596.5,6.6795e+08,0.990173,0.0838371,1.00515,0.994873,238120,0,0.000183105,1.00003,0,0,1.62369e+09,0.991547,0.994972,1,1,1,1,1
0,58353.4,3.12554e+08,0.990997,0.0791407,1.00475,0.99527,376494,0,0.000152588,1.00003,0,0,1.91078e+09,0.994965,0.99164,1,1,1,1,1
0,56361.2,4.1689e+08,0.978302,0.142267,1.01186,0.988281,136210,0,0.000427246,1.00003,0,0,1.8441e+09,0.987061,0.975737,1,1,1,1,1
0,50268.9,6.7002e+08,0.986328,0.0993791,1.00722,0.992828,145885,0,0.00305176,1.00003,0,0,1.64531e+09,0.990631,0.994951,1,1,1,1,1
0,50831.7,6.28846e+08,0.98761,0.110095,1.00682,0.993225,495961,0,0.0039978,1.00003,0,0,1.66439e+09,0.990143,0.982767,1,1,1,1,1
0,58840.3,2.95506e+08,0.999298,0.043154,1.00052,0.999481,792136,0,0.000823975,1.00003,0,0,1.92786e+09,0.99884,0.999095,1,1,1,1,1
0,65246.6,1.66951e+07,0.998688,0.0518374,1.00086,0.999146,422293,0,0.000549316,1.00003,0,0,2.13789e+09,0.999023,0.998212,1,1,1,1,1
0,65333.2,1.17256e+07,0.999207,0.0406024,1.00055,0.999451,333285,0,0.000152588,1.00003,0,0,2.14076e+09,0.998962,0.998465,1.02787,1.0148,1,1,1
0,47911.4,4.89918e+08,0.998047,0.0737403,1.00134,0.998657,1.15369e+06,0,0.000274658,1.00003,0,0,1.56975e+09,0.99826,0.997093,1,1,1,1,1
0,14500.2,4.29251e+08,0.912994,0.213208,1.04576,0.956238,844857,0,0.000183105,1.00003,0,0,4.66911e+08,0.950806,0.941986,1,1,1,1,1
0,14232.8,4.23736e+08,0.916138,0.2109,1.04413,0.957733,2.75401e+06,0,0.000274658,1.00003,0,0,4.59134e+08,0.950256,0.952262,1,1,1,1,1
0,25001.3,7.43175e+08,0.942291,0.180044,1.03012,0.970764,856953,0,0.00164795,1.00003,0,0,8.13254e+08,0.964203,0.95072,1,1,1,1,1
0,48606.5,6.68452e+08,0.971375,0.166939,1.01534,0.984894,572847,0,0.000213623,1.00003,0,0,1.58952e+09,0.983185,0.988448,1,1,1,1,1
0,60260.5,2.73436e+08,0.992096,0.106693,1.00454,0.995483,1.30782e+06,0,0.00216675,1.00003,0,0,1.97386e+09,0.994049,0.993952,1.66463,1.01999,1.00222,1.00039,1.03894
0,58566.5,3.46608e+08,0.984802,0.127676,1.00843,0.991638,945628,0,0.0038147,1.00003,0,0,1.91768e+09,0.989746,0.995393,1,1,1,1,1
0,49994.6,6.02989e+08,0.992676,0.0879534,1.00408,0.995941,1.17532e+06,0,0.0017395,1.00003,0,0,1.63757e+09,0.994354,0.996939,1,1,1,1,1
0,14422.2,3.54634e+08,0.920288,0.237232,1.04277,0.958984,438219,0,0.00524902,1.00003,0,0,4.61773e+08,0.95163,0.951428,1,1,1,1,1
0,14929.7,3.76584e+08,0.916595,0.235279,1.04473,0.957184,516059,0,0.00289917,1.00003,0,0,4.79148e+08,0.949707,0.954875,1,1,1,1,1
0,14777.3,3.72257e+08,0.921814,0.237013,1.04197,0.959717,509551,0,0.0032959,1.00003,0,0,4.74869e+08,0.953583,0.958199,1,1,1,1,1
0,16096.9,4.58157e+08,0.928497,0.216929,1.03785,0.963531,485594,0,0.00131226,1.00003,0,0,5.19889e+08,0.95816,0.953501,1,1,1,1,1
0,11208,2.54831e+08,0.930542,0.21728,1.03693,0.964386,483895,0,0.000335693,1.00003,0,0,3.58954e+08,0.957581,0.951706,1,1,1,1,1
0,14394.3,4.03452e+08,0.933868,0.209845,1.03509,0.966095,590983,0,0.00180054,1.00003,0,0,4.62871e+08,0.958618,0.953465,1,1,1,1,1
0,62605.6,1.49405e+08,0.997131,0.0739544,1.0018,0.998199,1.99127e+06,0,0.00115967,1.00003,0,0,2.05118e+09,0.996918,0.998101,1,1,1,1,1
0,55578.5,4.80475e+08,0.992493,0.104074,1.00435,0.995667,1.3259e+06,0,0.0012207,1.00003,0,0,1.82053e+09,0.994659,0.995981,1,1,1,1,1
0,64438.7,6.38955e+07,0.998138,0.0724853,1.00128,0.998718,435702,0,0.000244141,1.00003,0,0,2.11132e+09,0.997925,0.993283,1,1,1,1,1
0,63896.5,8.94878e+07,0.996002,0.0767999,1.00236,0.99765,1.14571e+06,0,0.00119019,1.00003,0,0,2.09336e+09,0.996307,0.994542,1.02045,1,1,1,1
0,58625.5,3.45883e+08,0.988861,0.109398,1.00605,0.993988,755605,0,0.00369263,1.00003,0,0,1.91997e+09,0.993225,0.997822,1,1,1,1,1
0,62040.3,1.92615e+08,0.992615,0.091035,1.00414,0.99588,1.1851e+06,0,0.000823975,1.00003,0,0,2.03229e+09,0.995178,0.996275,1,1,1,1,1
0,63319.6,1.28522e+08,0.99588,0.0893245,1.00254,0.997467,1.191e+06,0,0.000762939,1.00003,0,0,2.07444e+09,0.996338,0.996943,1,1,1,1,1
0,57081.3,4.26114e+08,0.987915,0.121504,1.00682,0.993225,1.12552e+06,0,0.000579834,1.00003,0,0,1.86932e+09,0.992462,0.991209,1,1,1,1,1
0,59498.6,3.19009e+08,0.988647,0.100167,1.00614,0.993896,1.06699e+06,0,0.00234985,1.00003,0,0,1.9487e+09,0.990784,0.9955,1,1,1,1,1
0,37376,8.3964e+08,0.96994,0.157962,1.01597,0.984283,2.06888e+06,0,0.010376,1.00003,0,0,1.22242e+09,0.977966,0.984927,1,1,1,1,1
0,63552.7,1.1608e+08,0.990906,0.0954711,1.00497,0.995056,925165,0,0.0012207,1.00003,0,0,2.08174e+09,0.994354,0.994272,1,1,1,1,1
0,51366.3,5.85806e+08,0.993073,0.112966,1.00414,0.99588,2.45627e+06,0,0.000366211,1.00003,0,0,1.68247e+09,0.99469,0.995308,1,1,1,1,1
0,55168.5,4.66428e+08,0.989136,0.086704,1.00571,0.994324,3.05891e+06,0,0.000732422,1.00003,0,0,1.80685e+09,0.991394,0.99054,1,1,1,1,1
0,56430.7,4.26173e+08,0.994232,0.0886448,1.00321,0.996796,2.56875e+06,0,0.000335693,1.00003,0,0,1.84861e+09,0.995117,0.989571,1,1,1,1,1
0,54074.3,4.8314e+08,0.999054,0.0494226,1.00067,0.999329,3.21044e+06,0,0.000152588,1.00003,0,0,1.7718e+09,0.99884,0.996742,1,1,1,1,1
0,52409.2,5.35155e+08,0.996185,0.0714338,1.00217,0.997833,3.33398e+06,0,0.000549316,1.00003,0,0,1.71646e+09,0.996948,0.998475,1,1,1,1,1
0,62936.9,1.41583e+08,0.996704,0.0801096,1.00202,0.997986,1.24775e+06,0,0.000701904,1.00003,0,0,2.06198e+09,0.996948,0.995415,1.02045,1,1,1,1
0,62067.9,1.97193e+08,0.997467,0.0849222,1.00177,0.99823,2.84858e+06,0,0.000671387,1.00003,0,0,2.03356e+09,0.997498,0.997682,1,1,1,1,1
0,63229,1.31122e+08,0.997437,0.07778,1.00165,0.998352,1.3074e+06,0,0.000579834,1.00003,0,0,2.07164e+09,0.997498,0.99621,1,1,1,1,1
0,64133,7.70303e+07,0.998718,0.0651542,1.00095,0.999054,2.45272e+06,0,0.00012207,1.00003,0,0,2.10136e+09,0.998657,0.998805,1,1,1,1,1
0,59155.7,3.2764e+08,0.998871,0.0503419,1.00076,0.999237,3.79527e+06,0,0.000244141,1.00003,0,0,1.93833e+09,0.998505,0.998826,1,1,1,1,1
0,64116.5,6.9453e+07,0.998444,0.0472122,1.00095,0.999054,1.57076e+06,0,0.000396729,1.00003,0,0,2.10081e+09,0.998535,0.997768,1.02045,1,1,1,1
0,63601.4,1.06955e+08,0.997498,0.0797208,1.00165,0.998352,965789,0,0.000488281,1.00003,0,0,2.08382e+09,0.997803,0.998093,1,1,1,1,1
0,65309.4,1.31518e+07,0.998993,0.0448894,1.00067,0.999329,747550,0,0.000305176,1.00003,0,0,2.13996e+09,0.998871,0.998945,1,1,1,1,1
0,65385.1,8.58493e+06,0.999084,0.0472102,1.00064,0.999359,1.13387e+06,0,0.000152588,1.00003,0,0,2.14243e+09,0.998932,0.998964,1,1,1,1,1
0,65407.3,7.1601e+06,0.999237,0.0370639,1.00052,0.999481,1.51349e+06,0,9.15527e-05,1.00003,0,0,2.14319e+09,0.999054,0.999029,1,1,1,1,1
0,5061.02,3.22954e+07,0.581665,0.465246,1.2664,0.789642,4.66236e+06,0,0.0486755,1.00003,0,0,1.16216e+08,0.769257,0.806863,1.7555,1.24184,1,1,1
0,5024.75,3.19679e+07,0.565918,0.472596,1.27955,0.781525,4.68843e+06,0,0.0393066,1.00003,0,0,1.15061e+08,0.748779,0.745641,2.24673,1.4197,1,1,1
0,4867.5,1.88557e+07,0.453064,0.504266,1.37895,0.725189,3.63109e+06,0,0.000793457,1.00003,0,0,1.06709e+08,0.708618,0.718293,1.56233,1.1424,1,1,1.00075
0,5260.5,3.51946e+07,0.546753,0.503538,1.29636,0.771393,3.45031e+06,0,0.00494385,1.00003,0,0,1.15298e+08,0.750305,0.742584,1.76153,1.21439,1,1,1.0002
0,5250.88,3.50096e+07,0.517303,0.515997,1.32161,0.756653,3.28672e+06,0,0.000396729,1.00003,0,0,1.13025e+08,0.739838,0.741267,1.46029,1.14372,1,1,1
0,4757.72,1.74205e+07,0.483643,0.490399,1.34964,0.740936,593383,0,0.00219727,1.00003,0,0,1.07687e+08,0.726685,0.719323,1.99624,1.08617,1.00066,1,1
0,5274.67,3.5755e+07,0.527496,0.514633,1.31293,0.761658,635872,0,0.00274658,1.00003,0,0,1.14198e+08,0.740997,0.728685,1.99624,1.08617,1.00066,1,1
0,5195.58,3.3341e+07,0.524597,0.517142,1.31572,0.76004,620527,0,0.00149536,1.00003,0,0,1.13572e+08,0.74115,0.745769,1.99624,1.08617,1.00066,1,1
0,5219.25,3.37663e+07,0.536896,0.506519,1.30477,0.766418,610957,0,0.00234985,1.00003,0,0,1.13824e+08,0.74292,0.722423,1.99624,1.08617,1.00066,1,1
0,5062.72,3.23908e+07,0.575287,0.462545,1.2717,0.786346,922124,0,0.00524902,1.00003,0,0,1.15375e+08,0.765045,0.758683,1.5972,1.0615,1,1,1
0,4914.97,2.72985e+07,0.472748,0.505509,1.3608,0.734863,745101,0,0.000854492,1.00003,0,0,1.1216e+08,0.706818,0.708143,1.48332,1.26235,1,1,1
0,5771.52,5.85922e+07,0.543945,0.494121,1.29805,0.770386,832454,0,0.0015564,1.00003,0,0,1.32461e+08,0.746704,0.751302,1.78404,1.3857,1,1,1
0,5508.47,5.18086e+07,0.542145,0.496676,1.2997,0.769409,850462,0,0.000671387,1.00003,0,0,1.24792e+08,0.749023,0.734644,2.11107,1.19622,1.00006,1,1
0,6485.09,1.13414e+08,0.791626,0.546135,1.1235,0.890076,597635,0,0.0783691,1.00003,0,0,1.93265e+08,0.862488,0.90844,1.71176,1.05505,1,1,1
0,6593.86,1.35582e+08,0.930359,0.19007,1.03631,0.964966,3.26131e+06,0,0.00933838,1.00003,0,0,2.10792e+08,0.943237,0.961018,2.28195,1,1,1,1
0,6635.5,1.41672e+08,0.972565,0.119394,1.01402,0.986176,1.02835e+06,0,0.0166016,1.00003,0,0,2.15355e+08,0.983948,0.995132,1.89215,1.00001,1,1,1.0008
0,4397.69,1.63529e+07,0.999878,0.0078125,1.00006,0.999939,2.4899e+06,0,0.000244141,1.00003,0,0,1.44095e+08,0.999878,0.999585,1.5512,1.00001,1,1,1
0,4484.62,2.33462e+07,1,0,1,1,205892,0,6.10352e-05,1.00003,0,0,1.46952e+08,0.999939,0.999636,2.93823,1,1,1,1
0,4288.22,1.09597e+07,0.999634,0.0135316,1.00018,0.999817,7.95824e+06,0,0.000579834,1.00003,0,0,1.40492e+08,0.999573,0.999529,1.16739,1.16961,1,1,1
0,4405.38,1.80792e+07,0.999817,0.00956832,1.00009,0.999908,8.47428e+06,0,0,1.00003,0,0,1.44343e+08,0.999664,0.99968,1.16739,1.16961,1,1,1
0,21083.2,7.37601e+08,0.991852,0.272018,1.00617,0.993866,1.84377e+06,0,0.0377808,1.00003,0,0,6.90008e+08,0.993042,0.992451,1.16739,1.16961,1,1,1
0,4399.62,1.79018e+07,0.999481,0.0183224,1.00027,0.999725,245369,0,0.00195312,1.00003,0,0,1.4413e+08,0.999481,0.999406,1.16739,1.16961,1,1,1
0,4553.38,2.66761e+07,0.999756,0.0110485,1.00012,0.999878,281981,0,0.000671387,1.00003,0,0,1.49189e+08,0.999634,0.999076,1.1472,1.11874,1.00001,1,1
0,4243.75,5.1071e+06,0.999451,0.0206708,1.00031,0.999695,302546,0,0.00012207,1.00003,0,0,1.39018e+08,0.999451,0.998946,1.16739,1.16961,1,1,1
0,15214.6,5.49886e+08,0.995361,0.144043,1.00331,0.996704,1.32297e+06,0,0.00128174,1.00003,0,0,4.98114e+08,0.996124,0.997717,1.16739,1.16961,1,1,1
0,5040.98,4.87379e+07,0.999207,0.019918,1.0004,0.999603,410385,0,0.000915527,1.00003,0,0,1.65118e+08,0.999329,0.998928,1.16739,1.16961,1,1,1
0,7139.34,1.75791e+08,0.998718,0.047212,1.00089,0.999115,639985,0,0.000335693,1.00003,0,0,2.33827e+08,0.998535,0.998958,1.14594,1.11915,1.00113,1,1
0,4132.33,1.63528e+06,1,0,1,1,348897,0,9.15527e-05,1.00003,0,0,1.35408e+08,0.999878,0.999704,1.16739,1.16961,1,1,1
0,7898.05,2.1776e+08,0.999268,0.0259131,1.00043,0.999573,799047,0,0.000183105,1.00003,0,0,2.58746e+08,0.999268,0.999516,1.52988,1,1,1,1
0,12968.2,4.50355e+08,0.98465,0.193878,1.00958,0.990509,1.15298e+06,0,0.0078125,1.00003,0,0,4.23058e+08,0.989349,0.994484,1.09133,1.00004,1,1,1
0,12914,4.60204e+08,0.997559,0.0963898,1.00183,0.998169,366078,0,0.00149536,1.00003,0,0,4.22925e+08,0.997528,0.99816,1.09133,1.00004,1,1,1
0,6305.78,1.29573e+08,0.999146,0.0398436,1.00061,0.99939,431955,0,0.0010376,1.00003,0,0,2.06546e+08,0.998871,0.999345,1.09133,1.00004,1,1,1
0,4154.97,3.09073e+06,0.999634,0.0135316,1.00018,0.999817,433632,0,3.05176e-05,1.00003,0,0,1.36125e+08,0.999573,0.999481,1.09133,1.00004,1,1,1
0,4256.41,6.22249e+06,0.999634,0.0135316,1.00018,0.999817,343234,0,0.00445557,1.00003,0,0,1.39449e+08,0.999573,0.999138,1.09133,1.00004,1,1,1
0,10566.4,3.46246e+08,0.996552,0.157515,1.00278,0.997223,368180,0,0.171234,1.00003,0,0,3.45867e+08,0.996765,0.999425,1.09133,1.00004,1,1,1
0,4189.11,5.39726e+06,1,0,1,1,475318,0,0.000549316,1.00003,0,0,1.37269e+08,1,0.999822,1.09133,1.00004,1,1,1
0,4114.33,963704,1,0,1,1,546917,0,0.028595,1.00003,0,0,1.34818e+08,0.999878,0.999801,1.09133,1.00004,1,1,1
0,6115.03,9.10116e+07,0.453461,0.495697,1.37768,0.725861,1.54447e+06,0,0.292084,1.00003,0,0,1.47977e+08,0.710083,0.996763,1.09133,1.00004,1,1,1
0,7068.17,1.38254e+08,0.550018,0.508199,1.29364,0.77301,1.7041e+06,0,0.219818,1.00003,0,0,1.74876e+08,0.753204,0.96782,1.09133,1.00004,1,1,1
0,4462.17,1.10671e+07,0.837463,0.296163,1.08914,0.918152,1.13737e+06,0,0.0592041,1.00003,0,0,1.27936e+08,0.897491,0.922029,1.09133,1.00004,1,1,1
0,4409.47,9.79571e+06,0.865082,0.267217,1.07285,0.932098,1.13601e+06,0,0.020752,1.00003,0,0,1.29175e+08,0.919556,0.934223,1.09133,1.00004,1,1,1
0,4399.28,1.76732e+07,0.998779,0.0475338,1.00079,0.999207,277429,0,0.00140381,1.00003,0,0,1.44049e+08,0.999054,0.99904,2.15125,1,1,1,1
0,5327.08,7.03685e+07,0.995697,0.162326,1.00321,0.996796,479489,0,0.000946045,1.00003,0,0,1.74128e+08,0.996643,0.999901,1.61588,1,1,1,1
0,4100.11,95319.1,0.999451,0.0390685,1.00043,0.999573,186812,0,0.000213623,1.00003,0,0,1.34295e+08,0.999359,0.998804,3.02908,1,1,1,1
0,4100.62,169451,0.999603,0.0165732,1.00021,0.999786,163152,0,0,1.00003,0,0,1.34341e+08,0.999664,0.998685,3.02908,1,1,1,1
0,5559,8.74719e+07,0.999634,0.0220984,1.00024,0.999756,1.36045e+06,0,9.15527e-05,1.00003,0,0,1.82125e+08,0.99942,0.999628,3.02908,1,1,1,1
0,4100.75,170985,0.999634,0.0135316,1.00018,0.999817,1.36122e+06,0,9.15527e-05,1.00003,0,0,1.34349e+08,0.999542,0.999364,3.02908,1,1,1,1
0,4438.08,2.0467e+07,0.999634,0.0135316,1.00018,0.999817,84940.1,0,0.86734,1.00003,0,0,1.45491e+08,0.998932,0.993316,3.02908,1,1,1,1
0,63884.6,8.10791e+07,0.999023,0.0317384,1.00058,0.99942,2.30534e+06,0,0.000335693,1.00003,0,0,2.09329e+09,0.999268,0.998842,2.1402,1.03399,1.00378,1.00067,1.06619
0,64276.2,6.37341e+07,0.998932,0.0417161,1.0007,0.999298,2.18208e+06,0,0.000335693,1.00003,0,0,2.10611e+09,0.999054,0.999382,1.02345,1,1,1,1
0,56032.2,4.34852e+08,0.975952,0.137052,1.01276,0.987396,2.11602e+06,0,0.0117493,1.00003,0,0,1.8332e+09,0.986298,0.998945,1.06972,1,1,1,1
0,52348.5,6.00611e+08,0.953888,0.798144,1.0276,0.973145,6.4141e+06,0,0.0126343,1.00003,0,0,1.70132e+09,0.970093,0.985307,1.04926,1,1,1,1
0,61271,2.02577e+08,0.998138,0.0442048,1.0011,0.998901,3.28406e+06,0,0,1.00003,0,0,2.00749e+09,0.998291,0.997666,1.06817,1,1,1,1
0,63919.9,9.09852e+07,0.994965,0.0563494,1.00263,0.997375,2.86286e+06,0,0,1.00003,0,0,2.09378e+09,0.997375,0.997223,1.06817,1,1,1,1
0,65431.8,5.89936e+06,0.999512,0.0287078,1.00034,0.999664,1.23341e+06,0,0,1.00003,0,0,2.14402e+09,0.99939,0.999015,1.06817,1,1,1,1
0,61052.8,2.34693e+08,0.989777,0.105251,1.00565,0.994385,2.59707e+06,0,0,1.00003,0,0,1.99971e+09,0.994232,0.993806,1.06817,1,1,1,1
0,65467.4,3.9077e+06,0.999451,0.0390685,1.00043,0.999573,1.13245e+06,0,0,1.00003,0,0,2.14518e+09,0.999573,0.999471,1.06817,1,1,1,1
0,65420.5,5.74955e+06,0.999878,0.0078125,1.00006,0.999939,2.21571e+06,0,0,1.00003,0,0,2.14369e+09,0.999939,0.999487,1.06817,1,1,1,1
0,65381.3,8.74793e+06,0.999451,0.0165728,1.00027,0.999725,2.07741e+06,0,0,1.00003,0,0,2.14238e+09,0.999481,0.999342,1.06817,1,1,1,1
0,65521.7,668403,1,0,1,1,4.24175e+06,0,0,1.00003,0,0,2.14701e+09,1,0.999604,1.06817,1,1,1,1
0,65527.1,370672,1,0,1,1,0,0,0,1.00003,0,0,2.14719e+09,1,0.999949,1.06817,1,1,1,1
0,65476.8,3.30369e+06,0.999451,0.0336072,1.0004,0.999603,868351,0,0,1.00003,0,0,2.14549e+09,0.999451,0.999359,1.06817,1,1,1,1
0,65493.2,2.34962e+06,0.999695,0.0174699,1.00018,0.999817,1.10071e+06,0,0,1.00003,0,0,2.14606e+09,0.999664,0.999674,1.06817,1,1,1,1
0,65458.8,4.4215e+06,0.999207,0.0560795,1.00064,0.999359,1.36973e+06,0,0,1.00003,0,0,2.14487e+09,0.999237,0.999378,1.06817,1,1,1,1
0,65474.3,3.47804e+06,0.999451,0.0336072,1.0004,0.999603,1.29925e+06,0,0,1.00003,0,0,2.14541e+09,0.999451,0.9994,1.06817,1,1,1,1
0,65461.8,4.16164e+06,0.999634,0.0220984,1.00024,0.999756,871982,0,6.10352e-05,1.00003,0,0,2.14502e+09,0.999481,0.999326,1.06817,1,1,1,1
0,65367,9.6722e+06,0.998657,0.0898014,1.0011,0.998901,2.8316e+06,0,6.10352e-05,1.00003,0,0,2.14179e+09,0.998627,0.998821,1.06817,1,1,1,1
0,65066.4,2.48674e+07,0.999268,0.0227782,1.0004,0.999603,3.18815e+06,0,0,1.00003,0,0,2.13204e+09,0.999603,0.99935,1.06817,1,1,1,1
0,63924.6,7.47659e+07,0.999512,0.0199189,1.00027,0.999725,4.09612e+06,0,0,1.00003,0,0,2.09464e+09,0.999512,0.998523,1.71235,1.01999,1.00222,1.00039,1.03894
0,65494.5,2.35223e+06,0.999634,0.0220984,1.00024,0.999756,1.3251e+06,0,0,1.00003,0,0,2.14609e+09,0.999756,0.999729,1.06817,1,1,1,1
0,32213.5,9.34826e+08,0.950165,0.160786,1.0257,0.974945,3.37379e+06,0,0.00320435,1.00003,0,0,1.05086e+09,0.972748,0.976813,1.06817,1,1,1,1
0,40987.3,8.76916e+08,0.84671,0.282524,1.08356,0.922882,3.79364e+06,0,0.00622559,1.00003,0,0,1.32221e+09,0.911987,0.918499,1.06817,1,1,1,1
0,63656.9,9.69328e+07,0.999451,0.0292348,1.00037,0.999634,3.77668e+06,0,0,1.00003,0,0,2.08585e+09,0.998749,0.999576,1.06817,1,1,1,1
0,53208,5.6191e+08,0.976868,0.127976,1.01214,0.988007,3.65584e+06,0,0.000640869,1.00003,0,0,1.74048e+09,0.982849,0.98342,1.06817,1,1,1,1
0,46236.8,8.02677e+08,0.858398,0.267442,1.07637,0.929047,2.73241e+06,0,0.00149536,1.00003,0,0,1.49899e+09,0.913788,0.913252,1.06817,1,1,1,1
0,44787,8.32193e+08,0.80069,0.317254,1.11101,0.900085,2.3695e+06,0,0.000854492,1.00003,0,0,1.44742e+09,0.877808,0.893236,1.06817,1,1,1,1
0,49223,7.15339e+08,0.89505,0.249518,1.05649,0.946533,3.02805e+06,0,0.000305176,1.00003,0,0,1.60032e+09,0.936066,0.945455,1.06817,1,1,1,1
0,26882.5,7.42231e+08,0.801025,0.329925,1.11134,0.899811,3.31755e+06,0,0.00427246,1.00003,0,0,8.57378e+08,0.887482,0.895529,1.06817,1,1,1,1
0,18869.9,5.74554e+08,0.919617,0.229879,1.0427,0.959045,4.0806e+06,0,0.00152588,1.00003,0,0,6.08052e+08,0.953766,0.953763,1.06817,1,1,1,1
0,16977,5.14611e+08,0.913696,0.241076,1.04607,0.955963,4.01735e+06,0,0.000457764,1.00003,0,0,5.46991e+08,0.951263,0.951392,1.06817,1,1,1,1
0,55238,4.12962e+08,0.994965,0.0856574,1.003,0.997009,5.40406e+06,0,0.000823975,1.00003,0,0,1.80959e+09,0.996094,0.996744,1.06817,1,1,1,1
0,55654.4,4.5632e+08,0.981445,0.15543,1.01027,0.989838,5.02602e+06,0,0.00128174,1.00003,0,0,1.82184e+09,0.988983,0.991978,1.06817,1,1,1,1
0,55765.7,4.975e+08,0.993958,0.118388,1.0038,0.996216,4.32429e+06,0,0.000610352,1.00003,0,0,1.8268e+09,0.995453,0.99664,1.06817,1,1,1,1
0,64517.9,5.60145e+07,0.996063,0.107086,1.00266,0.997345,3.40625e+06,0,0.000427246,1.00003,0,0,2.11375e+09,0.996765,0.996758,1.06237,1,1,1,1
0,58209.9,3.78463e+08,0.99173,0.114461,1.00485,0.995178,7.27147e+06,0,0.000854492,1.00003,0,0,1.90668e+09,0.994659,0.990094,1.06817,1,1,1,1
0,63434.4,1.14985e+08,0.989166,0.0783406,1.00555,0.994476,2.05547e+06,0,0.000213623,1.00003,0,0,2.07782e+09,0.99411,0.998134,1.06817,1,1,1,1
0,49203.5,6.32277e+08,0.969421,0.171417,1.0165,0.983765,5.41271e+06,0,0.0027771,1.00003,0,0,1.60889e+09,0.981934,0.993813,1.06817,1,1,1,1
0,48959.6,7.12161e+08,0.972809,0.183724,1.01483,0.985382,3.91417e+06,0,0.00195312,1.00003,0,0,1.60198e+09,0.983826,0.984188,1.08748,1,1,1,1
0,10631.7,7.93416e+07,0.97348,0.146297,1.01411,0.986084,4.96535e+06,0,0.00140381,1.00003,0,0,3.46451e+08,0.983215,0.98414,1.06817,1,1,1,1
0,38542.2,7.51437e+08,0.986633,0.13065,1.00747,0.992584,7.15706e+06,0,0.00161743,1.00003,0,0,1.2619e+09,0.991699,0.994031,1.06817,1,1,1,1
0,48835.8,6.01384e+08,0.990875,0.115134,1.00525,0.994781,6.79897e+06,0,0.00149536,1.00003,0,0,1.59948e+09,0.993774,0.995162,1.06817,1,1,1,1
0,38362.2,8.91694e+08,0.98642,0.142367,1.00772,0.99234,6.60907e+06,0,0.00350952,1.00003,0,0,1.2559e+09,0.990387,0.991957,1.06817,1,1,1,1
0,64658.3,4.90187e+07,0.996765,0.0918493,1.00214,0.997864,3.35653e+06,0,0.000915527,1.00003,0,0,2.11843e+09,0.997711,0.992677,1.15403,1.03576,1,1,1
0,63625.2,1.01415e+08,0.996582,0.0903405,1.00223,0.997772,3.22694e+06,0,0.00152588,1.00003,0,0,2.08457e+09,0.997101,0.97996,1.15403,1.03576,1,1,1
0,63021.2,1.36097e+08,0.990265,0.122498,1.00552,0.994507,2.35243e+06,0,0.00360107,1.00003,0,0,2.06431e+09,0.993896,0.998339,1.06817,1,1,1,1
0,64398.4,6.08873e+07,0.997131,0.0793397,1.00183,0.998169,2.84265e+06,0,0.00125122,1.00003,0,0,2.10994e+09,0.99765,0.996645,1.06817,1,1,1,1
0,14828.1,3.39189e+08,0.944763,0.190222,1.02892,0.971893,5.07757e+06,0,0.000823975,1.00003,0,0,4.81985e+08,0.969513,0.973536,1.06817,1,1,1,1
0,59348.9,3.11225e+08,0.986115,0.109809,1.00744,0.992615,6.77064e+06,0,0.0022583,1.00003,0,0,1.94285e+09,0.991364,0.992204,1.06817,1,1,1,1
0,63277,1.16793e+08,0.989777,0.157595,1.00639,0.993652,4.29363e+06,0,0.000946045,1.00003,0,0,2.07234e+09,0.993286,0.994799,1.06817,1,1,1,1
0,61152.7,2.23593e+08,0.994476,0.0938459,1.00325,0.996765,5.79157e+06,0,0.000488281,1.00003,0,0,2.00327e+09,0.996216,0.996447,1.06817,1,1,1,1
0,64733.7,4.41936e+07,0.997955,0.0382785,1.0011,0.998901,4.54065e+06,0,0.000335693,1.00003,0,0,2.12099e+09,0.998657,0.998151,1.06817,1,1,1,1
0,64199.1,7.26509e+07,0.995026,0.0627707,1.00266,0.997345,5.12422e+06,0,0.00119019,1.00003,0,0,2.10326e+09,0.997162,0.998287,1.06817,1,1,1,1
0,64497.5,5.99438e+07,0.991119,0.0728926,1.0046,0.995422,2.4489e+06,0,0.00134277,1.00003,0,0,2.11284e+09,0.9953,0.994121,1.06817,1,1,1,1
0,64185.2,8.0354e+07,0.986969,0.0943123,1.00679,0.993256,1.35004e+06,0,0.00195312,1.00003,0,0,2.10224e+09,0.990387,0.995121,1.06817,1,1,1,1
0,58299.3,3.54731e+08,0.996796,0.0714326,1.00199,0.998016,8.02404e+06,0,0.000396729,1.00003,0,0,1.91009e+09,0.997467,0.997064,1.06817,1,1,1,1
0,65105.5,2.55535e+07,0.998077,0.0521333,1.00119,0.99881,2.39548e+06,0,0.000640869,1.00003,0,0,2.13321e+09,0.998383,0.999024,1.06817,1,1,1,1
0,65336.7,1.06447e+07,0.999298,0.0281711,1.00043,0.999573,2.86982e+06,0,0.00012207,1.00003,0,0,2.14089e+09,0.999451,0.998769,1.08141,1.01509,1.00079,1,1
0,65445.8,5.25432e+06,0.999634,0.0135316,1.00018,0.999817,3.98057e+06,0,0,1.00003,0,0,2.1445e+09,0.999695,0.999653,1.06817,1,1,1,1
0,65433.1,6.00708e+06,1,0,1,1,3.61445e+06,0,0,1.00003,0,0,2.14411e+09,0.999939,1,1.06817,1,1,1,1
0,64851.4,3.41417e+07,0.999573,0.0227786,1.00027,0.999725,8.43048e+06,0,0,1.00003,0,0,2.12501e+09,0.999725,0.998568,1.06878,1.0028,1,1.00006,1.00001
0,65025.3,2.65731e+07,0.999359,0.027624,1.0004,0.999603,6.76382e+06,0,0,1.00003,0,0,2.13069e+09,0.99942,0.999056,1.06817,1,1,1,1
0,65186.4,1.78666e+07,0.999817,0.00956832,1.00009,0.999908,8.44441e+06,0,0,1.00003,0,0,2.13602e+09,0.999908,0.999679,1.06817,1,1,1,1
0,62945.8,1.43871e+08,0.996002,0.0552604,1.00214,0.997864,6.89284e+06,0,6.10352e-05,1.00003,0,0,2.06229e+09,0.997711,0.995878,1.06817,1,1,1,1
0,61857.5,2.09173e+08,0.993195,0.0729122,1.00361,0.996399,5.96557e+06,0,0.000457764,1.00003,0,0,2.02636e+09,0.995422,0.994765,1.11868,1.01775,1.00065,1,1.0007
0,65515.6,1.22339e+06,0.999878,0.0078125,1.00006,0.999939,2.48433e+06,0,3.05176e-05,1.00003,0,0,2.14681e+09,0.999817,0.999746,1.06817,1,1,1,1
0,59836.8,3.02094e+08,0.985321,0.115669,1.00784,0.992218,5.30221e+06,0,0.000610352,1.00003,0,0,1.95892e+09,0.991394,0.97825,1.15985,1.03605,1.00079,1,1
0,65470.9,3.85465e+06,0.999542,0.0213966,1.00027,0.999725,2.73131e+06,0,0,1.00003,0,0,2.14531e+09,0.99942,0.999305,1.06817,1,1,1,1
0,65436.1,5.81489e+06,0.999695,0.0123526,1.00015,0.999847,4.57233e+06,0,0,1.00003,0,0,2.14419e+09,0.999725,0.999552,1.06817,1,1,1,1
0,65346.4,1.08632e+07,0.99942,0.0227785,1.00034,0.999664,6.27866e+06,0,6.10352e-05,1.00003,0,0,2.14123e+09,0.999542,0.999267,1.06817,1,1,1,1
0,65418.2,6.9048e+06,0.999481,0.0312536,1.00037,0.999634,6.82768e+06,0,0,1.00003,0,0,2.14358e+09,0.999451,0.999428,1.15403,1.03576,1,1,1
0,7006.86,1.01827e+08,0.411163,5.57941,1.71884,0.581787,668637,0,0.0977478,1.00003,0,0,1.43564e+08,0.560211,0.465789,1.88346,1.00981,1.04581,1,1
0,51359.2,5.93407e+08,0.919098,2.30513,1.0608,0.942688,2225.67,0,0.0043335,1.00003,0,0,1.66851e+09,0.941956,0.969542,1,1,1,1,1
0,47530.3,6.84663e+08,0.974792,0.114838,1.01286,0.987305,9060.05,0,0.0039978,1.00003,0,0,1.55435e+09,0.984497,1,1,1,1,1,1
0,56053,4.41478e+08,0.991333,0.0681151,1.00441,0.995605,12107.9,0,0.000762939,1.00003,0,0,1.83573e+09,0.990601,0.999975,1,1,1,1,1
0,64817,3.4347e+07,0.999542,0.0213966,1.00027,0.999725,41908,0,9.15527e-05,1.00003,0,0,2.12389e+09,0.999603,1,1,1,1,1,1
0,63136.8,1.29814e+08,0.996582,0.0448842,1.00177,0.99823,44822.7,0,0.000640869,1.00003,0,0,2.06856e+09,0.998108,1,1,1,1,1,1
0,65182.3,1.6133e+07,0.999817,0.00956832,1.00009,0.999908,40533.6,0,0,1.00003,0,0,2.13588e+09,0.999786,0.999971,1,1,1,1,1
0,65396.1,7.5956e+06,0.999603,0.020671,1.00024,0.999756,25701.4,0,6.10352e-05,1.00003,0,0,2.14287e+09,0.999573,1,1,1,1,1,1
0,65311,1.11689e+07,0.999573,0.0191374,1.00024,0.999756,28028.9,0,0,1.00003,0,0,2.14008e+09,0.999603,1,1,1,1,1,1
0,64443.1,5.28234e+07,0.999451,0.0206708,1.00031,0.999695,24351.2,0,0,1.00003,0,0,2.11163e+09,0.999512,1,1,1,1,1,1
0,64624.5,4.3323e+07,0.998383,0.0424423,1.00095,0.999054,52891.2,0,0.000274658,1.00003,0,0,2.11745e+09,0.998779,0.999615,1,1,1,1,1
0,62996.1,1.13823e+08,0.996796,0.0515424,1.00174,0.99826,10189,0,0.000366211,1.00003,0,0,2.06398e+09,0.997864,0.999839,1,1,1,1,1
0,60741.5,2.4793e+08,0.99173,0.0751763,1.00432,0.995697,14320.8,0,0.000854492,1.00003,0,0,1.98708e+09,0.994476,1,1,1,1,1,1
0,64691.8,4.00232e+07,0.999023,0.03665,1.00061,0.99939,16021.6,0,9.15527e-05,1.00003,0,0,2.11971e+09,0.999115,0.999934,1,1,1,1,1
0,65059.9,2.59466e+07,0.999207,0.0302611,1.00049,0.999512,40217.5,0,6.10352e-05,1.00003,0,0,2.13182e+09,0.99939,1,1,1,1,1,1
0,64707.5,3.76698e+07,0.999542,0.0213966,1.00027,0.999725,30818.8,0,0,1.00003,0,0,2.1203e+09,0.999512,1,1,1,1,1,1
0,65147,1.68681e+07,1,0,1,1,0,0,0,1.00003,0,0,2.13474e+09,1,1,1,1,1,1,1
0,65486.5,2.89547e+06,0.999664,0.019919,1.00021,0.999786,22967.2,0,3.05176e-05,1.00003,0,0,2.14583e+09,0.999634,1,1,1,1,1,1
0,65469.1,3.82074e+06,0.999146,0.0427995,1.00061,0.99939,9174.27,0,0.000213623,1.00003,0,0,2.14521e+09,0.999207,0.999775,1,1,1,1,1
0,65498.9,2.04734e+06,0.999573,0.0191374,1.00024,0.999756,12381.7,0,3.05176e-05,1.00003,0,0,2.14624e+09,0.999573,1,1,1,1,1,1
0,65485.4,2.83665e+06,0.999298,0.0281711,1.00043,0.999573,16966.3,0,9.15527e-05,1.00003,0,0,2.14577e+09,0.99942,0.999972,1,1,1,1,1
0,65453.9,4.39718e+06,0.999481,0.0264958,1.00034,0.999664,13378.2,0,0.000274658,1.00003,0,0,2.14474e+09,0.999451,0.999941,1,1,1,1,1
0,64460,4.86059e+07,0.999237,0.0378788,1.00052,0.999481,135188,0,0.000335693,1.00003,0,0,2.11215e+09,0.999237,0.99991,1,1,1,1,1
0,63755.5,7.67307e+07,0.999817,0.00956832,1.00009,0.999908,344819,0,0,1.00003,0,0,2.08913e+09,0.999786,1,1,1,1,1,1
0,65529.2,345042,1,0,1,1,42826.5,0,0,1.00003,0,0,2.14726e+09,1,1,1,1,1,1,1
0,65393.4,6.95395e+06,1,0,1,1,0,0,0,1.00003,0,0,2.14281e+09,1,1,1,1,1,1,1
0,64796.4,3.64163e+07,0.999054,0.0264953,1.00052,0.999481,22857.3,0,0.000213623,1.00003,0,0,2.12317e+09,0.999481,0.999811,1,1,1,1,1
0,64873.9,3.40527e+07,0.999207,0.0413476,1.00055,0.999451,230601,0,0.000183105,1.00003,0,0,2.12572e+09,0.999237,0.999806,1,1,1,1,1
0,65264,1.49954e+07,0.999298,0.0424406,1.00052,0.999481,150530,0,9.15527e-05,1.00003,0,0,2.1385e+09,0.999268,0.999695,1,1,1,1,1
0,65335.5,9.29276e+06,0.999878,0.0078125,1.00006,0.999939,329484,0,0,1.00003,0,0,2.14091e+09,0.999756,0.999949,1,1,1,1,1
0,64232,5.75047e+07,0.999268,0.0259131,1.00043,0.999573,153462,0,0,1.00003,0,0,2.1047e+09,0.99939,0.999597,1,1,1,1,1
0,64703.3,4.17315e+07,0.998657,0.0488024,1.00086,0.999146,146617,0,9.15527e-05,1.00003,0,0,2.12008e+09,0.998962,0.999598,1,1,1,1,1
0,65434.7,5.07534e+06,0.999634,0.0220984,1.00024,0.999756,103475,0,0,1.00003,0,0,2.14413e+09,0.999634,0.999817,1,1,1,1,1
0,65523,734039,1,0,1,1,26774.7,0,0,1.00003,0,0,2.14706e+09,0.999878,1,1,1,1,1,1
0,65511.4,1.12903e+06,1,0,1,1,0,0,0,1.00003,0,0,2.14668e+09,1,1,1,1,1,1,1
0,65349.7,9.12042e+06,0.999451,0.0206708,1.00031,0.999695,51768.2,0,3.05176e-05,1.00003,0,0,2.14134e+09,0.999573,0.999923,1,1,1,1,1
0,65440.1,4.97265e+06,0.999603,0.0165732,1.00021,0.999786,15205.2,0,6.10352e-05,1.00003,0,0,2.14431e+09,0.999603,1,1,1,1,1,1
0,64482.8,4.64497e+07,0.99939,0.0213964,1.00034,0.999664,14516.9,0,3.05176e-05,1.00003,0,0,2.11293e+09,0.999512,1,1,1,1,1,1
0,64501,4.81797e+07,0.998627,0.033607,1.00076,0.999237,12151.1,0,0.000213623,1.00003,0,0,2.11346e+09,0.999084,0.999826,1,1,1,1,1
0,64215.8,6.08481e+07,0.998108,0.0468879,1.0011,0.998901,9830.08,0,0.000488281,1.00003,0,0,2.10407e+09,0.998444,0.99994,1,1,1,1,1
0,64281.1,6.04215e+07,0.99765,0.0518397,1.00134,0.998657,16232.4,0,0.000488281,1.00003,0,0,2.10616e+09,0.997833,0.999852,1,1,1,1,1
0,63829,8.88033e+07,0.996582,0.0584881,1.0019,0.998108,8787.44,0,0.000427246,1.00003,0,0,2.09119e+09,0.99765,1,1,1,1,1,1
0,59729,2.79863e+08,0.994843,0.0672413,1.00282,0.997192,7044.68,0,0.000793457,1.00003,0,0,1.95656e+09,0.996674,0.999953,1,1,1,1,1
0,59975,2.69347e+08,0.995361,0.0646922,1.00254,0.997467,8280.31,0,0.000579834,1.00003,0,0,1.96468e+09,0.996826,1,1,1,1,1,1
0,65420.4,6.0071e+06,0.999756,0.0110485,1.00012,0.999878,13270.9,0,0,1.00003,0,0,2.14368e+09,0.999695,1,1,1,1,1,1
0,65481,3.00965e+06,1,0,1,1,175974,0,0,1.00003,0,0,2.14568e+09,0.999756,1,1,1,1,1,1
0,64876.3,2.98596e+07,0.999481,0.0183224,1.00027,0.999725,29805.8,0,3.05176e-05,1.00003,0,0,2.12583e+09,0.999695,0.999916,1,1,1,1,1
0,64160.8,7.29367e+07,0.998291,0.0317362,1.00089,0.999115,100351,0,0.000671387,1.00003,0,0,2.10223e+09,0.998718,1,1,1,1,1,1
0,65521.2,771045,1,0,1,1,20475.3,0,6.10352e-05,1.00003,0,0,2.147e+09,0.999939,1,1,1,1,1,1
0,65456.2,3.63569e+06,1,0,1,1,42576,0,0,1.00003,0,0,2.14487e+09,1,1,1,1,1,1,1
0,64722.4,4.28623e+07,0.998596,0.0317375,1.00076,0.999237,283128,0,0.000396729,1.00003,0,0,2.12068e+09,0.998962,0.999939,1,1,1,1,1
0,65197.2,1.77393e+07,0.999634,0.0220984,1.00024,0.999756,302665,0,0.000396729,1.00003,0,0,2.13631e+09,0.999054,1,1,1,1,1,1
0,61617,1.56698e+08,0.999451,0.0292348,1.00037,0.999634,81931,0,0.000396729,1.00003,0,0,2.01899e+09,0.999176,0.999954,1,1,1,1,1
0,65353.7,9.44607e+06,0.999695,0.0174699,1.00018,0.999817,21595.1,0,0.000244141,1.00003,0,0,2.14149e+09,0.999634,1,1,1,1,1,1
0,65294.4,1.19186e+07,0.999603,0.0253174,1.00027,0.999725,29315.4,0,0.000305176,1.00003,0,0,2.1395e+09,0.99942,0.999947,1,1,1,1,1
0,64951,2.78707e+07,0.999573,0.0191374,1.00024,0.999756,240894,0,0.000305176,1.00003,0,0,2.12825e+09,0.99939,1,1,1,1,1,1
0,64220,5.4836e+07,1,0,1,1,0,0,0,1.00003,0,0,2.10436e+09,1,1,1,1,1,1,1
0,62079,1.97204e+08,0.997742,0.0413471,1.00122,0.998779,15298.8,0,0.000396729,1.00003,0,0,2.03323e+09,0.998199,0.999877,1,1,1,1,1
0,61666.9,2.11305e+08,0.99884,0.0297517,1.00064,0.999359,20961.1,0,6.10352e-05,1.00003,0,0,2.0196e+09,0.998444,1,1,1,1,1,1
0,60497.6,2.21297e+08,0.999207,0.0264956,1.00046,0.999542,25109.3,0,6.10352e-05,1.00003,0,0,1.98136e+09,0.998505,1,1,1,1,1,1
0,61126.7,2.40201e+08,0.997864,0.0370616,1.00113,0.998871,27985.7,0,0.000305176,1.00003,0,0,2.00185e+09,0.998047,1,1,1,1,1,1
0,65483.6,3.02778e+06,0.999695,0.0174699,1.00018,0.999817,38289.8,0,0,1.00003,0,0,2.14574e+09,0.999695,1,1,1,1,1,1
0,65492.7,2.50041e+06,0.999634,0.0183226,1.00021,0.999786,57500.5,0,0.000335693,1.00003,0,0,2.14604e+09,0.999603,1,1,1,1,1,1
0,65530.4,290272,1,0,1,1,12385,0,6.10352e-05,1.00003,0,0,2.1473e+09,0.999939,1,1,1,1,1,1
0,57557.4,3.68151e+08,0.99881,0.036231,1.0007,0.999298,26365.2,0,0.000823975,1.00003,0,0,1.88594e+09,0.999176,1,1,1,1,1,1
0,25407.4,8.8417e+08,0.994202,0.0552457,1.00294,0.99707,44278.4,0,0.00152588,1.00003,0,0,8.32113e+08,0.99707,0.997741,1,1,1,1,1
0,36199.9,6.90614e+08,0.996643,0.0637412,1.00193,0.998077,22719.9,0,0.00454712,1.00003,0,0,1.1859e+09,0.996277,0.9995,1,1,1,1,1
0,15147.4,4.93067e+07,0.99884,0.030761,1.00064,0.999359,2.65398e+06,0,0.000915527,1.00003,0,0,4.96257e+08,0.999146,0.999676,1,1,1,1,1
0,55524.3,4.66022e+08,0.999512,0.0287078,1.00034,0.999664,1.6745e+06,0,0.000152588,1.00003,0,0,1.81938e+09,0.99942,0.999553,1,1,1,1,1
0,59677.4,2.60311e+08,0.999084,0.0465588,1.00064,0.999359,1.11127e+06,0,0.000274658,1.00003,0,0,1.95542e+09,0.998993,0.999366,1,1,1,1,1
0,61383.4,1.94931e+08,0.998718,0.0582208,1.00089,0.999115,1.01931e+06,0,0.000488281,1.00003,0,0,2.01129e+09,0.998932,0.999249,1,1,1,1,1
0,58195.2,3.75776e+08,0.995239,0.0544187,1.00248,0.997528,3.2229e+06,0,0.00543213,1.00003,0,0,1.90528e+09,0.992401,0.997306,1,1,1,1,1
0,56538.5,4.51385e+08,0.990265,0.0728818,1.00497,0.995056,62469.1,0,0.00759888,1.00003,0,0,1.85166e+09,0.991516,0.999395,1,1,1,1,1
0,58805.7,3.49326e+08,0.995575,0.051535,1.00229,0.997711,58871.9,0,0.00411987,1.00003,0,0,1.9265e+09,0.995819,0.999078,1,1,1,1,1
0,64661.9,4.48847e+07,0.999573,0.028171,1.00031,0.999695,551014,0,0.000396729,1.00003,0,0,2.1188e+09,0.999573,0.999625,1,1,1,1,1
0,64113.6,5.99923e+07,0.999634,0.0220984,1.00024,0.999756,289109,0,0,1.00003,0,0,2.10084e+09,0.999634,0.999626,1,1,1,1,1
0,64998.1,2.54427e+07,0.999634,0.0220984,1.00024,0.999756,888407,0,0,1.00003,0,0,2.12983e+09,0.999634,0.999678,1,1,1,1,1
0,65071.6,2.29476e+07,0.999603,0.020671,1.00024,0.999756,843208,0,3.05176e-05,1.00003,0,0,2.13223e+09,0.999573,0.999039,1.14538,1.04278,1.00065,1,1.0007
0,65255.7,1.45986e+07,0.999695,0.0174699,1.00018,0.999817,610667,0,0.000152588,1.00003,0,0,2.13828e+09,0.999573,0.999619,1,1,1,1,1
0,63212,9.71911e+07,0.999695,0.0174699,1.00018,0.999817,869180,0,0.000244141,1.00003,0,0,2.07131e+09,0.999542,0.999663,1,1,1,1,1
0,65326.1,1.16284e+07,0.999634,0.0220984,1.00024,0.999756,878055,0,9.15527e-05,1.00003,0,0,2.14057e+09,0.999542,0.999674,1,1,1,1,1
0,64982.6,2.88985e+07,0.999573,0.0227786,1.00027,0.999725,902883,0,0.000183105,1.00003,0,0,2.12931e+09,0.999603,0.99916,1.66463,1.01999,1.00222,1.00039,1.03894
0,64267.5,5.80158e+07,0.999573,0.028171,1.00031,0.999695,1.04768e+06,0,0.000244141,1.00003,0,0,2.10588e+09,0.999512,0.999657,1,1,1,1,1
0,60744.1,2.45311e+08,0.994995,0.0529927,1.00257,0.997437,512098,0,0.000213623,1.00003,0,0,1.98996e+09,0.9953,0.996752,1,1,1,1,1
0,62703.7,1.47524e+08,0.990356,0.0753644,1.00497,0.995056,1.13702e+06,0,3.05176e-05,1.00003,0,0,2.05393e+09,0.993286,0.997153,1,1,1,1,1
0,64490.7,5.60397e+07,0.997833,0.0424413,1.00119,0.99881,178882,0,0.00112915,1.00003,0,0,2.11304e+09,0.998627,0.999269,1,1,1,1,1
0,56252.4,4.05064e+08,0.993042,0.075186,1.00371,0.996307,149633,0,0.00167847,1.00003,0,0,1.84261e+09,0.991669,0.995216,1,1,1,1,1
0,49842.2,7.06403e+08,0.983551,0.105208,1.00856,0.991516,135123,0,0.00170898,1.00003,0,0,1.63012e+09,0.984009,0.989771,1,1,1,1,1
0,46617.8,7.54026e+08,0.997833,0.0424413,1.00119,0.99881,362685,0,0.000183105,1.00003,0,0,1.52737e+09,0.998566,0.998566,1,1,1,1,1
0,55692.3,4.77786e+08,0.991547,0.073108,1.00438,0.995636,192500,0,0.000793457,1.00003,0,0,1.82419e+09,0.994904,0.994932,1,1,1,1,1
0,60579.2,2.43403e+08,0.99762,0.0644541,1.00147,0.998535,182773,0,0.000701904,1.00003,0,0,1.98479e+09,0.996948,0.998667,1,1,1,1,1
0,59559,2.84345e+08,0.997559,0.0462309,1.00134,0.998657,214106,0,0.00180054,1.00003,0,0,1.95136e+09,0.996552,0.997859,1,1,1,1,1
0,62442.8,1.68799e+08,0.990295,0.0823618,1.00509,0.994934,42900.8,0,0.000396729,1.00003,0,0,2.04492e+09,0.992798,0.993357,1,1,1,1,1
0,60867.2,2.4379e+08,0.998535,0.044549,1.00089,0.999115,94747.3,0,0.000244141,1.00003,0,0,1.99436e+09,0.998718,0.999269,1,1,1,1,1
0,63622.1,1.02175e+08,0.99884,0.0270647,1.00061,0.99939,488529,0,0.000274658,1.00003,0,0,2.08468e+09,0.999176,0.999408,1,1,1,1,1
0,59406.2,3.15776e+08,0.988403,0.103927,1.00636,0.993683,217272,0,0.00228882,1.00003,0,0,1.9454e+09,0.992767,0.996275,1,1,1,1,1
0,43537,6.45048e+08,0.986328,0.107549,1.00725,0.992798,162794,0,0.00189209,1.00003,0,0,1.42553e+09,0.991272,0.990881,1,1,1,1,1
0,56751.8,3.78597e+08,0.998871,0.03665,1.00067,0.999329,171608,0,0.00161743,1.00003,0,0,1.85955e+09,0.998413,0.99908,1,1,1,1,1
0,56303.9,3.97968e+08,0.998077,0.040977,1.00107,0.998932,468837,0,0.00119019,1.00003,0,0,1.84482e+09,0.998383,0.998646,1,1,1,1,1
0,48757.6,5.55489e+08,0.996063,0.0649296,1.0022,0.997803,299148,0,0,1.00003,0,0,1.59739e+09,0.99765,0.997632,1,1,1,1,1
0,60700.3,2.21317e+08,0.999237,0.0287079,1.00046,0.999542,1.7663e+06,0,0.00143433,1.00003,0,0,1.98889e+09,0.999084,0.998607,1.02392,1,1,1,1
0,64173.9,6.10711e+07,0.999573,0.028171,1.00031,0.999695,1.61078e+06,0,0,1.00003,0,0,2.10281e+09,0.999573,0.999526,1,1,1,1,1
0,65428.7,5.45841e+06,0.999634,0.0220984,1.00024,0.999756,23441.2,0,3.05176e-05,1.00003,0,0,2.14394e+09,0.999634,0.999649,1,1,1,1,1
0,65054.7,2.17532e+07,0.999695,0.0174699,1.00018,0.999817,592509,0,6.10352e-05,1.00003,0,0,2.13168e+09,0.999634,0.999779,1,1,1,1,1
0,65397.9,7.69405e+06,0.999634,0.0220984,1.00024,0.999756,197951,0,3.05176e-05,1.00003,0,0,2.14293e+09,0.999634,0.999639,1,1,1,1,1
0,38424.2,8.86674e+08,0.855072,2.86575,1.0968,0.911743,1.0323e+06,0,0.00216675,1.00003,0,0,1.24663e+09,0.909454,0.996846,1,1,1,1,1
0,4305.25,6.51289e+06,0.83847,0.312184,1.08864,0.918579,2.03579e+06,0,0.0293274,1.00003,0,0,1.2689e+08,0.913177,0.929282,1,1,1,1,1
0,12162.2,3.96482e+08,0.876678,0.252066,1.06601,0.93808,125555,0,0.258392,1.00003,0,0,3.87718e+08,0.934143,0.89941,1.02881,1.07154,1.01702,1,1
0,4454.25,1.08039e+07,0.868744,0.270351,1.07078,0.933899,136453,0,0.0521545,1.00003,0,0,1.33022e+08,0.932892,0.95048,1.58679,1.00003,1.00019,1.01138,1.00054
0,12134.3,3.91143e+08,0.868652,0.262022,1.07064,0.934021,115233,0,0.264343,1.00003,0,0,3.86112e+08,0.930054,0.918904,1.58679,1.00003,1.00019,1.01138,1.00054
0,4537.02,1.14993e+07,0.841095,0.334425,1.09245,0.915375,156190,0,0.0427856,1.00003,0,0,1.30933e+08,0.907532,0.936744,3.51034,1,1,1,1
0,29915,8.08695e+08,0.880005,1.27292,1.07183,0.932983,5.83083e+06,0,0.0250244,1.00003,0,0,9.64281e+08,0.930756,0.904979,3.22418,1.26759,1.00377,1.01584,1.00857
0,4695.44,3.26068e+07,0.999146,0.0206699,1.00043,0.999573,1.64071e+06,0,0.00106812,1.00003,0,0,1.53786e+08,0.999451,0.99032,1.08201,1.00001,1,1.00208,1.00009
0,4775.25,3.67126e+07,0.999451,0.0165728,1.00027,0.999725,1.30651e+06,0,0.00308228,1.00003,0,0,1.56303e+08,0.996429,0.992812,1.08201,1.00001,1,1.00208,1.00009
0,4455.22,2.09224e+07,1,0,1,1,1.44382e+06,0,0.00143433,1.00003,0,0,1.45989e+08,1,0.988972,1.08201,1.00001,1,1.00208,1.00009
0,4500.7,2.31326e+07,1,0,1,1,1.86452e+06,0,0.00292969,1.00003,0,0,1.47479e+08,0.999908,0.992304,1.08201,1.00001,1,1.00208,1.00009
0,4563.98,2.60409e+07,0.999542,0.0174697,1.00024,0.999756,1.98528e+06,0,0.00283813,1.00003,0,0,1.49405e+08,0.99704,0.992182,1.08201,1.00001,1,1.00208,1.00009
0,43455,8.07509e+08,0.925568,1.80791,1.05564,0.947296,5.87261e+06,0,0.0136414,1.00003,0,0,1.41492e+09,0.937836,0.934186,1.08201,1.00001,1,1.00208,1.00009
0,40780.9,8.35973e+08,0.911041,2.08907,1.06407,0.939789,5.43422e+06,0,0.0157166,1.00003,0,0,1.32471e+09,0.934631,0.932193,1.08201,1.00001,1,1.00208,1.00009
0,36612,8.67715e+08,0.915009,1.70517,1.05881,0.944458,5.02671e+06,0,0.0151978,1.00003,0,0,1.1874e+09,0.939148,0.941099,1.08201,1.00001,1,1.00208,1.00009
0,38000.8,7.58238e+08,0.966309,0.217989,1.01802,0.9823,4.14598e+06,0,0.0193481,1.00003,0,0,1.23505e+09,0.980316,0.980585,1.08201,1.00001,1,1.00208,1.00009
0,32427.2,7.25707e+08,0.956543,0.172227,1.02288,0.977631,1.39603e+06,0,0.0180054,1.00003,0,0,1.04726e+09,0.971802,0.977412,1.08201,1.00001,1,1.00208,1.00009
0,44110,7.15249e+08,0.974823,0.129143,1.01314,0.98703,3.01429e+06,0,0.0177307,1.00003,0,0,1.43868e+09,0.982117,0.990035,1.08201,1.00001,1,1.00208,1.00009
0,37799.3,7.04239e+08,0.973694,0.161865,1.01389,0.986298,5.58798e+06,0,0.00506592,1.00003,0,0,1.22772e+09,0.985199,0.987014,1.08201,1.00001,1,1.00208,1.00009
0,55581.7,3.86683e+08,0.991669,0.084757,1.00444,0.995575,7.66624e+06,0,0.000274658,1.00003,0,0,1.81727e+09,0.995453,0.994439,1.08201,1.00001,1,1.00208,1.00009
0,41867.2,6.3129e+08,0.999207,0.0610344,1.00067,0.999329,7.92676e+06,0,0.000244141,1.00003,0,0,1.37181e+09,0.999207,0.99913,1.09299,1.00006,1,1.00146,1.00029
0,42015.1,6.30308e+08,0.999207,0.0610344,1.00067,0.999329,7.85016e+06,0,0.000213623,1.00003,0,0,1.37666e+09,0.999207,0.999104,1.08201,1.00001,1,1.00208,1.00009
0,51746.6,5.04072e+08,0.999207,0.0506426,1.00061,0.99939,3.69876e+06,0,0.000396729,1.00003,0,0,1.69546e+09,0.999268,0.999049,1.08201,1.00001,1,1.00208,1.00009
0,41851.6,6.33701e+08,0.999176,0.0637275,1.0007,0.999298,5.39054e+06,0,0.000152588,1.00003,0,0,1.3713e+09,0.999176,0.998703,1.08201,1.00001,1,1.00208,1.00009
0,55834.6,3.7662e+08,0.992126,0.0893357,1.00426,0.995758,7.75663e+06,0,0.000183105,1.00003,0,0,1.826e+09,0.995514,0.995731,1.08201,1.00001,1,1.00208,1.00009
0,56326.3,3.5786e+08,0.994934,0.099235,1.00312,0.996887,8.11085e+06,0,0.000549316,1.00003,0,0,1.84387e+09,0.996582,0.995921,1.08201,1.00001,1,1.00208,1.00009
0,50241.5,5.79886e+08,0.978882,0.183831,1.01164,0.988495,4.96319e+06,0,0.0239563,1.00003,0,0,1.64223e+09,0.98465,0.991905,1.08201,1.00001,1,1.00208,1.00009
0,46649.2,6.97006e+08,0.995422,0.0989175,1.00269,0.997314,5.63934e+06,0,0.00680542,1.00003,0,0,1.5265e+09,0.995178,0.995197,1.08201,1.00001,1,1.00208,1.00009
0,53944.5,4.56642e+08,0.994598,0.102722,1.00315,0.996857,7.18537e+06,0,0.00299072,1.00003,0,0,1.76435e+09,0.993256,0.994769,1.08201,1.00001,1,1.00208,1.00009
0,15634,5.52377e+08,0.999817,0.00956832,1.00009,0.999908,7.39794e+06,0,0,1.00003,0,0,5.1221e+08,0.999786,0.999542,1.08201,1.00001,1,1.00208,1.00009
0,53619.4,4.6965e+08,0.993561,0.0933586,1.00358,0.996429,6.64895e+06,0,0.00296021,1.00003,0,0,1.754e+09,0.994568,0.996481,1.08201,1.00001,1,1.00208,1.00009
0,54399,4.47848e+08,0.992157,0.101237,1.00432,0.995697,6.67776e+06,0,0.000213623,1.00003,0,0,1.77864e+09,0.995483,0.994718,1.08201,1.00001,1,1.00208,1.00009
0,54872,4.22099e+08,0.994598,0.100766,1.00312,0.996887,7.93048e+06,0,0.0043335,1.00003,0,0,1.79527e+09,0.995209,0.996379,1.08201,1.00001,1,1.00208,1.00009
0,21580.8,7.27744e+08,0.999115,0.0307614,1.00052,0.999481,5.30134e+06,0,0.00012207,1.00003,0,0,7.06819e+08,0.999359,0.997933,1.08201,1.00001,1,1.00208,1.00009
0,53322.4,4.7827e+08,0.989075,0.116466,1.00599,0.994049,7.74497e+06,0,0.0032959,1.00003,0,0,1.74381e+09,0.991394,0.996113,1.08201,1.00001,1,1.00208,1.00009
0,53718.6,4.62357e+08,0.99353,0.111456,1.00374,0.996277,7.69691e+06,0,0.00354004,1.00003,0,0,1.75704e+09,0.992767,0.996229,1.08201,1.00001,1,1.00208,1.00009
0,54705.4,4.22722e+08,0.995636,0.0812529,1.00251,0.997498,8.38356e+06,0,0.000213623,1.00003,0,0,1.79088e+09,0.997375,0.995668,1.08201,1.00001,1,1.00208,1.00009
0,54983.5,4.13603e+08,0.996033,0.0827431,1.00232,0.997681,8.36747e+06,0,0.000762939,1.00003,0,0,1.80021e+09,0.997406,0.996051,1.08201,1.00001,1,1.00208,1.00009
0,54329.8,4.39534e+08,0.994904,0.0831176,1.00288,0.997131,8.15234e+06,0,0.00549316,1.00003,0,0,1.77833e+09,0.995819,0.99651,1.08201,1.00001,1,1.00208,1.00009
0,54972.6,4.12938e+08,0.994415,0.0845793,1.00312,0.996887,8.7849e+06,0,0.00012207,1.00003,0,0,1.79904e+09,0.996765,0.996917,1.08201,1.00001,1,1.00208,1.00009
0,54637.5,4.21547e+08,0.996216,0.0769974,1.0022,0.997803,9.36895e+06,0,6.10352e-05,1.00003,0,0,1.78885e+09,0.997681,0.997951,1.08201,1.00001,1,1.00208,1.00009
0,64638.2,5.11559e+07,0.996765,0.0870642,1.0022,0.997803,4.71825e+06,0,0.000305176,1.00003,0,0,2.11776e+09,0.997345,0.997305,1.08201,1.00001,1,1.00208,1.00009
0,64684.5,4.83035e+07,0.996826,0.0759956,1.00199,0.998016,4.19858e+06,0,0.000183105,1.00003,0,0,2.1193e+09,0.997406,0.996852,1.08201,1.00001,1,1.00208,1.00009
0,64759.1,4.36169e+07,0.997772,0.0690323,1.00141,0.998596,3.71492e+06,0,6.10352e-05,1.00003,0,0,2.12184e+09,0.998108,0.996855,1.16372,1.03576,1,1.00146,1.00006
0,64673.9,4.75435e+07,0.99762,0.0812413,1.00171,0.998291,2.7043e+06,0,6.10352e-05,1.00003,0,0,2.11901e+09,0.997955,0.997562,1.08201,1.00001,1,1.00208,1.00009
0,64705.6,4.65561e+07,0.997467,0.0781731,1.00171,0.998291,2.33479e+06,0,3.05176e-05,1.00003,0,0,2.12005e+09,0.997711,0.997019,1.08201,1.00001,1,1.00208,1.00009
0,62321.4,1.67988e+08,0.989197,0.11474,1.00596,0.99408,1.38286e+06,0,0.00360107,1.00003,0,0,2.03475e+09,0.981567,0.995409,1.08201,1.00001,1,1.00208,1.00009
0,63703.9,8.37828e+07,0.997772,0.075382,1.00147,0.998535,1.40165e+06,0,0.000213623,1.00003,0,0,2.08716e+09,0.997986,0.997472,1.08201,1.00001,1,1.00208,1.00009
0,63998.2,7.55505e+07,0.996033,0.0941582,1.00245,0.997559,1.69915e+06,0,0.00012207,1.00003,0,0,2.09667e+09,0.997009,0.996766,1.08201,1.00001,1,1.00208,1.00009
0,64129.1,6.77555e+07,0.99765,0.0679177,1.0015,0.998505,2.49566e+06,0,0.000244141,1.00003,0,0,2.10111e+09,0.99823,0.997695,1.16372,1.03576,1,1.00146,1.00006
0,63441.3,1.09956e+08,0.995911,0.0910199,1.00248,0.997528,2.36233e+06,0,0.000610352,1.00003,0,0,2.07835e+09,0.996582,0.996974,1.08201,1.00001,1,1.00208,1.00009
0,64969.1,3.09573e+07,0.998718,0.061537,1.00092,0.999084,6.99235e+06,0,0.000610352,1.00003,0,0,2.12872e+09,0.99884,0.997565,1.09717,1.00001,1,1.00146,1.00006
0,64788.5,4.13534e+07,0.997589,0.0763905,1.00156,0.998444,6.83314e+06,0,0.000244141,1.00003,0,0,2.12269e+09,0.998199,0.991536,1.19762,1.04139,1.00138,1.00102,1.00004
0,64970.5,3.13511e+07,0.998077,0.0683628,1.00125,0.998749,6.78345e+06,0,0.00012207,1.00003,0,0,2.12872e+09,0.998535,0.998179,1.08201,1.00001,1,1.00208,1.00009
0,64925.6,3.44632e+07,0.998047,0.0690305,1.00128,0.998718,7.54609e+06,0,9.15527e-05,1.00003,0,0,2.12724e+09,0.998535,0.998526,1.08201,1.00001,1,1.00208,1.00009
0,63487.8,9.45232e+07,0.996033,0.0812509,1.00232,0.997681,4.92879e+06,0,6.10352e-05,1.00003,0,0,2.07997e+09,0.997345,0.997426,1.08201,1.00001,1,1.00208,1.00009
0,32258.9,8.66926e+08,0.92334,1.85045,1.05313,0.949554,7.95218e+06,0,0.0065918,1.00003,0,0,1.03933e+09,0.945831,0.951091,1.11861,1.00016,1,1,1.00076
0,40022.3,8.11716e+08,0.927704,2.10948,1.05404,0.94873,7.86841e+06,0,0.00411987,1.00003,0,0,1.29913e+09,0.94754,0.945591,1.11861,1.00016,1,1,1.00076
0,40250.7,7.99321e+08,0.929779,2.05674,1.05208,0.9505,7.49703e+06,0,0.00238037,1.00003,0,0,1.30854e+09,0.949615,0.947924,1.11861,1.00016,1,1,1.00076
0,42062.1,6.79037e+08,0.990265,0.111342,1.00537,0.994659,3.9341e+06,0,0.00888062,1.00003,0,0,1.37487e+09,0.990784,0.987285,1.11861,1.00016,1,1,1.00076
0,48851.6,5.9653e+08,0.986938,0.192651,1.00741,0.992645,6.6738e+06,0,0.00811768,1.00003,0,0,1.59488e+09,0.98877,0.994303,1.11861,1.00016,1,1,1.00076
0,58211.2,3.40689e+08,0.998962,0.0576921,1.00076,0.999237,9.39697e+06,0,0.0323181,1.00003,0,0,1.90781e+09,0.967896,0.998625,1.11861,1.00016,1,1,1.00076
0,21091.5,7.20432e+08,0.999634,0.0135316,1.00018,0.999817,7.27703e+06,0,0.000183105,1.00003,0,0,6.91007e+08,0.999664,0.998919,1.11861,1.00016,1,1,1.00076
0,26129.5,8.38707e+08,0.999359,0.0234389,1.00037,0.999634,7.72642e+06,0,9.15527e-05,1.00003,0,0,8.56093e+08,0.999512,0.999552,1.11861,1.00016,1,1,1.00076
0,14172.2,4.80234e+08,0.999725,0.0146162,1.00015,0.999847,5.69824e+06,0,0.000152588,1.00003,0,0,4.64373e+08,0.999725,0.999694,1.11861,1.00016,1,1,1.00076
0,13618.7,3.9673e+08,0.999878,0.0078125,1.00006,0.999939,4.28353e+06,0,0,1.00003,0,0,4.46248e+08,0.999817,0.999754,1.11861,1.00016,1,1,1.00076
0,15225.3,4.59521e+08,0.999756,0.0110485,1.00012,0.999878,3.67644e+06,0,6.10352e-05,1.00003,0,0,4.98882e+08,0.999695,0.999815,1.11861,1.00016,1,1,1.00076
0,14715.1,4.33364e+08,0.999512,0.015625,1.00024,0.999756,3.83925e+06,0,0.000183105,1.00003,0,0,4.81887e+08,0.999634,0.999771,1.11861,1.00016,1,1,1.00076
0,14863,5.13221e+08,0.999481,0.0234391,1.00031,0.999695,6.34639e+06,0,0.000305176,1.00003,0,0,4.86622e+08,0.99942,0.999331,1.11861,1.00016,1,1,1.00076
0,17123.2,5.86229e+08,0.999634,0.0135316,1.00018,0.999817,5.59477e+06,0,0.000579834,1.00003,0,0,5.61011e+08,0.999664,0.999244,1.11861,1.00016,1,1,1.00076
0,22593.8,7.02658e+08,0.999634,0.0220984,1.00024,0.999756,4.35472e+06,0,0.00125122,1.00003,0,0,7.4032e+08,0.999634,0.999727,1.11861,1.00016,1,1,1.00076
0,10975.2,3.29712e+08,0.999817,0.00956832,1.00009,0.999908,3.67773e+06,0,0.000610352,1.00003,0,0,3.59622e+08,0.999786,0.999795,1.11861,1.00016,1,1,1.00076
0,11306.1,3.39925e+08,0.999695,0.0174699,1.00018,0.999817,3.87262e+06,0,0,1.00003,0,0,3.70452e+08,0.999695,0.999746,1.11861,1.00016,1,1,1.00076
0,11622.9,3.62679e+08,0.999878,0.0078125,1.00006,0.999939,8.81023e+06,0,0.00012207,1.00003,0,0,3.80836e+08,0.999786,0.999898,1.11861,1.00016,1,1,1.00076
0,8214.75,2.07594e+08,1,0,1,1,1.12183e+07,0,0,1.00003,0,0,2.69181e+08,1,0.999892,1.11861,1.00016,1,1,1.00076
0,14026.1,4.92846e+08,0.999878,0.0078125,1.00006,0.999939,7.94675e+06,0,0.00823975,1.00003,0,0,4.59599e+08,0.999817,0.999752,1.11861,1.00016,1,1,1.00076
0,13848.4,4.82255e+08,0.999878,0.0078125,1.00006,0.999939,7.11814e+06,0,0.00012207,1.00003,0,0,4.53777e+08,0.999817,0.990508,1.11861,1.00016,1,1,1.00076
0,53438.7,4.85066e+08,0.997009,0.0743666,1.0018,0.998199,9.98024e+06,0,0.0102539,1.00003,0,0,1.75011e+09,0.994324,0.997414,1.11861,1.00016,1,1,1.00076
0,53047.1,4.72915e+08,0.999023,0.0722643,1.00082,0.999176,1.27403e+07,0,0.0173645,1.00003,0,0,1.73824e+09,0.998871,0.989039,1.11861,1.00016,1,1,1.00076
0,57654.8,3.27563e+08,0.996613,0.102697,1.00217,0.997833,1.33956e+07,0,0.0128784,1.00003,0,0,1.88866e+09,0.997101,0.997799,1.11861,1.00016,1,1,1.00076
0,42019.3,6.30528e+08,0.999176,0.0637275,1.0007,0.999298,1.2544e+07,0,0.000549316,1.00003,0,0,1.37679e+09,0.998993,0.999084,1.11861,1.00016,1,1,1.00076
0,42223.7,6.3019e+08,0.999023,0.0672277,1.00079,0.999207,1.25298e+07,0,0.000701904,1.00003,0,0,1.38339e+09,0.998901,0.999123,1.11861,1.00016,1,1,1.00076
0,7966.41,1.91651e+08,1,0,1,1,484557,0,0.00289917,1.00003,0,0,2.61043e+08,0.999969,0.999894,1.11861,1.00016,1,1,1.00076
0,44498.4,6.11753e+08,0.998749,0.0814124,1.00101,0.998993,1.33088e+07,0,0.00167847,1.00003,0,0,1.4579e+09,0.998474,0.998742,1.11861,1.00016,1,1,1.00076
0,38293.2,8.34634e+08,0.917084,2.13232,1.05932,0.944,1.06684e+07,0,0.024353,1.00003,0,0,1.24145e+09,0.934662,0.950325,1.11861,1.00016,1,1,1.00076
0,51503.9,3.76198e+08,0.996002,0.142087,1.00269,0.997314,1.419e+07,0,0.0072937,1.00003,0,0,1.68692e+09,0.994659,0.98799,1.11861,1.00016,1,1,1.00076
0,54361.5,3.44813e+08,0.996124,0.129932,1.00257,0.997437,1.45627e+07,0,0.00500488,1.00003,0,0,1.78068e+09,0.995117,0.991398,1.11861,1.00016,1,1,1.00076
0,56979.7,2.61609e+08,0.998535,0.1056,1.00125,0.998749,1.45031e+07,0,6.10352e-05,1.00003,0,0,1.86693e+09,0.998352,0.992936,1.11861,1.00016,1,1,1.00076
0,4494.34,1.62764e+07,0.797577,1.30864,1.12408,0.889618,4.52328e+06,0,0.000762939,1.00003,0,0,1.29609e+08,0.888611,0.867983,1.11861,1.00016,1,1,1.00076
0,9659.66,3.10628e+08,0.999695,0.0174699,1.00018,0.999817,8.24842e+06,0,0.0124207,1.00003,0,0,3.16503e+08,0.999573,0.999966,1.94668,1,1,1,1
0,5359.11,7.55933e+07,1,0,1,1,1.44857e+07,0,0,1.00003,0,0,1.75607e+08,0.999878,0.99988,1.90228,1,1,1,1
0,4164.36,3.8809e+06,0.999878,0.0078125,1.00006,0.999939,8.53523e+06,0,3.05176e-05,1.00003,0,0,1.3645e+08,0.999939,0.999811,1.85619,1,1,1,1
0,8144.08,2.30063e+08,0.998627,0.0866855,1.0011,0.998901,7.9591e+06,0,6.10352e-05,1.00003,0,0,2.66718e+08,0.998779,0.998824,1.1307,1,1,1,1
0,7625.41,2.02935e+08,0.999573,0.028171,1.00031,0.999695,1.17375e+07,0,6.10352e-05,1.00003,0,0,2.49828e+08,0.999512,0.999589,1.97313,1,1,1,1
0,4097.25,25598.4,1,0,1,1,1.12656e+07,0,0,1.00003,0,0,1.34259e+08,0.999939,0.999707,1.93675,1,1,1,1
0,33282.3,9.36653e+08,0.994659,0.320711,1.00448,0.995544,8.10616e+06,0,0.000823975,1.00003,0,0,1.08992e+09,0.995392,0.993971,1.06758,1,1,1,1
0,60094.6,2.6413e+08,0.995117,0.0665563,1.00266,0.997345,3.47045e+06,0,0.00680542,1.00003,0,0,1.96858e+09,0.995148,0.999833,1.04499,1,1,1,1
0,59820.1,2.96797e+08,0.987793,0.10047,1.00645,0.993591,3.64723e+06,0,0.0105286,1.00003,0,0,1.95899e+09,0.989044,0.99924,1.12339,1,1,1,1
0,65526.4,539957,1,0,1,1,7.43374e+06,0,0,1.00003,0,0,2.14717e+09,1,0.999846,1.07109,1,1,1,1
0,65519.4,804669,1,0,1,1,7.42452e+06,0,0,1.00003,0,0,2.14694e+09,1,0.999927,1.06234,1,1,1,1
0,65491.8,2.11575e+06,1,0,1,1,6.87686e+06,0,0,1.00003,0,0,2.14604e+09,1,1,1.06343,1,1,1,1
0,65362.8,8.45957e+06,0.999329,0.0302611,1.00043,0.999573,5.89485e+06,0,0.00012207,1.00003,0,0,2.14175e+09,0.999573,0.999381,1.06276,1,1,1,1
0,65163.4,2.17409e+07,0.999298,0.0281711,1.00043,0.999573,7.39082e+06,0,0.000335693,1.00003,0,0,2.13522e+09,0.99939,0.999708,1.06689,1,1,1,1
0,64511.8,4.58577e+07,0.999329,0.0302611,1.00043,0.999573,7.36231e+06,0,0.000549316,1.00003,0,0,2.11387e+09,0.999329,0.999842,1.08725,1,1,1,1
0,64459.1,4.84635e+07,0.99884,0.0524226,1.00079,0.999207,7.36447e+06,0,0.000823975,1.00003,0,0,2.11209e+09,0.999054,0.999724,1.04096,1,1,1,1
0,63521.2,1.05507e+08,0.98941,0.11686,1.00583,0.994202,7.27902e+06,0,0.00985718,1.00003,0,0,2.08063e+09,0.991455,1,1.06156,1,1,1,1
0,64266.9,6.01485e+07,0.99826,0.0777713,1.00122,0.998779,7.33901e+06,0,0.00152588,1.00003,0,0,2.10574e+09,0.998596,0.998066,1.06647,1,1,1,1
0,63744.1,9.14411e+07,0.993896,0.0823795,1.00337,0.996643,7.32738e+06,0,0.00518799,1.00003,0,0,2.0882e+09,0.995209,0.99994,1.09305,1,1,1,1
0,58902,3.48257e+08,0.9935,0.0995524,1.00374,0.996277,7.33786e+06,0,0.00524902,1.00003,0,0,1.92909e+09,0.994965,0.998913,1.07037,1,1,1,1
0,65360.8,9.33209e+06,0.999054,0.0590001,1.00073,0.999268,7.39143e+06,0,9.15527e-05,1.00003,0,0,2.14164e+09,0.999115,0.999141,1.04868,1,1,1,1
0,65260.4,1.53341e+07,0.998779,0.0431557,1.00076,0.999237,7.38861e+06,0,0.000793457,1.00003,0,0,2.13834e+09,0.998962,0.999104,1.06541,1,1,1,1
0,65463.7,3.74445e+06,0.999634,0.0135316,1.00018,0.999817,7.39641e+06,0,0.000183105,1.00003,0,0,2.14509e+09,0.999817,0.999844,1.05717,1,1,1,1
0,63965.1,6.74753e+07,0.998901,0.0455651,1.00073,0.999268,7.38962e+06,0,0.000457764,1.00003,0,0,2.09591e+09,0.999084,0.999716,1.0519,1,1,1,1
0,65440.9,5.54809e+06,0.999115,0.0435072,1.00061,0.99939,5.63726e+06,0,0.000396729,1.00003,0,0,2.14429e+09,0.999146,0.999588,1.07425,1,1,1,1
0,65460.6,4.43182e+06,0.999298,0.0326863,1.00046,0.999542,5.87219e+06,0,0.000396729,1.00003,0,0,2.14495e+09,0.999359,0.999732,1.06131,1,1,1,1
0,65455.9,4.69425e+06,0.999512,0.0331497,1.00037,0.999634,5.61793e+06,0,0.000183105,1.00003,0,0,2.14481e+09,0.999451,0.999426,1.06253,1.00042,1.00113,1,1
0,65422.6,6.70669e+06,0.999329,0.0398428,1.00049,0.999512,4.02369e+06,0,0.000671387,1.00003,0,0,2.1437e+09,0.998962,0.999744,1.07706,1,1,1,1
0,61549,2.27734e+08,0.995422,0.0692602,1.00254,0.997467,4.9936e+06,0,0.00543213,1.00003,0,0,2.01488e+09,0.995453,0.999703,1.07198,1,1,1,1
0,62814.4,1.56103e+08,0.997192,0.0515436,1.00156,0.998444,4.38636e+06,0,0.00180054,1.00003,0,0,2.05762e+09,0.998169,0.999129,1.07413,1,1,1,1
0,60693.5,2.64826e+08,0.998718,0.0435082,1.00079,0.999207,4.43677e+06,0,0.00192261,1.00003,0,0,1.98817e+09,0.99826,1,1.05041,1,1,1,1
0,61788.2,1.61531e+08,0.999573,0.0227786,1.00027,0.999725,5.3538e+06,0,0.000518799,1.00003,0,0,2.02463e+09,0.999481,1,1.05418,1,1,1,1
0,65508.7,1.49738e+06,0.999939,0.00552427,1.00003,0.999969,5.07795e+06,0,0.000152588,1.00003,0,0,2.14658e+09,0.999969,1,1.04909,1,1,1,1
0,59795.4,2.56459e+08,0.996979,0.0625303,1.00177,0.99823,6.85711e+06,0,0.00204468,1.00003,0,0,1.95911e+09,0.99765,0.999702,1.10455,1,1,1,1
0,43391.5,8.65907e+08,0.920013,0.764168,1.04673,0.955353,1.95194e+06,0,0.0665894,1.00003,0,0,1.41344e+09,0.947937,0.984107,1.07112,1,1,1,1
0,49862.2,7.16832e+08,0.605316,0.442468,1.24664,0.802155,107510,0,0.979279,1.00003,0,0,1.36482e+09,0.0255127,0.999168,1.07112,1,1,1,1
0,4096,0,1,0,1,1,198207,0,0.0965576,1.00003,0,0,1.34218e+08,1,0.996224,1.07112,1,1,1,1
0,4096,0,1,0,1,1,2.53277e+06,0,0,1.00003,0,0,1.34218e+08,1,0.999642,1.07112,1,1,1,1
0,4096,0,1,0,1,1,363265,0,0,1.00003,0,0,1.34218e+08,1,1,1.07112,1,1,1,1
0,55707,3.94883e+08,0.998352,0.0592632,1.00107,0.998932,4.83864e+06,0,0.210938,1.00003,0,0,1.82488e+09,0.996887,0.999326,1,1.00277,1,1,1
0,55998.7,4.01396e+08,0.995178,0.0889849,1.00278,0.997223,8.86087e+06,0,0.0641174,1.00003,0,0,1.83311e+09,0.987396,0.997764,1,1.00277,1,1,1
0,48286.5,6.73285e+08,0.994446,0.0781846,1.00306,0.996948,6.98195e+06,0,0.109589,1.00003,0,0,1.58004e+09,0.934082,0.998803,1,1.00277,1,1,1
0,48638.1,6.65354e+08,0.989471,0.0948213,1.00559,0.994446,6.95259e+06,0,0.107819,1.00003,0,0,1.59182e+09,0.957947,0.997097,1,1.00277,1,1,1
0,49029.9,6.34452e+08,0.995209,0.0762017,1.00269,0.997314,9.84753e+06,0,0.123962,1.00003,0,0,1.606e+09,0.946625,0.994872,1,1.00277,1,1,1
0,31186.8,8.59572e+08,0.996582,0.0448842,1.00177,0.99823,6.40659e+06,0,0.108246,1.00003,0,0,1.02131e+09,0.998108,0.987595,1,1.00277,1,1,1
0,17934.5,6.38216e+08,0.999695,0.0174699,1.00018,0.999817,2.65134e+06,0,0.000396729,1.00003,0,0,5.87652e+08,0.999664,0.996148,1,1.00277,1,1,1
0,17629.7,6.2888e+08,0.999725,0.0146162,1.00015,0.999847,2.97739e+06,0,0.000305176,1.00003,0,0,5.7767e+08,0.999725,0.998579,1,1.00277,1,1,1
0,49412.4,6.2021e+08,0.987946,0.0951332,1.00633,0.993713,1.03971e+07,0,0.106079,1.00003,0,0,1.61556e+09,0.94458,0.96824,1,1.00277,1,1,1
0,48260.3,6.30116e+08,0.98822,0.107128,1.0063,0.993744,1.04162e+07,0,0.0951233,1.00003,0,0,1.57814e+09,0.954956,0.969777,1.10008,1.00004,1.00004,1,1
0,46944.5,6.4184e+08,0.991669,0.0918721,1.00454,0.995483,7.90235e+06,0,0.0369568,1.00003,0,0,1.53587e+09,0.968597,0.959963,1.10008,1.00004,1.00004,1,1
0,45789.1,7.0897e+08,0.989258,0.109818,1.00583,0.994202,8.31794e+06,0,0.0592346,1.00003,0,0,1.49867e+09,0.96936,0.975732,1.10008,1.00004,1.00004,1,1
0,41142.1,7.89783e+08,0.988739,0.0967395,1.00596,0.99408,8.50808e+06,0,0.0561218,1.00003,0,0,1.34641e+09,0.974609,0.971835,1.10008,1.00004,1.00004,1,1
0,9392.55,2.95758e+08,0.999512,0.0331497,1.00037,0.999634,2.866e+06,0,0.000793457,1.00003,0,0,3.07722e+08,0.999084,0.996999,1.10008,1.00004,1.00004,1,1
0,4116.05,937798,1,0,1,1,6.78748e+06,0,0,1.00003,0,0,1.34875e+08,1,0.999651,1.10008,1.00004,1.00004,1,1
0,15961.6,5.85399e+08,0.99823,0.0802852,1.00125,0.998749,1.00776e+06,0,0.00088501,1.00003,0,0,5.22882e+08,0.998016,0.996532,1.10008,1.00004,1.00004,1,1
0,4121.53,1.1821e+06,1,0,1,1,250917,0,0.00012207,1.00003,0,0,1.35054e+08,1,0.998508,1.71854,1,1,1,1
0,10834.9,3.68351e+08,0.999634,0.0220984,1.00024,0.999756,2.10033e+06,0,6.10352e-05,1.00003,0,0,3.55005e+08,0.999634,0.9998,1.35703,1,1,1,1
0,6246.66,1.27013e+08,0.999756,0.0110485,1.00012,0.999878,329901,0,0.000183105,1.00003,0,0,2.04674e+08,0.999756,0.999802,1.45625,1,1,1,1
0,11476,3.97131e+08,0.999451,0.0240814,1.00034,0.999664,301091,0,0.000305176,1.00003,0,0,3.75997e+08,0.99942,0.999773,1.31991,1,1,1,1
0,6887.25,1.62829e+08,0.999756,0.0110485,1.00012,0.999878,3.5752e+06,0,0.000549316,1.00003,0,0,2.25661e+08,0.999634,0.999673,1.88312,1,1,1,1
0,14363.4,5.24e+08,0.999451,0.0390685,1.00043,0.999573,472171,0,0.000183105,1.00003,0,0,4.70603e+08,0.99939,0.999652,1.84223,1,1,1,1
0,16338.3,5.99369e+08,0.998688,0.0610386,1.00092,0.999084,468560,0,0.000946045,1.00003,0,0,5.35245e+08,0.998962,0.998607,1.19973,1.00021,1,1,1
0,9565.42,3.04615e+08,0.998993,0.0541415,1.00073,0.999268,593003,0,0.00274658,1.00003,0,0,3.13341e+08,0.999146,0.999283,1.15258,1,1,1,1
0,14491.1,5.2897e+08,0.999207,0.0406024,1.00055,0.999451,281186,0,0.00271606,1.00003,0,0,4.74763e+08,0.998993,0.999614,1.16597,1.00344,1,1,1
0,8279.06,2.21555e+08,0.992493,0.0612667,1.00377,0.996246,1.51015e+06,0,0.00805664,1.00003,0,0,2.69584e+08,0.993835,0.999941,1.91557,1,1,1,1
0,6860.25,1.46927e+08,0.990906,0.0674316,1.00457,0.995453,1.06873e+06,0,0.00845337,1.00003,0,0,2.22671e+08,0.995361,0.998788,1.87233,1,1.00021,1.00001,1
0,4334.97,1.0585e+07,1,0,1,1,216936,0,9.15527e-05,1.00003,0,0,1.42048e+08,0.999908,0.998919,1.53745,1,1,1,1
0,4416.66,1.43321e+07,0.999878,0.0078125,1.00006,0.999939,236236,0,0,1.00003,0,0,1.44717e+08,0.999908,0.999858,2.57074,1,1,1,1
0,14027.5,4.84382e+08,0.996674,0.0834744,1.00202,0.997986,6.39954e+06,0,0.00631714,1.00003,0,0,4.59268e+08,0.995361,0.999837,1.15581,1,1,1,1
0,11021.6,3.67486e+08,0.993652,0.14492,1.00392,0.996094,4.57648e+06,0,0.0124512,1.00003,0,0,3.60456e+08,0.994568,0.996951,1.15581,1,1,1,1
0,4220.86,5.26333e+06,0.999939,0.00552427,1.00003,0.999969,1.73898e+06,0,9.15527e-05,1.00003,0,0,1.38305e+08,0.999847,0.999675,1.15581,1,1,1,1
0,17751.3,6.30404e+08,0.997223,0.153941,1.00217,0.997833,6.84991e+06,0,0.00088501,1.00003,0,0,5.81381e+08,0.997681,0.996707,1.15581,1,1,1,1
0,12747.4,4.41904e+08,0.99823,0.127746,1.00153,0.998474,6.92417e+06,0,0.000701904,1.00003,0,0,4.17498e+08,0.998016,0.999287,1.15581,1,1,1,1
0,4103.83,364923,1,0,1,1,3.31515e+06,0,0,1.00003,0,0,1.34474e+08,0.999939,0.999802,1.15581,1,1,1,1
0,4165.36,2.80209e+06,0.999939,0.00552427,1.00003,0.999969,4.56315e+06,0,0,1.00003,0,0,1.36486e+08,0.999969,0.999467,1.15581,1,1,1,1
0,10217,2.91646e+08,0.896515,0.934908,1.06166,0.941925,5.23824e+06,0,0.0160522,1.00003,0,0,3.23132e+08,0.934845,0.962628,2.67206,1,1,1,1
0,61629.1,1.84411e+08,0.996887,0.0491133,1.00168,0.998322,6.34088e+06,0,0.00335693,1.00003,0,0,2.01903e+09,0.99649,0.999447,1.08794,1,1,1,1
0,59524,3.1089e+08,0.979614,0.133437,1.01083,0.989288,2.38753e+06,0,0.00994873,1.00003,0,0,1.94876e+09,0.988525,0.998567,1.08794,1,1,1,1
0,53610.4,5.63062e+08,0.96405,0.151546,1.01872,0.981628,3.34519e+06,0,0.0198059,1.00003,0,0,1.75336e+09,0.978607,0.998422,1.08794,1,1,1,1
0,64076.7,8.01098e+07,0.996979,0.0518383,1.00171,0.998291,6.3194e+06,0,0.00299072,1.00003,0,0,2.09926e+09,0.996613,0.999349,1.08794,1,1,1,1
0,65534,69628,1,0,1,1,6.37155e+06,0,0,1.00003,0,0,2.14742e+09,1,0.999957,1.08794,1,1,1,1
0,65504,1.86532e+06,0.999817,0.00956832,1.00009,0.999908,6.36908e+06,0,6.10352e-05,1.00003,0,0,2.14642e+09,0.999908,0.999779,1.08794,1,1,1,1
0,65512.9,1.18679e+06,0.999939,0.00552427,1.00003,0.999969,6.37014e+06,0,0,1.00003,0,0,2.14672e+09,0.999847,0.999732,1.08794,1,1,1,1
0,65526,426477,1,0,1,1,6.37156e+06,0,0,1.00003,0,0,2.14716e+09,1,1,1.08794,1,1,1,1
0,65493,2.0807e+06,1,0,1,1,4.47623e+06,0,0,1.00003,0,0,2.14607e+09,1,1,1.08794,1,1,1,1
0,64369.4,5.72283e+07,0.99765,0.0612943,1.00144,0.998566,6.33027e+06,0,9.15527e-05,1.00003,0,0,2.10903e+09,0.998322,0.999224,1.08794,1,1,1,1
0,64546.8,4.52111e+07,0.99823,0.0524251,1.0011,0.998901,6.34055e+06,0,3.05176e-05,1.00003,0,0,2.11492e+09,0.998718,0.998312,1.08794,1,1,1,1
0,63777.1,9.20753e+07,0.995911,0.0996843,1.00254,0.997467,6.32819e+06,0,0,1.00003,0,0,2.08942e+09,0.996887,0.99699,1.08794,1,1,1,1
0,59143.7,3.3649e+08,0.994293,0.0779885,1.00315,0.996857,6.2096e+06,0,6.10352e-05,1.00003,0,0,1.93711e+09,0.996521,0.997056,1.08794,1,1,1,1
0,65293.3,1.34537e+07,0.999268,0.0191366,1.00037,0.999634,6.36455e+06,0,9.15527e-05,1.00003,0,0,2.13947e+09,0.99942,0.999543,1.08794,1,1,1,1
0,65450.1,4.54333e+06,0.999817,0.00956832,1.00009,0.999908,6.36786e+06,0,3.05176e-05,1.00003,0,0,2.14466e+09,0.999908,0.999855,1.08794,1,1,1,1
0,63890.9,7.03043e+07,0.999023,0.0402251,1.00064,0.999359,6.31674e+06,0,6.10352e-05,1.00003,0,0,2.09349e+09,0.999176,0.999246,1.08794,1,1,1,1
0,65511.6,1.49701e+06,0.999817,0.00956832,1.00009,0.999908,6.36915e+06,0,0,1.00003,0,0,2.14667e+09,0.999908,0.99995,1.08794,1,1,1,1
0,65479.7,3.45238e+06,0.999603,0.020671,1.00024,0.999756,6.36759e+06,0,0,1.00003,0,0,2.14561e+09,0.999634,0.999662,1.08794,1,1,1,1
0,63364.5,1.25395e+08,0.997559,0.0656291,1.0015,0.998505,6.35341e+06,0,0,1.00003,0,0,2.0758e+09,0.99823,0.997954,1.09033,1.00042,1.00113,1,1
0,62065.7,2.02417e+08,0.995697,0.0676969,1.00239,0.99762,6.34703e+06,0,3.05176e-05,1.00003,0,0,2.03265e+09,0.997406,0.996973,1.08794,1,1,1,1
0,60594,2.69913e+08,0.994873,0.059001,1.00269,0.997314,6.34161e+06,0,0.00198364,1.00003,0,0,1.98414e+09,0.997101,0.999147,1.08794,1,1,1,1
0,61695,1.65973e+08,0.999176,0.0584792,1.00067,0.999329,6.36465e+06,0,0.00012207,1.00003,0,0,2.02153e+09,0.999146,0.999172,1.08794,1,1,1,1
0,65354.3,1.09602e+07,0.999054,0.069462,1.00079,0.999207,6.35933e+06,0,9.15527e-05,1.00003,0,0,2.14142e+09,0.999084,0.998137,1.07873,1.00392,1,1,1
0,60084,2.4659e+08,0.993347,0.101986,1.00386,0.996155,6.28569e+06,0,0.00186157,1.00003,0,0,1.96826e+09,0.995941,0.997984,1.08794,1,1,1,1
0,59108.8,2.89506e+08,0.996399,0.0787642,1.00217,0.997833,6.29368e+06,0,0.0012207,1.00003,0,0,1.93656e+09,0.997192,0.998704,1.08794,1,1,1,1
0,63379.4,1.14e+08,0.994812,0.0851195,1.00297,0.99704,5.54885e+06,0,0.00134277,1.00003,0,0,2.07642e+09,0.996887,0.997077,1.08794,1,1,1,1
0,65205,1.82669e+07,0.99881,0.050038,1.00079,0.999207,7.42518e+06,0,0.000274658,1.00003,0,0,2.13653e+09,0.999084,0.999316,1.08794,1,1,1,1
0,31333.4,9.1428e+08,0.911774,0.680978,1.05093,0.951538,15928.7,0,0.00143433,1.00003,0,0,1.02016e+09,0.948364,0.981496,1,1,1,1,1
0,4097.5,12285.8,1,0,1,1,49559.7,0,0,1.00003,0,0,1.34267e+08,1,1,1,1,1,1,1
0,4423.69,9.09492e+06,0.999573,0.0227786,1.00027,0.999725,95025.6,0,0,1.00003,0,0,1.44919e+08,0.999725,0.999817,1,1,1,1,1
0,4197.25,3.13036e+06,0.999573,0.0191374,1.00024,0.999756,115836,0,6.10352e-05,1.00003,0,0,1.37503e+08,0.999573,0.999622,1,1,1,1,1
0,4097.12,4606.73,1,0,1,1,115862,0,0,1.00003,0,0,1.34255e+08,1,0.99976,1,1,1,1,1
0,6056.11,9.27639e+07,0.870819,2.06079,1.09904,0.909882,110410,0,0.000762939,1.00003,0,0,1.84648e+08,0.90387,0.990673,1,1,1,1,1
0,4096.75,9215.44,1,0,1,1,121633,0,0,1.00003,0,0,1.34242e+08,1,0.999503,1,1,1,1,1
0,4213.02,5.38056e+06,0.997589,0.0475345,1.00134,0.998657,129716,0,9.15527e-05,1.00003,0,0,1.37831e+08,0.998657,0.995585,1,1,1,1,1
0,8740.33,2.38384e+08,0.957794,1.56542,1.03451,0.966644,120200,0,0.00204468,1.00003,0,0,2.81222e+08,0.963562,0.993298,1,1,1,1,1
0,4207.19,5.95353e+06,0.997345,0.104902,1.00202,0.997986,121187,0,0,1.00003,0,0,1.37558e+08,0.997986,0.998419,1,1,1,1,1
0,4499.23,1.23526e+07,0.998474,0.0620333,1.00104,0.998962,44671.4,0,0.00717163,1.00003,0,0,1.64499e+08,0.989655,0.99792,1,1,1,1,1
0,4337.67,6.15376e+06,0.999664,0.019919,1.00021,0.999786,319886,0,0,1.00003,0,0,1.42108e+08,0.999786,0.999651,1.13436,1.00511,1.00041,1.10789,1.00981
0,4651.38,1.58784e+07,0.99881,0.073317,1.00098,0.999023,308594,0,0,1.00003,0,0,1.52285e+08,0.998901,1,1.13436,1.00511,1.00041,1.10789,1.00981
0,4096.25,1023.94,1,0,1,1,204079,0,0,1.00003,0,0,1.34226e+08,1,0.999788,1.13436,1.00511,1.00041,1.10789,1.00981
0,7954.12,2.21907e+08,1,0,1,1,84496.1,0,6.10352e-05,1.00003,0,0,2.60641e+08,1,1,1.13436,1.00511,1.00041,1.10789,1.00981
0,4808.12,4.30666e+07,0.999634,0.0220984,1.00024,0.999756,102522,0,0,1.00003,0,0,1.5752e+08,0.999756,0.999435,1.13436,1.00511,1.00041,1.10789,1.00981
0,4098.12,116219,1,0,1,1,107823,0,0,1.00003,0,0,1.34287e+08,1,1,1.13436,1.00511,1.00041,1.10789,1.00981
0,4304.88,5.7814e+06,1,0,1,1,101888,0,0,1.00003,0,0,1.41062e+08,1,1,1.13436,1.00511,1.00041,1.10789,1.00981
0,4837.5,4.48451e+07,0.999756,0.0110485,1.00012,0.999878,143377,0,3.05176e-05,1.00003,0,0,1.58499e+08,0.999878,0.999908,1.13436,1.00511,1.00041,1.10789,1.00981
0,4354.62,1.53428e+07,0.997833,0.0951054,1.00159,0.998413,174967,0,0.000366211,1.00003,0,0,1.42438e+08,0.998291,0.99949,1.13436,1.00511,1.00041,1.10789,1.00981
0,4096.88,12799.2,1,0,1,1,136559,0,0.000183105,1.00003,0,0,1.34246e+08,1,0.999816,1.13436,1.00511,1.00041,1.10789,1.00981
0,4098.5,34809.8,0.999512,0.0234391,1.00031,0.999695,120965,0,0.000335693,1.00003,0,0,1.34259e+08,0.999695,0.999762,1.13436,1.00511,1.00041,1.10789,1.00981
0,4195.73,4.06518e+06,0.999084,0.0445478,1.00064,0.999359,93524.7,0,0.000305176,1.00003,0,0,1.37325e+08,0.999023,0.999063,1.13436,1.00511,1.00041,1.10789,1.00981
0,4109.39,444501,0.998688,0.0789365,1.00104,0.998962,130944,0,0.000396729,1.00003,0,0,1.34416e+08,0.998535,0.99909,1.13436,1.00511,1.00041,1.10789,1.00981
0,6072.16,1.17189e+08,0.999023,0.0530013,1.00073,0.999268,105632,0,9.15527e-05,1.00003,0,0,1.98874e+08,0.998962,0.998477,1.13436,1.00511,1.00041,1.10789,1.00981
0,4113.28,774133,0.99881,0.06325,1.00089,0.999115,103572,0,6.10352e-05,1.00003,0,0,1.34665e+08,0.998993,0.99894,1.13436,1.00511,1.00041,1.10789,1.00981
0,4830.08,3.24771e+07,0.744019,0.374372,1.14806,0.871033,3103.99,0,0.000335693,1.00003,0,0,1.23874e+08,0.865509,0.871707,1,1,1,1,1
0,5199.36,5.624e+07,0.770538,0.45111,1.13294,0.88266,42329.9,0,0.0370178,1.00003,0,0,1.34425e+08,0.837006,0.868536,1,1,1,1,1
0,6876.83,1.12569e+08,0.741669,0.673664,1.17179,0.853394,41094.5,0,0.0533752,1.00003,0,0,1.8626e+08,0.791534,0.889532,1,1,1,1,1
0,5538.56,7.48037e+07,0.724792,0.976184,1.19018,0.84021,40178.7,0,0.0252686,1.00003,0,0,1.40324e+08,0.788727,0.861717,1,1,1,1,1
0,5661.48,8.32241e+07,0.651031,1.3103,1.25217,0.798615,38218.1,0,0.08078,1.00003,0,0,1.34957e+08,0.744232,0.816906,12.82,1,1,1,1
0,5003.48,5.23184e+07,0.996124,0.120653,1.00257,0.997437,64049.2,0,0.000213623,1.00003,0,0,1.63602e+08,0.995209,0.995868,3.61619,1,1,1,1
0,4452.64,2.00911e+07,0.999359,0.0370636,1.00046,0.999542,80546.4,0,0,1.00003,0,0,1.45843e+08,0.99939,0.997771,4.9166,1,1,1,1
0,4427.45,1.83886e+07,0.99884,0.0783514,1.00095,0.999054,94529.7,0,0,1.00003,0,0,1.44944e+08,0.998871,0.995141,3.58948,1,1,1,1
0,4801.41,4.218e+07,0.999542,0.0307612,1.00034,0.999664,61881.7,0,0,1.00003,0,0,1.57287e+08,0.915436,0.999897,4.94508,1,1,1,1
0,4283.41,1.09125e+07,0.998901,0.0777636,1.00092,0.999084,95515.3,0,0,1.00003,0,0,1.40232e+08,0.999084,0.996362,3.85371,1,1,1,1
0,5996.5,1.11217e+08,0.994995,0.226644,1.00401,0.996002,102190,0,0.00012207,1.00003,0,0,1.95916e+08,0.9953,0.993374,4.08874,1,1,1,1
0,4899.02,4.79581e+07,0.99765,0.127403,1.00187,0.998138,175187,0,0.0010376,1.00003,0,0,1.60265e+08,0.997437,1,1.36216,1,1,1,1
0,6858.95,1.6094e+08,0.996338,0.160399,1.00272,0.997284,187729,0,0.000671387,1.00003,0,0,2.24349e+08,0.997223,0.995592,1.15578,1,1,1,1
0,11628.2,4.01877e+08,0.998169,0.0703448,1.00122,0.998779,214882,0,0.00326538,1.00003,0,0,3.80865e+08,0.997986,0.998198,1.15578,1,1,1,1
0,18692,6.83685e+08,1,0,1,1,252530,0,0,1.00003,0,0,6.12498e+08,0.999847,0.999913,1.15578,1,1,1,1
0,13838,5.02576e+08,0.996246,0.170402,1.00291,0.997101,328815,0,0.00012207,1.00003,0,0,4.5305e+08,0.996948,0.993628,1.15578,1,1,1,1
0,4139.06,2.58899e+06,0.999939,0.00552427,1.00003,0.999969,385001,0,0.000183105,1.00003,0,0,1.35625e+08,0.999969,0.999769,1.15578,1,1,1,1
0,10857.2,3.68807e+08,0.998932,0.0595165,1.00079,0.999207,243547,0,0.00088501,1.00003,0,0,3.55666e+08,0.998596,0.99988,1.15578,1,1,1,1
0,4102.58,355645,1,0,1,1,282498,0,0,1.00003,0,0,1.34433e+08,1,0.999958,1.15578,1,1,1,1
0,4096,0,1,0,1,1,374832,0,0,1.00003,0,0,1.34218e+08,1,0.999971,1.15578,1,1,1,1
0,4096,0,1,0,1,1,423508,0,0,1.00003,0,0,1.34218e+08,1,0.999962,1.15578,1,1,1,1
0,4100.22,235278,1,0,1,1,436119,0,0,1.00003,0,0,1.34356e+08,1,0.999896,1.15578,1,1,1,1
0,4100.92,239152,1,0,1,1,454777,0,0,1.00003,0,0,1.34379e+08,1,1,1.15578,1,1,1,1
0,4102.8,354330,1,0,1,1,454811,0,0,1.00003,0,0,1.3444e+08,1,0.999903,1.15578,1,1,1,1
0,4871.86,4.64948e+07,0.99881,0.0612879,1.00089,0.999115,568621,0,0,1.00003,0,0,1.59522e+08,0.998596,0.999926,1.15578,1,1,1,1
0,4100.39,236149,1,0,1,1,1.04969e+06,0,0,1.00003,0,0,1.34362e+08,1,0.999937,1.15578,1,1,1,1
0,61839.4,2.075e+08,0.998901,0.0587422,1.00082,0.999176,921069,0,0.000213623,1.00003,0,0,2.02625e+09,0.998993,0.99897,1.15578,1,1,1,1
0,14840.3,5.44662e+08,1,0,1,1,731664,0,0,1.00003,0,0,4.86286e+08,1,0.999925,1.15578,1,1,1,1
0,14934.3,5.4614e+08,1,0,1,1,741822,0,0.0015564,1.00003,0,0,4.92489e+08,0.998444,0.999822,1.15578,1,1,1,1
0,48902.6,7.53788e+08,0.998627,0.0518379,1.00092,0.999084,929741,0,0.000183105,1.00003,0,0,1.60232e+09,0.998993,0.998866,1.15578,1,1,1,1
0,59361.7,3.40959e+08,0.999329,0.0345039,1.00046,0.999542,799633,0,3.05176e-05,1.00003,0,0,1.9451e+09,0.999329,0.999051,1.15578,1,1,1,1
0,53195.3,6.05444e+08,0.998657,0.058483,1.00092,0.999084,861884,0,9.15527e-05,1.00003,0,0,1.74298e+09,0.99881,0.998505,1.15578,1,1,1,1
0,61856.3,2.12316e+08,0.998749,0.0566251,1.00089,0.999115,799892,0,0.000152588,1.00003,0,0,2.02679e+09,0.998901,0.998865,1.15578,1,1,1,1
0,60598.6,2.78791e+08,0.999115,0.0435072,1.00061,0.99939,1.37912e+06,0,0.00012207,1.00003,0,0,1.98561e+09,0.999146,0.998988,1.15578,1,1,1,1
0,58212.7,3.42357e+08,0.997589,0.0552637,1.00141,0.998596,962087,0,0.000946045,1.00003,0,0,1.90732e+09,0.998352,0.999177,1.15578,1,1,1,1
0,57107.1,4.44682e+08,0.99826,0.06655,1.00119,0.99881,1.37067e+06,0,0.000183105,1.00003,0,0,1.87112e+09,0.998596,0.998488,1.15578,1,1,1,1
0,53594.7,5.54261e+08,0.991089,0.0900162,1.00481,0.995209,1.14621e+06,0,0.00265503,1.00003,0,0,1.75522e+09,0.994904,0.997151,1.15578,1,1,1,1
0,60172.6,2.84903e+08,0.997437,0.0884474,1.00171,0.998291,1.01795e+06,0,0.000457764,1.00003,0,0,1.97144e+09,0.997894,0.998039,1.15578,1,1,1,1
0,14099.3,5.09834e+08,0.999756,0.0110485,1.00012,0.999878,965471,0,9.15527e-05,1.00003,0,0,4.61989e+08,0.999756,0.999196,1.15578,1,1,1,1
0,13692,4.96275e+08,0.999634,0.0135316,1.00018,0.999817,966560,0,3.05176e-05,1.00003,0,0,4.48626e+08,0.999603,0.998604,1.15578,1,1,1,1
0,13259.9,4.78763e+08,0.999939,0.00552427,1.00003,0.999969,965678,0,3.05176e-05,1.00003,0,0,4.34485e+08,0.999786,0.996182,1.15578,1,1,1,1
0,59822.5,3.0941e+08,0.998993,0.0541415,1.00073,0.999268,1.46262e+06,0,0.000396729,1.00003,0,0,1.96016e+09,0.998779,0.998999,1.15578,1,1,1,1
0,44260.6,7.53807e+08,0.988007,0.109677,1.00648,0.993561,1.61999e+06,0,0.0055542,1.00003,0,0,1.44889e+09,0.992706,0.998109,1.15578,1,1,1,1
0,57031.9,4.57048e+08,0.998016,0.0806678,1.00138,0.998627,1.46646e+06,0,0.000335693,1.00003,0,0,1.86864e+09,0.998291,0.998615,1.15578,1,1,1,1
0,56143.8,4.99513e+08,0.998169,0.0651581,1.00119,0.99881,2.56473e+06,0,0.0010376,1.00003,0,0,1.83956e+09,0.998474,0.998985,1.15578,1,1,1,1
0,55976.1,5.06615e+08,0.997437,0.0834685,1.00171,0.998291,2.31493e+06,0,0.00152588,1.00003,0,0,1.83399e+09,0.997559,0.998586,1.15578,1,1,1,1
0,60859.3,2.59478e+08,0.997192,0.100887,1.00193,0.998077,2.31806e+06,0,0.000488281,1.00003,0,0,1.9937e+09,0.997681,0.998062,1.15578,1,1,1,1
0,13590.5,4.92357e+08,1,0,1,1,1.04983e+06,0,0.000396729,1.00003,0,0,4.45335e+08,0.999878,0.999868,1.15578,1,1,1,1
0,14267.2,5.20201e+08,1,0,1,1,1.04933e+06,0,0,1.00003,0,0,4.67507e+08,0.999878,0.999885,1.15578,1,1,1,1
0,13948,5.08124e+08,1,0,1,1,1.06174e+06,0,0,1.00003,0,0,4.57049e+08,1,0.999868,1.15578,1,1,1,1
0,39408.2,9.07618e+08,0.996613,0.0858243,1.00211,0.997894,1.81112e+06,0,0.00424194,1.00003,0,0,1.29103e+09,0.996796,0.9985,1.15578,1,1,1,1
0,10922.9,3.40332e+08,0.999756,0.0110485,1.00012,0.999878,503970,0,0.00012207,1.00003,0,0,3.57901e+08,0.999786,0.99979,1.15578,1,1,1,1
0,10586.5,3.25585e+08,0.999756,0.0110485,1.00012,0.999878,501641,0,0.000671387,1.00003,0,0,3.46864e+08,0.999634,0.999773,1.15578,1,1,1,1
0,54987.8,4.63372e+08,0.994141,0.107248,1.00343,0.996582,1.89738e+06,0,0.000732422,1.00003,0,0,1.80124e+09,0.995667,0.997762,1.15578,1,1,1,1
0,14524.6,5.31665e+08,1,0,1,1,435142,0,0,1.00003,0,0,4.75941e+08,1,0.999871,1.15578,1,1,1,1
0,14474.3,5.29648e+08,0.999939,0.00552427,1.00003,0.999969,435986,0,0.00012207,1.00003,0,0,4.74289e+08,0.999756,0.999781,1.15578,1,1,1,1
0,55661.3,5.03068e+08,0.99707,0.077783,1.00183,0.998169,1.69676e+06,0,0.000915527,1.00003,0,0,1.82366e+09,0.997772,0.99856,1.15578,1,1,1,1
0,56608.3,4.64938e+08,0.998169,0.0692509,1.00125,0.998749,998306,0,0.000244141,1.00003,0,0,1.85477e+09,0.998474,0.998268,1.15578,1,1,1,1
0,4100,232432,1,0,1,1,608864,0,3.05176e-05,1.00003,0,0,1.34349e+08,1,0.999868,1.15578,1,1,1,1
0,4100.12,231919,1,0,1,1,573147,0,6.10352e-05,1.00003,0,0,1.34353e+08,1,0.999799,1.15578,1,1,1,1
0,4100.12,231919,1,0,1,1,568466,0,0.00012207,1.00003,0,0,1.34353e+08,1,0.999451,1.15578,1,1,1,1
0,8139.97,2.3204e+08,1,0,1,1,274219,0,6.10352e-05,1.00003,0,0,2.6673e+08,0.999817,0.999872,1.15578,1,1,1,1
0,4099.75,230386,1,0,1,1,254266,0,0,1.00003,0,0,1.34341e+08,1,0.999902,1.15578,1,1,1,1
0,4133.34,2.19537e+06,1,0,1,1,266499,0,0,1.00003,0,0,1.35441e+08,1,0.99994,1.15578,1,1,1,1
0,7301.94,1.86074e+08,0.993622,0.304044,1.00534,0.99469,813295,0,0.000335693,1.00003,0,0,2.38549e+08,0.993805,0.999905,1.15578,1,1,1,1
0,4097.88,115196,1,0,1,1,298589,0,0,1.00003,0,0,1.34279e+08,1,0.999906,1.15578,1,1,1,1
0,4100.2,235190,1,0,1,1,297202,0,0,1.00003,0,0,1.34355e+08,1,0.999937,1.15578,1,1,1,1
0,2767.77,4.15962e+07,0.047821,12.5533,7.56068,0.132263,2217.17,0,0,1.00003,0,0,2.45478e+07,0.0716553,0.0696929,1,1,1,1,1
0,4795.84,1.0155e+08,0.0810242,22.247,5.7741,0.173187,2593.03,0,0,1.00003,0,0,6.70459e+07,0.104645,0.0950294,1,1,1,1,1
0,4043.23,8.5659e+07,0.0510254,24.0235,7.27047,0.137543,3393.76,0,0.0169983,1.00003,0,0,5.10484e+07,0.0575256,0.0559641,1,1,1,1,1
0,2257.41,1.99484e+07,0.0236816,13.9066,9.90868,0.100922,2767.35,0,0.00131226,1.00003,0,0,8.20992e+06,0.0292358,0.0249807,1,1,1,1,1
0,2269.42,2.04993e+07,0.0248413,13.6584,9.76983,0.102356,2911.93,0,0.000274658,1.00003,0,0,8.44134e+06,0.0317993,0.0243525,1,1,1,1,1
0,3498.66,5.26918e+07,0.036499,17.5177,8.00391,0.124939,4555.75,0,0.00692749,1.00003,0,0,3.11168e+07,0.0516968,0.0306323,1,1,1,1,1
0,2249.33,1.97947e+07,0.0257874,13.9754,10.0024,0.0999756,2573.29,0,0,1.00003,0,0,7.99386e+06,0.030365,0.0232441,1,1,1,1,1
0,2248.94,1.9881e+07,0.0213623,14.1337,10.0147,0.0998535,2979.66,0,0.000305176,1.00003,0,0,7.97082e+06,0.0343628,0.0242258,1,1,1,1,1
0,2271.11,1.98532e+07,0.021698,14.271,10.0361,0.0996399,2972.21,0,0,1.00003,0,0,8.35174e+06,0.0325928,0.0229772,1,1,1,1,1
0,2416.06,2.38424e+07,0.0353088,13.4248,8.42582,0.118683,3606.46,0,0.00106812,1.00003,0,0,1.32255e+07,0.0490112,0.0263306,1,1,1,1,1
0,2345.91,2.11307e+07,0.0349426,13.7517,8.81571,0.113434,3519.12,0,0.000976562,1.00003,0,0,1.27616e+07,0.0386963,0.0280497,1,1,1,1,1
0,2219.61,1.87203e+07,0.0216064,13.9948,10.098,0.0990295,2836.31,0,0,1.00003,0,0,8.16794e+06,0.0325012,0.0230924,1,1,1,1,1
0,2223.81,1.88813e+07,0.0219116,14.0979,10.3434,0.0966797,2579.72,0,0,1.00003,0,0,7.70867e+06,0.0298767,0.0229941,1,1,1,1,1
0,2311.5,2.00957e+07,0.0238647,14.5851,9.72633,0.102814,3039.14,0,0,1.00003,0,0,9.11565e+06,0.0327148,0.0222816,1,1,1,1,1
0,3717.97,7.46586e+07,0.0763245,10.6602,5.66724,0.176453,11076,0,0.0113831,1.00003,0,0,5.20131e+07,0.079895,0.0503038,2.7822,1.03833,1.02796,1.01055,1
0,2364.27,2.31173e+07,0.0191956,13.7232,9.77857,0.102264,6367.32,0,0.00506592,1.00003,0,0,1.19091e+07,0.0293579,0.0231757,2.80498,1.03833,1.02796,1.01055,1
0,2710.75,3.72231e+07,0.0458984,12.9686,8.15327,0.12265,8418.93,0,0.00939941,1.00003,0,0,2.47818e+07,0.0535889,0.0236017,2.47438,1.03039,1.00699,1.02343,1
0,2466.72,2.32469e+07,0.0245056,13.9562,9.01458,0.110931,9130.34,0,0.00631714,1.00003,0,0,1.3442e+07,0.0386047,0.0300346,4.73898,1.04455,1.03514,1.06622,1
0,2980.33,2.74173e+07,0.0339355,14.1547,7.71012,0.1297,19331,0,0.00704956,1.00003,0,0,2.40036e+07,0.0465088,0.0237539,3.57469,1.00139,1.0011,1.01718,1.00118
0,2319.91,2.18649e+07,0.0195007,13.6759,9.82549,0.101776,6444.28,0,0.00634766,1.00003,0,0,1.11432e+07,0.0291443,0.0220602,3.57469,1.00139,1.0011,1.01718,1.00118
0,2340.14,2.23011e+07,0.0236511,13.7488,9.77274,0.102325,6642.01,0,0.00735474,1.00003,0,0,1.1433e+07,0.0325623,0.0240328,3.57469,1.00139,1.0011,1.01718,1.00118
0,2450.58,2.3973e+07,0.0393372,13.2051,8.52667,0.117279,9713.92,0,0.0103149,1.00003,0,0,1.53349e+07,0.0489502,0.0232048,3.57469,1.00139,1.0011,1.01718,1.00118
0,2373.52,2.2322e+07,0.0202332,13.9674,9.51176,0.105133,8399.56,0,0.00430298,1.00003,0,0,1.15297e+07,0.0345459,0.0232397,4.60114,1.13251,1.00055,1.00859,1.00059
0,2342.12,2.21141e+07,0.0205994,14.1232,9.77566,0.102295,7633.96,0,0.00314331,1.00003,0,0,1.10925e+07,0.0284729,0.0237769,4.34396,1.03313,1.00014,1.00215,1.00015
0,2661.81,2.82523e+07,0.037323,13.2298,7.26402,0.137665,21059.4,0,0.0161133,1.00003,0,0,1.92138e+07,0.0657654,0.0283344,4.20085,1.00026,1,1.00002,1.00861
0,2315.2,2.16171e+07,0.0202637,13.1443,9.64616,0.103668,10160.3,0,0.00466919,1.00003,0,0,1.12195e+07,0.0304871,0.0257396,5.93779,1.00006,1,1,1.00215
0,2326.27,2.21802e+07,0.0251465,13.7832,9.68894,0.10321,8761.7,0,0.00418091,1.00003,0,0,1.11575e+07,0.0314331,0.0235924,5.14006,1.00001,1,1,1.00027
0,2483.19,2.48512e+07,0.0247498,13.3929,9.11996,0.10965,11232.2,0,0.00466919,1.00003,0,0,1.36125e+07,0.0385437,0.0241464,4.24139,1,1,1,1.00001
0,2357.36,2.22729e+07,0.0219421,13.7893,9.8432,0.101593,9433.32,0,0.00695801,1.00003,0,0,1.13567e+07,0.0306091,0.0237506,2.41357,2.20042,1.64945,1.43152,1.07657
0,2354.25,2.20593e+07,0.0207214,14.1811,9.86691,0.101349,9011.4,0,0.00656128,1.00003,0,0,1.09332e+07,0.0298767,0.0243177,2.52828,3.7513,1.18518,1.01098,1.00264
0,2519.78,2.55694e+07,0.0426941,12.9262,7.965,0.125549,14074.7,0,0.00695801,1.00003,0,0,1.79241e+07,0.0541382,0.0270963,4.00423,2.28707,1.01816,1.00002,1.00002
0,2680.56,3.75927e+07,0.0372314,12.9457,8.31253,0.1203,13225.4,0,0.00506592,1.00003,0,0,2.32771e+07,0.0463867,0.0259732,2.03842,3.47346,1.0807,1.00029,1.00002
0,2345.84,2.16307e+07,0.0212402,14.1913,9.80491,0.10199,9977.51,0,0.00234985,1.00003,0,0,1.10838e+07,0.0350342,0.0226057,2.61208,1.63037,1.00301,1.00001,1
0,2312.78,2.11179e+07,0.0214539,13.8161,9.79611,0.102081,9183.75,0,0.00274658,1.00003,0,0,1.05846e+07,0.032074,0.0231869,3.93476,1.29711,1.00038,1,1
0,2323.03,2.137e+07,0.0208435,13.6258,9.64332,0.103699,9787.63,0,0.00234985,1.00003,0,0,1.11391e+07,0.0310059,0.0218297,3.09646,1.06101,1.00005,1,1
0,2364.52,2.21359e+07,0.0198059,14.17,9.63765,0.10376,11388.3,0,0.00186157,1.00003,0,0,1.11457e+07,0.0301514,0.02219,4.95198,1.00763,1.00001,1,1
0,3840.33,6.58708e+07,0.0639343,16.4058,6.23203,0.160461,60783.3,0,0.00640869,1.00003,0,0,4.834e+07,0.0869446,0.0492523,2.45763,1.49555,1.01823,1.00076,1.00218
0,2691.34,3.67216e+07,0.0382996,12.8218,8.45844,0.118225,20995.2,0,0.00183105,1.00003,0,0,2.34307e+07,0.0439758,0.0235965,2.45763,1.49555,1.01823,1.00076,1.00218
0,2450.34,2.3201e+07,0.0395813,13.4765,8.37414,0.119415,18089.7,0,0.0119934,1.00003,0,0,1.49888e+07,0.0491333,0.0268467,2.78503,2.32664,1.02815,1.00009,1.00572
0,2323.17,2.11235e+07,0.0198975,14.1451,9.83138,0.101715,10220.2,0,0.00576782,1.00003,0,0,1.05006e+07,0.0317078,0.0238199,3.58782,1.22717,1.00352,1.00001,1.00071
0,2359.31,2.19099e+07,0.0206909,14.0568,9.60938,0.104065,10650.1,0,0.00494385,1.00003,0,0,1.09967e+07,0.0307617,0.0232132,4.11936,1.05679,1.00088,1,1.00018
0,2562.8,2.62291e+07,0.028595,13.945,8.77323,0.113983,18135.8,0,0.00585938,1.00003,0,0,1.75493e+07,0.0471191,0.0271631,5.79576,1.00089,1.00001,1,1
0,2318.41,2.15789e+07,0.0194397,13.6943,9.79319,0.102112,12881.8,0,0.00234985,1.00003,0,0,1.05149e+07,0.0297546,0.0233345,4.54902,1,1,1,1
0,2375.94,2.24566e+07,0.023407,13.5937,9.48423,0.105438,14700.5,0,0.00588989,1.00003,0,0,1.14959e+07,0.0311279,0.0236816,4.54902,1,1,1,1
0,2353.8,2.18965e+07,0.0254822,14.3693,9.62349,0.103912,13746.9,0,0.00320435,1.00003,0,0,1.12589e+07,0.0288696,0.0235468,4.54902,1,1,1,1
0,2335.03,2.17034e+07,0.0200806,13.9916,9.79026,0.102142,12820.2,0,0.00378418,1.00003,0,0,1.07551e+07,0.0299683,0.0238987,4.54902,1,1,1,1
0,2908.64,2.0576e+07,0.0294189,20.7802,8.2978,0.120514,25793.1,0,0.00344849,1.00003,0,0,1.56247e+07,0.0536194,0.0233382,4.54902,1,1,1,1
0,2324.38,2.16444e+07,0.0212097,13.998,9.95685,0.100433,16181.8,0,0.00231934,1.00003,0,0,1.05687e+07,0.032135,0.0232278,4.54902,1,1,1,1
0,2433.8,2.36897e+07,0.0318298,13.3501,8.93104,0.111969,27895.6,0,0.00411987,1.00003,0,0,1.4849e+07,0.0487976,0.0240508,4.68721,1.00284,1.00006,1.00033,1
0,2352.73,2.22972e+07,0.019104,13.3446,9.49522,0.105316,15450.1,0,0.00247192,1.00003,0,0,1.12164e+07,0.0299072,0.0234378,6.5228,1.00004,1,1.00001,1
0,20281.2,7.87541e+08,0.190399,6.18769,3.04027,0.328918,144318,0,0.0841675,1.00003,0,0,4.43548e+08,0.216736,0.297118,1.51573,1.00429,1.0075,1.01286,1.26416
0,18506.8,7.37406e+08,0.188019,6.81046,3.12463,0.320038,126124,0,0.0582886,1.00003,0,0,4.27594e+08,0.204437,0.27572,1.05552,1.03797,1.00021,1.00145,1.0026
0,2286.83,2.03051e+07,0.0239563,13.3662,9.27221,0.107849,8484.68,0,0.00186157,1.00003,0,0,9.13357e+06,0.0354614,0.0370934,1.01382,1.00458,1.00543,1,1
0,2450.88,2.23852e+07,0.0341187,12.9105,8.31886,0.120209,13406,0,0.00283813,1.00003,0,0,1.25164e+07,0.0476074,0.0330269,1.06299,1.00229,1.00272,1.00095,1
0,2232.08,1.89751e+07,0.0220032,13.5076,9.56451,0.104553,7135.82,0,0.00219727,1.00003,0,0,7.49466e+06,0.0328979,0.0240868,1.15822,1.04625,1.01931,1.00362,1
0,2352.02,2.12597e+07,0.0306396,12.8336,8.52445,0.11731,13401.1,0,0.00210571,1.00003,0,0,1.16147e+07,0.0438232,0.0240156,1.13843,1.09472,1.01621,1.00091,1
0,2227.16,1.88926e+07,0.0195923,13.7731,9.649,0.103638,9928.66,0,0.00189209,1.00003,0,0,7.23968e+06,0.0292664,0.0241342,1.10879,1.07194,1.03055,1.00045,1
0,2233.11,1.9166e+07,0.0187073,14.0764,10.1136,0.098877,10414.6,0,0.00216675,1.00003,0,0,6.93862e+06,0.0265808,0.0241348,1.10879,1.07194,1.03055,1.00045,1
0,4600,1.28198e+08,0.0793762,10.8826,5.80581,0.172241,32400,0,0.0216675,1.00003,0,0,7.61503e+07,0.0999756,0.0503891,1.15319,1.11815,1.06576,1.00358,1
0,2225.84,1.86903e+07,0.0178528,13.8477,9.85504,0.101471,11673.7,0,0.00183105,1.00003,0,0,7.50592e+06,0.0274658,0.0264832,1.15319,1.11815,1.06576,1.00358,1
0,2267.97,1.96692e+07,0.0225525,13.6162,9.41609,0.106201,14978,0,0.00302124,1.00003,0,0,8.20326e+06,0.0326233,0.0242376,1.15319,1.11815,1.06576,1.00358,1
0,2248.64,1.90237e+07,0.0196228,13.9053,9.53945,0.104828,14758.1,0,0.000671387,1.00003,0,0,7.87814e+06,0.0301514,0.0246679,1.15319,1.11815,1.06576,1.00358,1
0,2469.83,2.30829e+07,0.0449829,12.5026,7.60278,0.131531,37219.5,0,0.00860596,1.00003,0,0,1.63768e+07,0.056488,0.033317,1.35004,1.54816,1.04103,1.00179,1.00415
0,2247.98,1.87563e+07,0.022644,14.2605,9.75238,0.102539,12202.5,0,0.000183105,1.00003,0,0,7.89453e+06,0.0325623,0.0237021,1.50051,1.81927,1.04103,1.00608,1.00415
0,2214.48,1.85557e+07,0.018158,13.5933,9.82843,0.101746,12908.5,0,0.0010376,1.00003,0,0,7.58272e+06,0.0285645,0.0250683,1.9717,2.11485,1.04103,1.00608,1.00415
0,6623.14,2.36466e+08,0.104797,9.25733,4.85164,0.206116,45198.3,0,0.0684204,1.00003,0,0,1.42038e+08,0.118347,0.0643563,1.19122,1.13729,1.04654,1.00884,1.01415
0,2278.81,1.9683e+07,0.0198059,13.9429,9.71191,0.102966,11042.3,0,0.00454712,1.00003,0,0,8.3287e+06,0.0290833,0.0325656,1.55478,1.43917,1.06146,1.00221,1.00354
0,2623.22,3.4285e+07,0.0353088,12.8113,8.20431,0.121887,22895.6,0,0.00296021,1.00003,0,0,2.11876e+07,0.0487976,0.0302096,1.76023,1.708,1.01199,1.00014,1.00022
0,2263.11,1.90129e+07,0.0208435,13.9495,9.57289,0.104462,11228.2,0,0.0020752,1.00003,0,0,8.07629e+06,0.0292969,0.0314159,1.86817,2.12671,1.04757,1.00007,1.00011
0,2364.42,2.06544e+07,0.028595,13.0641,8.71489,0.114746,16792,0,0.00250244,1.00003,0,0,1.18108e+07,0.0398865,0.0250833,2.07026,3.08781,1.0954,1.00003,1.00006
0,2262.62,1.93951e+07,0.0213318,14.0846,9.65753,0.103546,15033.2,0,0.00143433,1.00003,0,0,8.00512e+06,0.0290222,0.0237023,1.86582,3.11911,1.0477,1.00002,1.00003
0,2295.47,1.98379e+07,0.020874,13.6033,9.3038,0.107483,21339.2,0,0.00289917,1.00003,0,0,9.02093e+06,0.0332031,0.0414226,1.28325,1.0248,1.02257,1.02702,1.00584
0,2263.53,1.93065e+07,0.0235901,14.2211,9.62067,0.103943,20190.3,0,0.00152588,1.00003,0,0,8.20634e+06,0.032196,0.0239275,1.58202,1.15085,1.0334,1.02702,1.00584
0,2415.72,2.11666e+07,0.0343933,13.2081,8.33579,0.119965,25885.9,0,0.00241089,1.00003,0,0,1.30821e+07,0.049408,0.025839,1.57452,1.14852,1.01946,1.01646,1.00427
0,2268.81,1.92545e+07,0.0204468,13.9776,9.44323,0.105896,21560.3,0,0.00192261,1.00003,0,0,8.5033e+06,0.0299683,0.02397,1.87413,1.32452,1.02087,1.01646,1.0057
0,2284.61,1.96339e+07,0.0236206,13.6151,9.15563,0.109222,20397,0,0.00674438,1.00003,0,0,9.4633e+06,0.0350952,0.0313416,1.0993,1.01965,1.0008,1,1.00768
0,2271,2.01889e+07,0.0220337,13.7971,9.48972,0.105377,19210.1,0,0.00482178,1.00003,0,0,8.42803e+06,0.0312195,0.0293629,1.0993,1.01965,1.0008,1,1.00768
0,2309.41,2.062e+07,0.0236816,13.8828,9.35694,0.106873,20520.6,0,0.00540161,1.00003,0,0,8.94208e+06,0.0342102,0.0236203,1.08812,1.00983,1.0004,1,1.00384
0,2242.17,1.96091e+07,0.0195618,13.9239,9.83138,0.101715,16318.6,0,0.00378418,1.00003,0,0,7.10195e+06,0.0288696,0.0229795,1.264,1.00983,1.0004,1,1.00384
0,2368.98,2.12186e+07,0.0339355,13.4497,8.84426,0.113068,21753.8,0,0.003479,1.00003,0,0,1.1628e+07,0.0436707,0.0231433,1.8455,1.0418,1.00468,1,1.00384
0,2230.86,1.92017e+07,0.0175781,13.9969,9.85207,0.101501,18764.3,0,0.00369263,1.00003,0,0,6.85312e+06,0.0317688,0.0233055,2.0098,1.11487,1.00919,1,1.00384
0,2228.41,1.90355e+07,0.0166931,13.6432,9.82549,0.101776,20400.5,0,0.00344849,1.00003,0,0,7.00979e+06,0.0297241,0.0251232,2.0098,1.11487,1.00919,1,1.00384
0,2735.27,3.5978e+07,0.0421448,13.0077,7.77968,0.12854,46995.6,0,0.00531006,1.00003,0,0,2.47803e+07,0.0521851,0.0424382,1.84032,1.64898,1,1,1
0,2422.56,2.28231e+07,0.0332031,12.7644,8.34216,0.119873,36196.9,0,0.00808716,1.00003,0,0,1.38573e+07,0.0455627,0.0299417,1.72327,1.36968,1.11714,1.00795,1
0,2264.22,1.95074e+07,0.0187988,13.8587,9.67178,0.103394,18758.3,0,0.00326538,1.00003,0,0,7.6375e+06,0.0278625,0.0240616,1.83923,1.4382,1.09784,1.00397,1
0,2263.42,1.9798e+07,0.0227661,13.6434,9.54779,0.104736,19521.3,0,0.00363159,1.00003,0,0,8.16077e+06,0.0307922,0.0248453,1.61318,1.28218,1.06218,1.00199,1
0,2269.61,1.95704e+07,0.021637,14.1884,9.6775,0.103333,20965.3,0,0.00372314,1.00003,0,0,8.09933e+06,0.0318604,0.0237563,2.04609,1.45218,1.10508,1.00199,1
0,2408.16,2.16336e+07,0.030304,12.9107,8.45844,0.118225,32738.5,0,0.0142212,1.00003,0,0,1.25635e+07,0.0460815,0.0247098,2.86572,1.88309,1.15968,1.00099,1
0,2966.48,5.53532e+07,0.0918884,10.4842,5.73268,0.174438,60360.9,0,0.0105896,1.00003,0,0,3.65706e+07,0.102783,0.0234603,1.50823,1.64153,1.01012,1,1
0,2231.53,1.92996e+07,0.0183716,13.7337,9.91768,0.10083,17536.5,0,0.00973511,1.00003,0,0,7.18438e+06,0.0287476,0.023514,1.50823,1.64153,1.01012,1,1
0,2267.72,1.94665e+07,0.0205994,13.7704,9.54779,0.104736,17523.3,0,0.00906372,1.00003,0,0,8.09882e+06,0.0296021,0.0238401,1.50823,1.64153,1.01012,1,1
0,2236.84,1.89704e+07,0.0193481,13.7296,9.68035,0.103302,17368.4,0,0.0093689,1.00003,0,0,7.53818e+06,0.0280762,0.0234368,2.20078,1.71681,1.01923,1,1
0,2229.62,1.91391e+07,0.0214233,13.9827,9.89073,0.101105,17437.5,0,0.0104065,1.00003,0,0,7.22637e+06,0.027771,0.0240716,2.7072,1.44075,1.00961,1,1
0,2329.61,2.09564e+07,0.0259705,12.8208,8.91404,0.112183,27236.1,0,0.00393677,1.00003,0,0,1.04156e+07,0.0377197,0.0235192,5.656,1.05509,1.0012,1,1
0,2252.66,1.92977e+07,0.0195007,13.6818,9.64332,0.103699,27537.7,0,0.00302124,1.00003,0,0,7.81722e+06,0.0290222,0.0240643,10.2354,1.05509,1.0012,1,1
0,2238.47,1.94019e+07,0.0183716,13.4348,9.78441,0.102203,28300.2,0,0.00283813,1.00003,0,0,7.46906e+06,0.0274963,0.0230627,11.26,1.02755,1.0006,1,1
0,2450.84,2.03026e+07,0.0325928,13.5304,7.68661,0.130096,47021.9,0,0.0126038,1.00003,0,0,1.22291e+07,0.0543213,0.0241906,11.3828,1.02755,1.0006,1,1
0,2249.19,1.91922e+07,0.0201721,14.4688,9.85207,0.101501,29902.1,0,0.00418091,1.00003,0,0,7.31341e+06,0.0273438,0.0231308,11.3828,1.02755,1.0006,1,1
0,3978.16,8.22657e+07,0.0776672,11.1502,6.22374,0.160675,64646.8,0,0.00411987,1.00003,0,0,6.73577e+07,0.0872498,0.0271775,11.3828,1.02755,1.0006,1,1
0,2262.66,1.93946e+07,0.0194092,14.265,9.65468,0.103577,35057.1,0,0.000335693,1.00003,0,0,7.8423e+06,0.0305176,0.0234635,8.26543,1.01377,1.0003,1,1
0,2436.59,2.31587e+07,0.0374756,12.585,7.91115,0.126404,51749.4,0,0.00201416,1.00003,0,0,1.46611e+07,0.0513,0.0227365,10.9803,1.35887,1.01979,1,1
0,2814.77,3.41655e+07,0.0374756,12.627,7.42702,0.134644,51818.7,0,0.0111084,1.00003,0,0,2.36995e+07,0.059845,0.0516614,10.922,1.01121,1.00062,1,1
0,3074.86,2.93696e+07,0.0438538,11.7637,6.97043,0.143463,50973.9,0,0.00259399,1.00003,0,0,2.73669e+07,0.0560608,0.0353096,3.315,1.00299,1.00591,1,1
0,2268.64,1.94457e+07,0.0198669,13.6513,9.50348,0.105225,24612.3,0,0.00137329,1.00003,0,0,8.3072e+06,0.0298767,0.0234384,4.69332,1.00299,1.00591,1,1
0,2304.95,2.03393e+07,0.0222168,13.656,9.28535,0.107697,26533.7,0,0.00131226,1.00003,0,0,8.90419e+06,0.0333252,0.024649,5.14785,1.05614,1.00074,1,1
0,2317.36,2.03207e+07,0.0225525,13.8632,9.29325,0.107605,25916.3,0,0.00134277,1.00003,0,0,9.05779e+06,0.0331116,0.0231275,4.21179,1.02807,1.00037,1,1
0,2506.31,2.50362e+07,0.0309143,13.0175,8.36986,0.119476,48324.1,0,0.00268555,1.00003,0,0,1.38235e+07,0.0458374,0.0229329,5.87111,1.0107,1.00009,1,1
0,2324.56,2.10488e+07,0.0220947,13.5703,9.42422,0.10611,25989.2,0,0.00689697,1.00003,0,0,9.57491e+06,0.0307617,0.0220094,5.87111,1.0107,1.00009,1,1
0,2297.41,1.99092e+07,0.0215759,14.0243,9.58129,0.10437,27242.8,0,0.00637817,1.00003,0,0,8.60621e+06,0.0323181,0.0220698,5.87111,1.0107,1.00009,1,1
0,2287.31,2.00455e+07,0.0205688,13.7614,9.49247,0.105347,27356.2,0,0.00738525,1.00003,0,0,8.42035e+06,0.0301514,0.0237388,5.87111,1.0107,1.00009,1,1
0,8083.7,3.03491e+08,0.1492,8.13564,3.87649,0.257965,120946,0,0.0368652,1.00003,0,0,1.7897e+08,0.168365,0.0693252,5.87111,1.0107,1.00009,1,1
0,2279.23,1.94895e+07,0.0220947,13.7831,9.48697,0.105408,25698,0,0.00622559,1.00003,0,0,8.5975e+06,0.0311584,0.0263901,5.87111,1.0107,1.00009,1,1
0,27083.8,9.19936e+08,0.223145,4.99678,2.48657,0.402161,205848,0,0.134857,1.00003,0,0,5.91435e+08,0.271271,0.486053,1.02529,1.00119,1,1.00084,1.00023
0,31631.5,9.49946e+08,0.262054,3.68867,2.20883,0.452728,42427.5,0,0.130188,1.00003,0,0,6.54144e+08,0.265625,0.456481,1.0405,1.01218,1.00187,1.00002,1
0,2392.78,2.18278e+07,0.0293579,13.4305,8.61862,0.116028,32720,0,0.00643921,1.00003,0,0,1.20893e+07,0.043396,0.0283002,1.09618,1.36215,1.03811,1.00001,1
0,2213.19,1.87837e+07,0.0238953,14.4418,10.0856,0.0991516,16427.2,0,0.00479126,1.00003,0,0,6.94733e+06,0.0254822,0.0245243,1.09618,1.60885,1.06846,1.00001,1
0,2395.38,2.42394e+07,0.0256958,13.7811,8.87541,0.112671,25728.4,0,0.0083313,1.00003,0,0,1.0516e+07,0.0419312,0.0236438,1.3834,1.45572,1.08143,1.00001,1
0,3884.25,7.48852e+07,0.110382,9.86074,4.6758,0.213867,206404,0,0.0290527,1.00003,0,0,5.71858e+07,0.113098,0.0810874,1.22289,1.1103,1.00001,1,1.01686
0,2386.25,2.31313e+07,0.0236511,13.7738,9.53945,0.104828,19641.1,0,0.0015564,1.00003,0,0,1.22982e+07,0.0329285,0.0251925,1.30898,1.2924,1.01926,1,1.00692
0,2406.62,2.31622e+07,0.0228882,13.8947,9.36496,0.106781,21371.3,0,0.000915527,1.00003,0,0,1.21626e+07,0.0324402,0.026681,1.41612,1.39371,1.00321,1,1.00772
0,3165,3.41181e+07,0.0471191,10.9156,6.87248,0.145508,49685.2,0,0.00308228,1.00003,0,0,3.22309e+07,0.057251,0.0247785,1.41612,1.39371,1.00321,1,1.00772
0,2497.64,2.44067e+07,0.0366516,13.3601,8.41716,0.118805,26464.1,0,0.0138245,1.00003,0,0,1.60404e+07,0.0436096,0.035425,1.41612,1.39371,1.00321,1,1.00772
0,2359.19,2.21325e+07,0.0201416,14.018,9.71767,0.102905,24100.7,0,0.00476074,1.00003,0,0,1.15118e+07,0.0315247,0.0239721,1.41612,1.39371,1.00321,1,1.00772
0,2559.53,2.2709e+07,0.0350342,13.3992,7.63467,0.130981,31712.4,0,0.00817871,1.00003,0,0,1.62319e+07,0.054657,0.0244252,2.0089,1.73615,1.0103,1.00047,1.00048
0,2364.67,2.19904e+07,0.020874,14.1474,9.85504,0.101471,26143.4,0,0.00323486,1.00003,0,0,1.10264e+07,0.0271301,0.0242228,2.0089,1.73615,1.0103,1.00047,1.00048
0,2387.98,2.23899e+07,0.0207214,14.3337,9.63481,0.10379,28165,0,0.00363159,1.00003,0,0,1.12937e+07,0.0297546,0.0240675,2.0089,1.73615,1.0103,1.00047,1.00048
0,2759.33,3.872e+07,0.03302,13.3656,8.41716,0.118805,40620.1,0,0.00506592,1.00003,0,0,2.39959e+07,0.0438843,0.0250974,1.83102,1.71182,1.31656,1.05029,1.00122
0,2415.78,2.25141e+07,0.0197754,14.1228,9.41609,0.106201,31032.4,0,0.00405884,1.00003,0,0,1.19491e+07,0.031189,0.0246668,1.83102,1.71182,1.31656,1.05029,1.00122
0,2588.28,2.65135e+07,0.0420837,12.9981,7.8505,0.12738,52188.7,0,0.0093689,1.00003,0,0,1.93536e+07,0.0548096,0.0343119,2.37716,1.22589,1.1568,1.01257,1.00031
0,2344.69,2.17806e+07,0.0191956,13.6574,9.71767,0.102905,31548.4,0,0.00314331,1.00003,0,0,1.07607e+07,0.0278625,0.0248777,1.67019,2.80195,1.00396,1.00065,1.00007
0,2363.38,2.1656e+07,0.0192261,14.0272,9.58409,0.10434,29337.3,0,0.00323486,1.00003,0,0,1.09676e+07,0.0291748,0.0249283,1.34975,1.94307,1.00025,1.00004,1
0,2375.83,2.20576e+07,0.0218506,13.7604,9.52835,0.10495,26199.1,0,0.003479,1.00003,0,0,1.14606e+07,0.0308533,0.0248128,1.28225,1.56219,1,1,1
0,4024.94,6.36758e+07,0.063324,21.3728,6.22611,0.160614,76308.7,0,0.0173035,1.00003,0,0,4.87578e+07,0.0918274,0.0534999,1.68786,1.0205,1.1589,1.0096,1.16341
0,2503.56,2.43031e+07,0.0236816,13.5395,8.79442,0.113708,45510.4,0,0.00482178,1.00003,0,0,1.40713e+07,0.0389709,0.0327623,1.68786,1.0205,1.1589,1.0096,1.16341
0,2426.91,2.2662e+07,0.0238647,13.6412,9.11996,0.10965,43178.1,0,0.00500488,1.00003,0,0,1.29106e+07,0.0332336,0.024913,2.13616,1.0205,1.1589,1.0096,1.16341
0,2447.48,2.31124e+07,0.0343018,13.014,8.43884,0.1185,37733.2,0,0.00921631,1.00003,0,0,1.49432e+07,0.0432739,0.0238752,1.95635,3.14055,1.01471,1.00133,1.00146
0,2341.36,2.13465e+07,0.0189209,13.8981,9.79319,0.102112,32927.4,0,0.00469971,1.00003,0,0,1.08334e+07,0.0291443,0.024154,1.55332,2.13505,1.00183,1.00004,1.00309
0,2380.27,2.21827e+07,0.0195618,13.9039,9.50348,0.105225,33760.2,0,0.00567627,1.00003,0,0,1.12067e+07,0.0313416,0.0248891,1.21543,1.17061,1.00394,1.00001,1
0,2362.03,2.16891e+07,0.0211182,13.7566,9.46505,0.105652,34127.3,0,0.00460815,1.00003,0,0,1.12686e+07,0.0307922,0.0236794,1.34699,1.25708,1.00342,1,1
0,4900.98,9.47332e+07,0.12973,14.483,4.48385,0.223022,376985,0,0.0331726,1.00003,0,0,8.03891e+07,0.137848,0.0725785,1.18405,1.0567,1.02499,1.00026,1
0,2447.14,2.32019e+07,0.0289307,13.3835,8.85143,0.112976,30030,0,0.00479126,1.00003,0,0,1.41906e+07,0.0395508,0.0279394,1.18405,1.0567,1.02499,1.00026,1
0,2649.14,3.53405e+07,0.0308533,13.2324,8.85143,0.112976,36610.1,0,0.0038147,1.00003,0,0,2.15578e+07,0.0384216,0.0257396,1.18405,1.0567,1.02499,1.00026,1
0,2351.33,2.16593e+07,0.02005,13.8283,9.58689,0.104309,31750.8,0,0.00338745,1.00003,0,0,1.12143e+07,0.0304871,0.0245724,1.18405,1.0567,1.02499,1.00026,1
0,2389.7,2.21828e+07,0.0211182,13.6198,9.36229,0.106812,31292.1,0,0.00372314,1.00003,0,0,1.17299e+07,0.0330505,0.0248199,1.18405,1.0567,1.02499,1.00026,1
0,2371.12,2.17353e+07,0.0190125,13.7551,9.52558,0.10498,30854.4,0,0.00411987,1.00003,0,0,1.13751e+07,0.0304565,0.024988,1.18405,1.0567,1.02499,1.00026,1
0,2511.72,2.60064e+07,0.0338745,13.3976,8.42149,0.118744,33808.3,0,0.0152893,1.00003,0,0,1.55581e+07,0.0455017,0.0248654,1.91286,1.43059,1.00026,1,1
0,2547.5,2.64321e+07,0.033844,14.0243,8.71953,0.114685,41342.2,0,0.00805664,1.00003,0,0,1.67736e+07,0.044342,0.0272512,1.68342,1.65306,1.13199,1,1
0,2369.55,2.18868e+07,0.0222473,14.523,9.74658,0.1026,25250.9,0,0.0062561,1.00003,0,0,1.12353e+07,0.0315857,0.0231522,1.91703,1.55055,1.0018,1,1
0,2418.28,2.25657e+07,0.0231934,13.9209,9.10475,0.109833,34140.7,0,0.00762939,1.00003,0,0,1.26909e+07,0.0355225,0.0258315,1.82659,1.42835,1.00013,1,1
0,3334.8,6.84443e+07,0.0551758,11.7507,6.73269,0.148529,44003.3,0,0.0108032,1.00003,0,0,4.44667e+07,0.060791,0.0294097,1.82659,1.42835,1.00013,1,1
0,2365.42,2.17361e+07,0.0182495,14.1087,9.72922,0.102783,26389,0,0.00369263,1.00003,0,0,1.09517e+07,0.030426,0.0236792,1.82659,1.42835,1.00013,1,1
0,2388.45,2.24638e+07,0.020752,14.0381,9.476,0.10553,25759.2,0,0.0038147,1.00003,0,0,1.16106e+07,0.0327759,0.0231724,1.82659,1.42835,1.00013,1,1
0,2338.28,2.14869e+07,0.0184631,13.9903,9.79319,0.102112,26716.5,0,0.00335693,1.00003,0,0,1.07279e+07,0.0262451,0.0231461,1.82659,1.42835,1.00013,1,1
0,2418.88,2.31164e+07,0.0245056,13.5055,9.12758,0.109558,31479.1,0,0.00662231,1.00003,0,0,1.33688e+07,0.0341492,0.0235922,1.82659,1.42835,1.00013,1,1
0,2739.44,3.74681e+07,0.0345764,13.1364,8.43232,0.118591,39628,0,0.0179749,1.00003,0,0,2.39672e+07,0.0435486,0.0265747,1.82659,1.42835,1.00013,1,1
0,2576.25,2.31928e+07,0.0368347,13.7785,7.55023,0.132446,38700.5,0,0.0133362,1.00003,0,0,1.67434e+07,0.0582886,0.035831,1.82659,2.00473,1.01503,1,1
0,2541.28,2.2298e+07,0.0330811,14.0021,7.74657,0.129089,36308,0,0.0116882,1.00003,0,0,1.56841e+07,0.0549316,0.0225968,1.82659,2.00473,1.01503,1,1
0,2360.83,2.18901e+07,0.0209045,14.3982,9.92669,0.100739,29142.6,0,0.00540161,1.00003,0,0,1.10577e+07,0.0290833,0.022825,1.82659,2.00473,1.01503,1,1
0,2399.7,2.25727e+07,0.0252075,14.6066,9.58689,0.104309,29114.7,0,0.00582886,1.00003,0,0,1.15185e+07,0.033905,0.0231323,1.82659,2.00473,1.01503,1,1
0,5387.08,1.56635e+08,0.12796,9.69831,4.51474,0.221497,123305,0,0.0328064,1.00003,0,0,1.12429e+08,0.15033,0.0497006,1.89113,1.1694,1.00264,1,1
0,2385.77,2.23787e+07,0.0243835,14.6472,9.60375,0.104126,38080.9,0,0.00466919,1.00003,0,0,1.15164e+07,0.0299072,0.0250614,2.10624,1.25254,1.00264,1,1
0,2372.39,2.17747e+07,0.0223389,13.7656,9.39989,0.106384,35184.2,0,0.0057373,1.00003,0,0,1.16613e+07,0.0332031,0.0255444,2.10624,1.25254,1.00264,1,1
0,2424.09,2.26294e+07,0.0260925,14.0029,9.15307,0.109253,34225.4,0,0.0071106,1.00003,0,0,1.23443e+07,0.0354614,0.0245334,2.10624,1.25254,1.00264,1,1
0,2427.41,2.28398e+07,0.0264282,13.4495,9.09969,0.109894,38356.4,0,0.00674438,1.00003,0,0,1.36893e+07,0.0383606,0.0242023,2.80723,1.40922,1.01756,1,1
0,3144.06,1.47798e+08,0.0411682,13.0988,7.79634,0.128265,61770.3,0,0.0187683,1.00003,0,0,3.12986e+07,0.0559082,0.0221408,1.29262,1.93845,1.05795,1.00302,1
0,3892.33,6.76873e+07,0.0779724,18.0266,5.92979,0.16864,97833.4,0,0.0140686,1.00003,0,0,5.25568e+07,0.102081,0.0380709,1.50713,1.6283,1.00002,1,1
0,2275.33,2.06669e+07,0.0211487,13.1474,9.71191,0.102966,28679.3,0,0.00369263,1.00003,0,0,1.10469e+07,0.0394287,0.0234829,1.50713,1.6283,1.00002,1,1
0,3464.92,5.31203e+07,0.0307312,17.8314,7.54328,0.132568,36993.6,0,0.00341797,1.00003,0,0,3.33404e+07,0.0621033,0.0249167,1.50713,1.6283,1.00002,1,1
0,2266.48,2.04306e+07,0.0209961,13.3135,9.81078,0.101929,33465,0,0.00311279,1.00003,0,0,1.05958e+07,0.0265503,0.0222936,1.50713,1.6283,1.00002,1,1
0,2292.12,2.09945e+07,0.0211182,13.6182,9.91768,0.10083,29535.6,0,0.00421143,1.00003,0,0,1.05165e+07,0.0325317,0.0241512,1.50713,1.6283,1.00002,1,1
0,2757.8,3.79444e+07,0.0416565,12.1283,7.80934,0.128052,42636.5,0,0.0135803,1.00003,0,0,2.69747e+07,0.0578918,0.0253369,2.63238,1.7441,1.03438,1,1
0,2385.09,2.21435e+07,0.0372009,12.4067,8.2456,0.121277,38481.4,0,0.010437,1.00003,0,0,1.54204e+07,0.0462036,0.0292963,2.03202,1.36605,1.00637,1.00009,1
0,2266.55,2.04471e+07,0.0184937,13.3341,9.90568,0.100952,31707.8,0,0.00354004,1.00003,0,0,1.05277e+07,0.0273438,0.0222994,1.81302,1.32265,1.0004,1.00001,1
0,2307,2.13763e+07,0.0205994,13.0955,9.57289,0.104462,31116.6,0,0.00390625,1.00003,0,0,1.11421e+07,0.0326538,0.0220835,1.86332,1.50833,1,1,1
0,2309.09,2.12387e+07,0.0202332,13.144,9.67178,0.103394,30048.1,0,0.00448608,1.00003,0,0,1.11867e+07,0.0317383,0.0212094,1.50674,2.02098,1.02234,1.00417,1
0,3111.38,2.55406e+07,0.0381775,17.3395,7.683,0.130157,40382.1,0,0.00845337,1.00003,0,0,2.35556e+07,0.0593567,0.0234286,1.52835,1.6747,1.00111,1.00074,1.00015
0,2284.23,2.09722e+07,0.0212402,13.3819,9.82843,0.101746,31131.4,0,0.00537109,1.00003,0,0,1.08063e+07,0.0327759,0.0220535,1.48288,1.50186,1.03792,1.01871,1
0,2256.23,2.01483e+07,0.0174866,13.4514,9.87285,0.101288,31171.7,0,0.00512695,1.00003,0,0,1.0305e+07,0.0279236,0.0227569,1.37556,1.67682,1.00822,1.00234,1
0,2318.66,2.14114e+07,0.0270081,13.5708,9.33827,0.107086,32153,0,0.00628662,1.00003,0,0,1.20571e+07,0.0345154,0.0222813,1.71561,1.30088,1.07987,1.00314,1
0,2750.45,4.31454e+07,0.0346069,12.6333,8.51338,0.117462,61152.9,0,0.00753784,1.00003,0,0,2.74171e+07,0.0397034,0.0317782,1.76094,1.44777,1.00088,1.00004,1
0,2426,2.4868e+07,0.0387268,12.6361,8.35705,0.119659,53622.7,0,0.00848389,1.00003,0,0,1.53569e+07,0.0468445,0.0248335,1.39341,2.01413,1.07563,1.06256,1
0,2371.66,2.03301e+07,0.035675,12.6996,8.78263,0.113861,47157.1,0,0.00689697,1.00003,0,0,1.52049e+07,0.0444031,0.0228185,2.0692,1.61159,1.03628,1.00098,1
0,2256.3,1.74184e+07,0.0205688,13.643,9.78149,0.102234,26583.4,0,0.00500488,1.00003,0,0,1.04105e+07,0.0313416,0.022253,2.22434,1.51919,1.00028,1.00001,1
0,2262.97,1.76675e+07,0.0196533,13.583,9.86691,0.101349,29716.9,0,0.00531006,1.00003,0,0,1.04468e+07,0.0273743,0.0220874,2.15054,1.53563,1,1,1
0,3173.02,6.72326e+07,0.0442505,12.3583,7.67221,0.130341,43609,0,0.00704956,1.00003,0,0,4.04823e+07,0.0548096,0.0279074,1.10556,1.07941,1.01512,1.00058,1.00055
0,2276.17,1.81982e+07,0.0222168,13.1527,9.48972,0.105377,28186.4,0,0.0065918,1.00003,0,0,1.12251e+07,0.0322571,0.0224022,1.13268,1.12684,1.01831,1.00058,1.00055
0,2237.56,1.71962e+07,0.0193787,13.2721,9.80491,0.10199,24598.5,0,0.00616455,1.00003,0,0,1.03951e+07,0.0289307,0.0219099,1.1531,1.13461,1.01473,1.00138,1
0,3014.59,4.67668e+07,0.0502625,12.0638,7.43713,0.13446,96972.8,0,0.00881958,1.00003,0,0,3.26523e+07,0.0602722,0.0274554,1.1344,1.06039,1.01292,1.00331,1
0,2352.11,1.92181e+07,0.0295715,13.3078,8.97753,0.111389,37426.9,0,0.00622559,1.00003,0,0,1.38414e+07,0.0387268,0.0237591,1.1344,1.06039,1.01292,1.00331,1
0,2344.22,1.92426e+07,0.0274658,13.5977,9.31174,0.107391,38488.8,0,0.00500488,1.00003,0,0,1.32086e+07,0.0377197,0.0224205,1.1344,1.06039,1.01292,1.00331,1
0,2268.47,1.76593e+07,0.0195618,13.8628,9.87285,0.101288,29204.9,0,0.00592041,1.00003,0,0,1.06624e+07,0.0296326,0.0215317,1.1344,1.06039,1.01292,1.00331,1
0,2250.88,1.72253e+07,0.0219727,13.6784,9.8432,0.101593,30437.6,0,0.00588989,1.00003,0,0,1.06655e+07,0.026062,0.0217271,1.1344,1.06039,1.01292,1.00331,1
0,2467.59,1.89356e+07,0.0361023,13.5,7.71556,0.129608,47576.2,0,0.00726318,1.00003,0,0,1.54291e+07,0.0548401,0.0236693,1.1344,1.06039,1.01292,1.00331,1
0,2243.22,1.76171e+07,0.0170593,13.5849,9.972,0.100281,29654.8,0,0.00732422,1.00003,0,0,1.00849e+07,0.0269775,0.022314,1.1344,1.06039,1.01292,1.00331,1
0,2282.67,1.79586e+07,0.0189514,13.7935,9.78149,0.102234,32398.9,0,0.00735474,1.00003,0,0,1.05344e+07,0.0276184,0.0225519,1.1344,1.06039,1.01292,1.00331,1
0,2283.41,1.79075e+07,0.0227661,13.6787,9.59531,0.104218,32194.5,0,0.0071106,1.00003,0,0,1.13004e+07,0.0299683,0.0228595,1.17842,1.1054,1.01187,1.00003,1
0,2542.38,2.30184e+07,0.0577698,11.6534,6.90725,0.144775,71765.8,0,0.0122681,1.00003,0,0,2.16422e+07,0.0714722,0.0335394,1.23675,1.17548,1.01978,1,1
0,2264.97,1.76461e+07,0.0180359,13.5063,9.91768,0.10083,29767.1,0,0.00668335,1.00003,0,0,1.04479e+07,0.0290527,0.022767,1.23675,1.17548,1.01978,1,1
0,2252.66,1.74295e+07,0.0180359,13.4854,9.87285,0.101288,29173.9,0,0.00579834,1.00003,0,0,1.0367e+07,0.0291443,0.0224924,1.23675,1.17548,1.01978,1,1
0,2329.38,1.8497e+07,0.0237122,13.6595,9.43779,0.105957,33190.7,0,0.00643921,1.00003,0,0,1.15789e+07,0.0335999,0.0228464,1.29445,1.14127,1.02966,1,1
0,2236.77,1.73392e+07,0.0171204,13.425,9.97504,0.10025,28794.7,0,0.00543213,1.00003,0,0,1.02497e+07,0.0257263,0.021945,1.31757,1.20584,1.05291,1,1
0,2257.56,1.77732e+07,0.019104,13.0199,9.68894,0.10321,28813.2,0,0.00640869,1.00003,0,0,1.0836e+07,0.0281982,0.0216115,1.42073,1.25483,1.00993,1.00021,1
0,2939.52,2.64176e+07,0.0409546,10.5591,7.09879,0.140869,70618.5,0,0.00723267,1.00003,0,0,2.58248e+07,0.0579834,0.0247206,1.43415,1.28931,1.07322,1.00901,1
0,2405.02,1.98052e+07,0.0363464,12.7914,8.2915,0.120605,38666.8,0,0.00750732,1.00003,0,0,1.51378e+07,0.0437012,0.0248505,1.65655,1.42091,1.03897,1.00007,1
0,29564.6,9.32283e+08,0.251984,3.9763,2.34543,0.426361,384310,0,0.220917,1.00003,0,0,6.22444e+08,0.281494,0.428647,1.28437,1.0825,1.14075,1.00986,1
0,31447.6,9.61624e+08,0.228027,3.88209,2.4142,0.414215,193084,0,0.256165,1.00003,0,0,6.40764e+08,0.225159,0.423883,1.28437,1.0825,1.14075,1.00986,1
0,2231.95,1.63193e+07,0.0254211,13.6279,9.23823,0.108246,19584.9,0,0.00271606,1.00003,0,0,9.54726e+06,0.0336914,0.0231014,1.28437,1.0825,1.14075,1.00986,1
0,2335.97,1.80419e+07,0.0354614,12.3252,8.1675,0.122437,40556.1,0,0.00506592,1.00003,0,0,1.34559e+07,0.0482483,0.0374716,1.28437,1.0825,1.14075,1.00986,1
0,2311.44,1.73279e+07,0.0407104,13.1374,8.10888,0.123322,28835.3,0,0.00753784,1.00003,0,0,1.25281e+07,0.0493164,0.0221332,1.28437,1.0825,1.14075,1.00986,1
0,2143.66,1.46661e+07,0.0187683,13.3029,9.89073,0.101105,21690.6,0,0.00488281,1.00003,0,0,7.08813e+06,0.0275879,0.021181,1.28437,1.0825,1.14075,1.00986,1
0,2180.03,1.51751e+07,0.0189819,13.6787,9.86691,0.101349,24846.4,0,0.0039978,1.00003,0,0,7.55917e+06,0.0296326,0.0223326,1.40812,1.0825,1.14075,1.00986,1
0,2190.77,1.5319e+07,0.0216064,13.5111,9.58129,0.10437,26523.6,0,0.00515747,1.00003,0,0,8.14899e+06,0.0299377,0.0227056,1.40812,1.0825,1.14075,1.00986,1
0,2192.44,1.51274e+07,0.0209961,14.2724,9.84911,0.101532,18332.4,0,0.00521851,1.00003,0,0,7.67283e+06,0.0299988,0.0226918,1.40812,1.0825,1.14075,1.00986,1
0,2213.83,1.55873e+07,0.0240784,13.4026,9.40798,0.106293,25387.8,0,0.00656128,1.00003,0,0,8.38246e+06,0.0335388,0.0216988,1.40812,1.0825,1.14075,1.00986,1
0,2157.16,1.47619e+07,0.0199585,13.5298,9.90568,0.100952,31921.6,0,0.00634766,1.00003,0,0,7.3815e+06,0.0275879,0.0215788,1.40812,1.0825,1.14075,1.00986,1
0,2332.47,1.92834e+07,0.0353088,12.7183,8.26431,0.121002,31552.4,0,0.0166016,1.00003,0,0,1.27002e+07,0.0468445,0.0237293,1.40812,1.0825,1.14075,1.00986,1
0,2324.5,1.88236e+07,0.032959,13.2859,8.8682,0.112762,42316.8,0,0.00665283,1.00003,0,0,1.32096e+07,0.0423584,0.0240736,1.40812,1.0825,1.14075,1.00986,1
0,2238.36,1.64608e+07,0.0235596,13.6382,9.53945,0.104828,20489.2,0,0.000244141,1.00003,0,0,8.25498e+06,0.0339355,0.0275278,1.40812,1.0825,1.14075,1.00986,1
0,3561.97,6.02279e+07,0.0682983,11.3768,6.47461,0.154449,265271,0,0.00363159,1.00003,0,0,5.29336e+07,0.0829468,0.0759162,1.40812,1.0825,1.14075,1.00986,1
0,2289.56,1.86944e+07,0.0291138,13.7085,9.58689,0.104309,19874.7,0,0.0062561,1.00003,0,0,1.19675e+07,0.0371704,0.0281021,1.14931,1.14053,1.03259,1.00001,1
0,2273.14,1.84798e+07,0.0195007,13.8661,10.0485,0.0995178,19899.5,0,0.0010376,1.00003,0,0,1.10546e+07,0.0288086,0.0223356,1.14931,1.14053,1.03259,1.00001,1
0,2338.27,1.9618e+07,0.024231,14.1646,9.89073,0.101105,19655,0,0.00137329,1.00003,0,0,1.19291e+07,0.0322571,0.0229111,1.14931,1.14053,1.03259,1.00001,1
0,2331.06,1.94909e+07,0.0221863,13.9354,9.71479,0.102936,18477.7,0,0.00210571,1.00003,0,0,1.20571e+07,0.0346375,0.0214318,1.14931,1.14053,1.03259,1.00001,1
0,2401.58,2.0718e+07,0.0311584,13.4306,9.0022,0.111084,24012.6,0,0.0107727,1.00003,0,0,1.4613e+07,0.0403442,0.0231751,1.14931,1.14053,1.03259,1.00001,1
0,2300.47,1.87984e+07,0.01828,14.3325,10.1575,0.0984497,20922.8,0,0.00384521,1.00003,0,0,1.06798e+07,0.0283508,0.0227001,1.14931,1.14053,1.03259,1.00001,1
0,2297.3,1.86461e+07,0.0220337,13.9582,9.99024,0.100098,20990.7,0,0.00320435,1.00003,0,0,1.06947e+07,0.0291748,0.0233244,1.14931,1.14053,1.03259,1.00001,1
0,2539.38,2.06341e+07,0.0424194,13.3942,7.45914,0.134064,38645.9,0,0.0162659,1.00003,0,0,1.74428e+07,0.0642395,0.024648,1.14931,1.14053,1.03259,1.00001,1
0,2321.5,1.87102e+07,0.0219116,13.8959,9.58689,0.104309,25624.6,0,0.0045166,1.00003,0,0,1.13782e+07,0.032196,0.022277,1.14931,1.14053,1.03259,1.00001,1
0,2320.55,1.87393e+07,0.0173035,13.9155,9.649,0.103638,23051.2,0,0.00369263,1.00003,0,0,1.09076e+07,0.0292358,0.0230805,1.14931,1.14053,1.03259,1.00001,1
0,2294.23,1.82556e+07,0.019928,14.0227,9.72922,0.102783,23133.2,0,0.0045166,1.00003,0,0,1.10531e+07,0.0269775,0.0247051,1.14931,1.14053,1.03259,1.00001,1
0,2585.48,2.41393e+07,0.0391541,12.6608,7.94761,0.125824,38222.3,0,0.0122986,1.00003,0,0,2.06812e+07,0.0517883,0.0248191,1.14931,1.14053,1.03259,1.00001,1
0,2377.28,1.98191e+07,0.0224609,13.5006,9.13521,0.109467,29978.3,0,0.0032959,1.00003,0,0,1.28005e+07,0.0353394,0.0268673,1.14931,1.14053,1.03259,1.00001,1
0,3839.39,7.39299e+07,0.0724182,11.6847,6.46439,0.154694,61013,0,0.0228882,1.00003,0,0,6.41203e+07,0.0829468,0.0225468,1.42826,1.16505,1.01833,1.00252,1
0,2292.14,1.78039e+07,0.0234985,13.7229,9.48697,0.105408,37635.5,0,0.00427246,1.00003,0,0,1.12476e+07,0.0301514,0.0242744,1.40614,1.42796,1.00882,1.00392,1
0,2273.2,1.79594e+07,0.0187073,13.3933,9.79026,0.102142,35245.8,0,0.00262451,1.00003,0,0,1.04888e+07,0.0323792,0.0246378,1.6841,1.7148,1.00861,1.00196,1
0,2484.8,9.02148e+07,0.0235901,13.4506,9.09464,0.109955,35835.7,0,0.00570679,1.00003,0,0,1.55464e+07,0.0350952,0.024324,1.6841,1.7148,1.00861,1.00196,1
0,2252.3,1.73137e+07,0.0193787,13.4617,9.88477,0.101166,44384.2,0,0.00460815,1.00003,0,0,1.0368e+07,0.0279846,0.0231545,1.6841,1.7148,1.00861,1.00196,1
0,2298.11,1.80355e+07,0.0207825,13.4484,9.56172,0.104584,33179.5,0,0.00549316,1.00003,0,0,1.10367e+07,0.0308838,0.0220162,1.6841,1.7148,1.00861,1.00196,1
0,2318.73,1.84308e+07,0.0222473,13.5075,9.60094,0.104156,29141.7,0,0.00552368,1.00003,0,0,1.14079e+07,0.0317383,0.0236093,1.6841,1.7148,1.00861,1.00196,1
0,2749.2,3.46377e+07,0.0403748,12.9691,8.09486,0.123535,54908.8,0,0.0222473,1.00003,0,0,2.63342e+07,0.0535889,0.0223346,1.73694,1.63867,1.00215,1.00049,1
0,2307.11,1.79016e+07,0.0210571,13.943,9.62632,0.103882,46643.9,0,0.00650024,1.00003,0,0,1.101e+07,0.0305481,0.0237035,1.64131,1.35151,1.01882,1.00003,1
0,2325.92,1.84805e+07,0.0215454,13.8214,9.51728,0.105072,50500.3,0,0.00616455,1.00003,0,0,1.14452e+07,0.0319824,0.0229772,1.64131,1.35151,1.01882,1.00003,1
0,2405.09,1.97493e+07,0.0357971,13.167,8.40205,0.119019,51937,0,0.00753784,1.00003,0,0,1.49478e+07,0.0457153,0.0233967,2.22688,1.63213,1.00915,1,1
0,2275.45,1.78571e+07,0.0175781,13.7101,10.0208,0.0997925,35277.4,0,0.00515747,1.00003,0,0,1.03977e+07,0.027832,0.02246,1.78919,1.34911,1.00114,1,1
0,2297.33,1.78869e+07,0.0238647,13.6084,9.62067,0.103943,33130.7,0,0.00579834,1.00003,0,0,1.11503e+07,0.0333252,0.0242414,1.89284,1.42096,1.00057,1,1
0,12954.6,2.94918e+08,0.293864,16.4857,2.02827,0.493032,6091.34,0,0.00524027,1.00004,0,0,1.66211e+08,0.493032,0.636911,1,1,1,1,1
0,13302.9,3.05326e+08,0.137726,17.8807,2.46543,0.405609,12877.9,0,0.0198059,1.00003,0,0,1.65947e+08,0.0844727,0.647772,1,1,1,1,1
0,12725.8,2.88871e+08,0.170776,21.5639,2.43086,0.411377,12872.1,0,0.0898132,1.00003,0,0,1.69236e+08,0.018158,0.640825,1,1,1,1,1
0,12848.2,2.91932e+08,0.158142,20.7833,2.46117,0.406311,13319.6,0,0.066864,1.00003,0,0,1.66081e+08,0.0145569,0.627747,1,1,1,1,1
0,13128,3.00042e+08,0.143066,19.2894,2.47567,0.403931,13368.2,0,0.00552368,1.00003,0,0,1.6593e+08,0.0117798,0.537177,1,1,1,1,1
0,13124.7,3.01546e+08,0.14801,19.5773,2.46636,0.405457,13465.8,0,0.00906372,1.00003,0,0,1.66583e+08,0.0131226,0.547084,1,1,1,1,1
0,12810.8,2.92849e+08,0.159424,21.5821,2.4753,0.403992,12670.9,0,0.00210571,1.00003,0,0,1.66214e+08,0.024292,0.483712,1,1,1,1,1
0,12526,2.8196e+08,0.167938,22.7313,2.46598,0.405518,13629.7,0,0.0241394,1.00003,0,0,1.65876e+08,0.0158081,0.516397,1.2787,1.03484,1.00004,1.00002,1.10795
0,14898.3,2.53539e+09,0.171173,22.8946,2.45674,0.407043,29761.7,0,0.0406494,1.00003,0,0,2.43085e+08,0.0167236,0.456982,1.19634,1.01266,1.00002,1.00298,1.07549
0,13092.2,2.98673e+08,0.134155,19.4955,2.51462,0.397675,26852,0,0.426758,1.00003,0,0,1.62156e+08,0.011261,0.486705,1.19634,1.01266,1.00002,1.00298,1.07549
0,12633.6,2.84943e+08,0.151489,22.3842,2.51597,0.397461,28508.7,0,0.431641,1.00003,0,0,1.62046e+08,0.0158386,0.452676,1.19634,1.01266,1.00002,1.00298,1.07549
0,12416.1,2.79803e+08,0.167755,23.403,2.48789,0.401947,30136.6,0,0.423676,1.00003,0,0,1.64453e+08,0.0154419,0.454921,1.19634,1.01266,1.00002,1.00298,1.07549
0,12568.1,2.83085e+08,0.156525,22.6091,2.50348,0.399445,28610.1,0,0.0579529,1.00003,0,0,1.62856e+08,0.0142517,0.490406,1.19634,1.01266,1.00002,1.00298,1.07549
0,12865.6,2.91955e+08,0.150848,20.1554,2.47474,0.404083,28124.5,0,0.0388184,1.00003,0,0,1.64598e+08,0.0163269,0.498882,1.19634,1.01266,1.00002,1.00298,1.07549
0,12536.5,2.83186e+08,0.165192,23.06,2.486,0.402252,29950.4,0,0.0339966,1.00003,0,0,1.65365e+08,0.0162964,0.50531,1.19634,1.01266,1.00002,1.00298,1.07549
0,12633.8,2.85114e+08,0.152588,22.072,2.50616,0.399017,30115.8,0,0.0346375,1.00003,0,0,1.62512e+08,0.0133667,0.504395,1.19634,1.01266,1.00002,1.00298,1.07549
0,13005.5,2.96411e+08,0.140289,20.1113,2.50558,0.399109,28722.4,0,0.0290833,1.00003,0,0,1.63097e+08,0.0113831,0.509894,1.19634,1.01266,1.00002,1.00298,1.07549
0,12549.8,2.81776e+08,0.154297,22.59,2.51077,0.398285,29624.4,0,0.454346,1.00003,0,0,1.62057e+08,0.0150146,0.488494,1.19634,1.01266,1.00002,1.00298,1.07549
0,13043.8,2.99219e+08,0.138947,19.9069,2.50731,0.398834,29309.1,0,0.40274,1.00003,0,0,1.62656e+08,0.0122986,0.519306,1.19634,1.01266,1.00002,1.00298,1.07549
0,12308,2.75734e+08,0.167725,24.2753,2.50233,0.399628,32521.2,0,0.45224,1.00003,0,0,1.62468e+08,0.0151367,0.502314,1.19634,1.01266,1.00002,1.00298,1.07549
0,12466.3,2.79547e+08,0.159454,23.1929,2.50904,0.39856,31080.7,0,0.441437,1.00003,0,0,1.62021e+08,0.012207,0.487455,1.19634,1.01266,1.00002,1.00298,1.07549
0,12798.5,2.90841e+08,0.148621,21.3743,2.50654,0.398956,29847.9,0,0.454834,1.00003,0,0,1.62491e+08,0.0123596,0.513079,1.19634,1.01266,1.00002,1.00298,1.07549
0,12795.7,2.89874e+08,0.147125,21.1953,2.50808,0.398712,30521.7,0,0.483826,1.00003,0,0,1.62374e+08,0.0128174,0.504386,1.19634,1.01266,1.00002,1.00298,1.07549
0,13174.1,3.00835e+08,0.128082,18.7487,2.51616,0.39743,28402.3,0,0.477966,1.00003,0,0,1.61985e+08,0.010437,0.51341,1.19634,1.01266,1.00002,1.00298,1.07549
0,13084.7,2.99135e+08,0.132111,19.6896,2.52645,0.395813,28605.7,0,0.482635,1.00003,0,0,1.61224e+08,0.0104675,0.496218,1.19634,1.01266,1.00002,1.00298,1.07549
0,13227.8,3.03419e+08,0.126312,18.4642,2.5243,0.396149,28436.1,0,0.498291,1.00003,0,0,1.62278e+08,0.0119934,0.571707,1.19634,1.01266,1.00002,1.00298,1.07549
0,12592.9,2.85411e+08,0.145081,22.6307,2.55083,0.392029,29816.3,0,0.439423,1.00003,0,0,1.59412e+08,0.0140381,0.4547,1.19634,1.01266,1.00002,1.00298,1.07549
0,14745.8,2.69513e+09,0.157043,24.3829,2.53996,0.393707,32685.5,0,0.399841,1.00003,0,0,2.37564e+08,0.0193481,0.519317,1.19634,1.01266,1.00002,1.00298,1.07549
0,12277.1,2.74664e+08,0.143097,25.058,2.6085,0.383362,30330.6,0,0.431396,1.00003,0,0,1.55631e+08,0.0269165,0.492144,1.19634,1.01266,1.00002,1.00298,1.07549
0,13198,3.01724e+08,0.105255,18.9412,2.6085,0.383362,27361.1,0,0.490692,1.00003,0,0,1.56468e+08,0.010376,0.502153,1.19634,1.01266,1.00002,1.00298,1.07549
0,12374.6,2.774e+08,0.142426,24.1292,2.59569,0.385254,30761.8,0,0.459717,1.00003,0,0,1.56779e+08,0.0141602,0.457071,1.19634,1.01266,1.00002,1.00298,1.07549
0,12771.8,2.90229e+08,0.126099,21.7165,2.59651,0.385132,29059.6,0,0.467133,1.00003,0,0,1.56772e+08,0.0121765,0.467078,1.19634,1.01266,1.00002,1.00298,1.07549
0,12584,2.83858e+08,0.134247,22.4113,2.58668,0.386597,29589.2,0,0.453247,1.00003,0,0,1.57726e+08,0.0135193,0.467616,1.19634,1.01266,1.00002,1.00298,1.07549
0,13001.2,2.95729e+08,0.114655,20.3063,2.60311,0.384155,27904.2,0,0.484924,1.00003,0,0,1.5638e+08,0.0124207,0.535481,1.19634,1.01266,1.00002,1.00298,1.07549
0,13107.1,2.99125e+08,0.108765,19.7687,2.6112,0.382965,28290.8,0,0.486877,1.00003,0,0,1.55951e+08,0.0109558,0.493529,1.19634,1.01266,1.00002,1.00298,1.07549
0,13007.3,2.96651e+08,0.119171,20.2505,2.60022,0.384583,29702.8,0,0.475098,1.00003,0,0,1.57211e+08,0.0127563,0.525066,1.19634,1.01266,1.00002,1.00298,1.07549
0,12147.2,2.69465e+08,0.148712,25.6219,2.59651,0.385132,32201.7,0,0.445526,1.00003,0,0,1.56792e+08,0.0181274,0.47421,1.19634,1.01266,1.00002,1.00298,1.07549
0,12645.2,2.86334e+08,0.127136,22.6856,2.61224,0.382812,29412.9,0,0.457947,1.00003,0,0,1.55679e+08,0.0125732,0.470332,1.19634,1.01266,1.00002,1.00298,1.07549
0,12808.5,2.89651e+08,0.117981,21.2241,2.61412,0.382538,29640.9,0,0.469482,1.00003,0,0,1.5559e+08,0.0117188,0.47851,1.19634,1.01266,1.00002,1.00298,1.07549
0,13242.2,3.03801e+08,0.101288,18.9683,2.62459,0.381012,27436.1,0,0.471558,1.00003,0,0,1.55332e+08,0.0106506,0.482607,1.19634,1.01266,1.00002,1.00298,1.07549
0,12916.4,2.93165e+08,0.113708,20.6627,2.616,0.382263,28878,0,0.467896,1.00003,0,0,1.55344e+08,0.0118103,0.480505,1.19634,1.01266,1.00002,1.00298,1.07549
0,12406.4,2.77298e+08,0.134399,23.9567,2.61016,0.383118,30325,0,0.448334,1.00003,0,0,1.55384e+08,0.0119934,0.478685,1.19634,1.01266,1.00002,1.00298,1.07549
0,12656,2.85768e+08,0.121857,22.6298,2.62669,0.380707,30830.8,0,0.441162,1.00003,0,0,1.54947e+08,0.0140381,0.435144,1.19634,1.01266,1.00002,1.00298,1.07549
0,13111.4,2.99038e+08,0.101898,19.3187,2.63387,0.379669,28666,0,0.477936,1.00003,0,0,1.5455e+08,0.0116577,0.477455,1.19634,1.01266,1.00002,1.00298,1.07549
0,12767.7,2.89401e+08,0.116699,21.9642,2.63451,0.379578,29256.2,0,0.450378,1.00003,0,0,1.54459e+08,0.0114746,0.462973,1.19634,1.01266,1.00002,1.00298,1.07549
0,12938,2.9395e+08,0.112793,20.3473,2.61725,0.38208,30964.8,0,0.47168,1.00003,0,0,1.56329e+08,0.0137634,0.489874,1.19634,1.01266,1.00002,1.00298,1.07549
0,13014,2.96312e+08,0.10553,20.4001,2.63472,0.379547,29351.5,0,0.472534,1.00003,0,0,1.54797e+08,0.0109863,0.490083,1.19634,1.01266,1.00002,1.00298,1.07549
0,12983.9,2.94863e+08,0.105438,20.1426,2.6362,0.379333,28777.8,0,0.485352,1.00003,0,0,1.54253e+08,0.0110474,0.486285,1.19634,1.01266,1.00002,1.00298,1.07549
0,12584.9,2.83348e+08,0.122559,23.0118,2.63197,0.379944,30391.9,0,0.452789,1.00003,0,0,1.54095e+08,0.012146,0.472688,1.19634,1.01266,1.00002,1.00298,1.07549
0,12982.4,2.95273e+08,0.100525,20.4825,2.65758,0.376282,28097.1,0,0.46756,1.00003,0,0,1.52817e+08,0.0109253,0.496339,1.19634,1.01266,1.00002,1.00298,1.07549
0,13142.9,3.01999e+08,0.0976257,19.5848,2.65672,0.376404,30465.7,0,0.454285,1.00003,0,0,1.53553e+08,0.0113525,0.481281,1.19634,1.01266,1.00002,1.00298,1.07549
0,12819.1,2.90394e+08,0.110565,21.5181,2.64578,0.37796,30121.3,0,0.433167,1.00003,0,0,1.5397e+08,0.04776,0.501692,1.19634,1.01266,1.00002,1.00298,1.07549
0,12304.9,2.75309e+08,0.129791,24.7699,2.65564,0.376556,31649,0,0.434479,1.00003,0,0,1.52718e+08,0.02948,0.476617,1.19634,1.01266,1.00002,1.00298,1.07549
0,12972.5,2.96141e+08,0.11499,20.0541,2.60167,0.384369,31514.6,0,0.461029,1.00003,0,0,1.57577e+08,0.0190735,0.463519,1.19634,1.01266,1.00002,1.00298,1.07549
0,12519,2.82193e+08,0.127991,23.2243,2.62249,0.381317,33206.7,0,0.440582,1.00003,0,0,1.55915e+08,0.0177917,0.436526,1.19634,1.01266,1.00002,1.00298,1.07549
0,12888.3,2.92291e+08,0.109528,21.0366,2.64003,0.378784,31461.4,0,0.478149,1.00003,0,0,1.55112e+08,0.0126343,0.492922,1.19634,1.01266,1.00002,1.00298,1.07549
0,12810.4,2.95406e+08,0.119171,21.6389,2.62648,0.380737,36106.8,0,0.45752,1.00003,0,0,1.57463e+08,0.0158997,0.490026,1.19634,1.01266,1.00002,1.00298,1.07549
0,12545.4,2.82428e+08,0.130066,23.4206,2.61851,0.381897,38852.5,0,0.43454,1.00003,0,0,1.578e+08,0.0185852,0.467785,1.19634,1.01266,1.00002,1.00298,1.07549
0,12671.6,2.86361e+08,0.128296,22.4272,2.60125,0.38443,31529,0,0.446594,1.00003,0,0,1.57511e+08,0.0197754,0.466537,1.19634,1.01266,1.00002,1.00298,1.07549
0,12896.5,2.941e+08,0.114716,21.0904,2.62606,0.380798,34526.5,0,0.462189,1.00003,0,0,1.56738e+08,0.0150452,0.478189,1.19634,1.01266,1.00002,1.00298,1.07549
0,12757.5,2.88888e+08,0.114014,21.8917,2.64386,0.378235,30590.8,0,0.457855,1.00003,0,0,1.54758e+08,0.0137329,0.46304,1.19634,1.01266,1.00002,1.00298,1.07549
0,12679.4,2.87714e+08,0.129639,22.6197,2.60518,0.38385,35022.2,0,0.421844,1.00003,0,0,1.60497e+08,0.0200806,0.46206,1.19634,1.01266,1.00002,1.00298,1.07549
0,12992.3,2.96805e+08,0.109619,20.2495,2.62333,0.381195,32037.4,0,0.444336,1.00003,0,0,1.56293e+08,0.016571,0.461111,1.19634,1.01266,1.00002,1.00298,1.07549
0,13326.6,3.06946e+08,0.0913391,18.6713,2.6606,0.375854,29487.7,0,0.45343,1.00003,0,0,1.54225e+08,0.0142517,0.454196,1.19634,1.01266,1.00002,1.00298,1.07549
0,12929.2,2.93868e+08,0.104492,20.8303,2.65974,0.375977,31304.2,0,0.441986,1.00003,0,0,1.55149e+08,0.0135803,0.455946,1.19634,1.01266,1.00002,1.00298,1.07549
0,12404.9,2.79126e+08,0.129486,24.4776,2.64365,0.378265,34234.8,0,0.411804,1.00003,0,0,1.55144e+08,0.0168152,0.449545,1.19634,1.01266,1.00002,1.00298,1.07549
0,12712.8,2.87199e+08,0.112061,22.132,2.65521,0.376617,33175.9,0,0.431305,1.00003,0,0,1.54157e+08,0.0146179,0.434603,1.19634,1.01266,1.00002,1.00298,1.07549
0,12623.3,2.8448e+08,0.115875,22.6981,2.65608,0.376495,35307,0,0.444641,1.00003,0,0,1.53499e+08,0.0145264,0.46923,1.19634,1.01266,1.00002,1.00298,1.07549
0,12733.4,3.28232e+08,0.128479,22.8473,2.61266,0.382751,33952.6,0,0.434784,1.00003,0,0,1.61872e+08,0.0209045,0.454438,1.19634,1.01266,1.00002,1.00298,1.07549
0,13361.2,3.06787e+08,0.0817566,18.2179,2.68326,0.372681,28645.1,0,0.48175,1.00003,0,0,1.52157e+08,0.0110168,0.488044,1.19634,1.01266,1.00002,1.00298,1.07549
0,13017.9,2.95873e+08,0.0950012,20.2949,2.68019,0.373108,29785.7,0,0.482727,1.00003,0,0,1.5208e+08,0.012207,0.487228,1.19634,1.01266,1.00002,1.00298,1.07549
0,12669.3,2.85811e+08,0.108246,22.4565,2.67866,0.373322,30994.9,0,0.456879,1.00003,0,0,1.51853e+08,0.013031,0.454286,1.19634,1.01266,1.00002,1.00298,1.07549
0,13007,2.96657e+08,0.0959167,20.4124,2.67559,0.373749,31223.2,0,0.448822,1.00003,0,0,1.52993e+08,0.0123291,0.45941,1.19634,1.01266,1.00002,1.00298,1.07549
0,13160,3.01817e+08,0.0902405,19.5393,2.67909,0.37326,35074.3,0,0.460754,1.00003,0,0,1.5265e+08,0.0154724,0.456756,1.19634,1.01266,1.00002,1.00298,1.07549
0,12978.1,2.97344e+08,0.102142,20.7197,2.66927,0.374634,33763.6,0,0.434357,1.00003,0,0,1.54852e+08,0.0148621,0.466993,1.19634,1.01266,1.00002,1.00298,1.07549
0,12944.5,2.93703e+08,0.0878906,20.6326,2.71979,0.367676,30727.2,0,0.440979,1.00003,0,0,1.49959e+08,0.0137024,0.46844,1.19634,1.01266,1.00002,1.00298,1.07549
0,15053.7,2.67327e+09,0.105438,22.8422,2.69784,0.370667,37929.7,0,0.43045,1.00003,0,0,2.2923e+08,0.0185547,0.449354,1.19634,1.01266,1.00002,1.00298,1.07549
0,12948.2,2.95152e+08,0.0827026,21.04,2.75384,0.363129,31588.2,0,0.433411,1.00003,0,0,1.47374e+08,0.0128479,0.442406,1.19634,1.01266,1.00002,1.00298,1.07549
0,13224.2,3.01914e+08,0.0703735,18.9222,2.74853,0.363831,28791.1,0,0.455811,1.00003,0,0,1.47622e+08,0.0136108,0.475035,1.19634,1.01266,1.00002,1.00298,1.07549
0,13137.8,3.00015e+08,0.0762939,19.8112,2.74554,0.364227,37255.8,0,0.443359,1.00003,0,0,1.49106e+08,0.0158081,0.471847,1.19634,1.01266,1.00002,1.00298,1.07549
0,12963.7,2.95121e+08,0.0843811,20.8523,2.74738,0.363983,36573.8,0,0.439087,1.00003,0,0,1.49044e+08,0.01474,0.449114,1.19634,1.01266,1.00002,1.00298,1.07549
0,13089.2,2.98495e+08,0.0764771,19.7912,2.74899,0.36377,32500.7,0,0.437134,1.00003,0,0,1.48793e+08,0.0136719,0.465853,1.19634,1.01266,1.00002,1.00298,1.07549
0,12958.5,2.94246e+08,0.0796509,21.2224,2.77342,0.360565,30174.8,0,0.443359,1.00003,0,0,1.46063e+08,0.0119629,0.424056,1.19634,1.01266,1.00002,1.00298,1.07549
0,12482.8,2.80508e+08,0.0943298,24.2863,2.7793,0.359802,31162.4,0,0.425934,1.00003,0,0,1.45484e+08,0.0127563,0.417251,1.19634,1.01266,1.00002,1.00298,1.07549
0,12409.4,2.78314e+08,0.0990295,24.5543,2.76804,0.361267,31874.6,0,0.406067,1.00003,0,0,1.46084e+08,0.0141296,0.411815,1.19634,1.01266,1.00002,1.00298,1.07549
0,13204.4,3.02103e+08,0.065033,19.1626,2.78214,0.359436,28906.7,0,0.452057,1.00003,0,0,1.46007e+08,0.0115662,0.491846,1.19634,1.01266,1.00002,1.00298,1.07549
0,13174.2,3.01443e+08,0.0689392,19.4366,2.76944,0.361084,31397,0,0.448944,1.00003,0,0,1.46614e+08,0.0125122,0.483059,1.19634,1.01266,1.00002,1.00298,1.07549
0,12739.2,2.89268e+08,0.0855103,22.5634,2.77554,0.360291,30647.5,0,0.426727,1.00003,0,0,1.45819e+08,0.0123291,0.421636,1.19634,1.01266,1.00002,1.00298,1.07549
0,12989.5,2.952e+08,0.0724792,20.5505,2.78308,0.359314,30221.2,0,0.433563,1.00003,0,0,1.4561e+08,0.0122681,0.433554,1.19634,1.01266,1.00002,1.00298,1.07549
0,13148.9,3.00379e+08,0.0665283,19.8284,2.78663,0.358856,29783,0,0.436646,1.00003,0,0,1.45411e+08,0.0103455,0.436615,1.19634,1.01266,1.00002,1.00298,1.07549
0,12882.4,2.9142e+08,0.0758667,21.1563,2.78214,0.359436,32269,0,0.437256,1.00003,0,0,1.45524e+08,0.0126648,0.455093,1.19634,1.01266,1.00002,1.00298,1.07549
0,12574.8,2.82455e+08,0.0910645,23.2264,2.7685,0.361206,33871.6,0,0.424072,1.00003,0,0,1.46049e+08,0.0143738,0.43746,1.19634,1.01266,1.00002,1.00298,1.07549
0,12787.9,2.89615e+08,0.0760803,21.9525,2.80092,0.357025,30539.9,0,0.437256,1.00003,0,0,1.44294e+08,0.012146,0.424491,1.19634,1.01266,1.00002,1.00298,1.07549
0,12895.9,2.92121e+08,0.0775452,21.5233,2.78758,0.358734,33759.7,0,0.43222,1.00003,0,0,1.45144e+08,0.0111389,0.476007,1.19634,1.01266,1.00002,1.00298,1.07549
0,13149.7,3.00183e+08,0.0628967,19.7741,2.79925,0.357239,30787.8,0,0.44574,1.00003,0,0,1.44854e+08,0.0114136,0.450943,1.19634,1.01266,1.00002,1.00298,1.07549
0,13325.3,3.0621e+08,0.0421753,19.0942,2.87666,0.347626,25220.7,0,0.443909,1.00003,0,0,1.40976e+08,0.00991821,0.463311,1.19634,1.01266,1.00002,1.00298,1.07549
0,12839.7,2.91014e+08,0.0717773,21.7298,2.86009,0.34964,29133.8,0,0.423248,1.00003,0,0,1.41442e+08,0.0133362,0.421211,1.19634,1.01266,1.00002,1.00298,1.07549
0,12723.8,2.8846e+08,0.0780334,22.9487,2.86409,0.349152,28349,0,0.404541,1.00003,0,0,1.4131e+08,0.0123596,0.412426,1.19634,1.01266,1.00002,1.00298,1.07549
0,12730,2.87811e+08,0.066803,22.7271,2.85759,0.349945,27590.6,0,0.427643,1.00003,0,0,1.41579e+08,0.0116272,0.396743,1.19634,1.01266,1.00002,1.00298,1.07549
0,12814.3,2.90165e+08,0.070282,21.9976,2.85137,0.350708,27524.1,0,0.408508,1.00003,0,0,1.42115e+08,0.0270081,0.434115,1.19634,1.01266,1.00002,1.00298,1.07549
0,12337.7,2.74361e+08,0.0847168,24.8293,2.83779,0.352386,29432.6,0,0.409485,1.00003,0,0,1.41985e+08,0.0135193,0.416119,1.19634,1.01266,1.00002,1.00298,1.07549
0,12462.8,2.79455e+08,0.0789185,24.4867,2.85137,0.350708,31025.7,0,0.40036,1.00003,0,0,1.41574e+08,0.0138245,0.399645,1.19634,1.01266,1.00002,1.00298,1.07549
0,13239,3.039e+08,0.0466614,19.3995,2.8691,0.348541,26132,0,0.432709,1.00003,0,0,1.41197e+08,0.0111389,0.418557,1.19634,1.01266,1.00002,1.00298,1.07549
0,13065.6,2.9841e+08,0.0507812,21.0336,2.87944,0.34729,28975.3,0,0.430115,1.00003,0,0,1.40584e+08,0.0109863,0.435485,1.19634,1.01266,1.00002,1.00298,1.07549
0,12329.1,2.75992e+08,0.0907898,25.6564,2.86484,0.34906,29494.8,0,0.387878,1.00003,0,0,1.41052e+08,0.0135803,0.438754,1.19634,1.01266,1.00002,1.00298,1.07549
0,13126.4,3.0111e+08,0.0489502,20.7378,2.88349,0.346802,27594.6,0,0.419891,1.00003,0,0,1.40904e+08,0.0125122,0.430758,1.19634,1.01266,1.00002,1.00298,1.07549
0,12442.5,2.78798e+08,0.0769043,24.8678,2.86333,0.349243,31922.8,0,0.384216,1.00003,0,0,1.41469e+08,0.0153503,0.40707,1.19634,1.01266,1.00002,1.00298,1.07549
0,12818.8,2.9134e+08,0.0599976,22.6257,2.88375,0.346771,31398.6,0,0.407074,1.00003,0,0,1.40485e+08,0.012146,0.446394,1.19634,1.01266,1.00002,1.00298,1.07549
0,12481.5,2.81313e+08,0.0730896,24.8988,2.88273,0.346893,31198.5,0,0.394928,1.00003,0,0,1.40044e+08,0.0127258,0.35586,1.19634,1.01266,1.00002,1.00298,1.07549
0,12583.7,2.84265e+08,0.0737305,23.8593,2.86333,0.349243,29103.9,0,0.406403,1.00003,0,0,1.411e+08,0.0140686,0.416033,1.19634,1.01266,1.00002,1.00298,1.07549
0,12901.9,2.92339e+08,0.0540771,21.5006,2.88578,0.346527,27899,0,0.438293,1.00003,0,0,1.40157e+08,0.0107422,0.448785,1.19634,1.01266,1.00002,1.00298,1.07549
0,13088,2.98164e+08,0.0452881,20.4266,2.89649,0.345245,27822.4,0,0.431458,1.00003,0,0,1.39479e+08,0.0115967,0.437183,1.19634,1.01266,1.00002,1.00298,1.07549
0,12956.2,2.96048e+08,0.0492249,21.5418,2.91064,0.343567,28447.2,0,0.420654,1.00003,0,0,1.38801e+08,0.0119629,0.395859,1.19634,1.01266,1.00002,1.00298,1.07549
0,12415,2.77177e+08,0.0718384,24.6957,2.88934,0.3461,30362.1,0,0.412292,1.00003,0,0,1.39606e+08,0.0129089,0.413935,1.19634,1.01266,1.00002,1.00298,1.07549
0,13103.9,2.99859e+08,0.0452576,20.5599,2.90574,0.344147,30049.8,0,0.424133,1.00003,0,0,1.39189e+08,0.0118408,0.41858,1.19634,1.01266,1.00002,1.00298,1.07549
0,12746,2.89281e+08,0.0583496,22.9431,2.91012,0.343628,29794.7,0,0.40271,1.00003,0,0,1.39163e+08,0.0116272,0.388765,1.19634,1.01266,1.00002,1.00298,1.07549
0,12813.7,2.88907e+08,0.0504761,21.9238,2.91712,0.342804,28936.5,0,0.411774,1.00003,0,0,1.38137e+08,0.0121765,0.402082,1.19634,1.01266,1.00002,1.00298,1.07549
0,13110,3.00498e+08,0.0513916,20.4818,2.87413,0.347931,63179.4,0,0.417206,1.00003,0,0,1.43407e+08,0.0166626,0.434508,1.19634,1.01266,1.00002,1.00298,1.07549
0,12573.5,2.81813e+08,0.06427,23.7743,2.90522,0.344208,30093.4,0,0.399078,1.00003,0,0,1.38677e+08,0.0144043,0.3948,1.19634,1.01266,1.00002,1.00298,1.07549
0,12680.6,2.8646e+08,0.0557251,23.0631,2.92545,0.341827,34029.1,0,0.409546,1.00003,0,0,1.37823e+08,0.0131226,0.419768,1.19634,1.01266,1.00002,1.00298,1.07549
0,13058.9,2.97067e+08,0.0402222,20.8625,2.92964,0.341339,28784.7,0,0.415253,1.00003,0,0,1.37896e+08,0.0110779,0.411025,1.19634,1.01266,1.00002,1.00298,1.07549
0,12561.9,2.82748e+08,0.0626526,24.5809,2.91712,0.342804,31767.5,0,0.39447,1.00003,0,0,1.39029e+08,0.0143433,0.373453,1.19634,1.01266,1.00002,1.00298,1.07549
0,12868.5,2.91856e+08,0.0474548,22.0068,2.92519,0.341858,30230.3,0,0.419312,1.00003,0,0,1.38014e+08,0.0114136,0.40508,1.19634,1.01266,1.00002,1.00298,1.07549
0,12801.7,2.88917e+08,0.0470581,22.3068,2.94094,0.340027,28901,0,0.404541,1.00003,0,0,1.37245e+08,0.0107422,0.372336,1.19634,1.01266,1.00002,1.00298,1.07549
0,12367.3,2.75413e+08,0.0690002,25.1922,2.92258,0.342163,31630.1,0,0.403351,1.00003,0,0,1.38011e+08,0.0154114,0.438959,1.19634,1.01266,1.00002,1.00298,1.07549
0,12619.2,2.8392e+08,0.055481,23.5147,2.93357,0.340881,31633.7,0,0.396759,1.00003,0,0,1.37312e+08,0.0127258,0.404166,1.19634,1.01266,1.00002,1.00298,1.07549
0,12975.2,2.95892e+08,0.0421448,21.7505,2.96865,0.336853,29539.3,0,0.408325,1.00003,0,0,1.3594e+08,0.0108337,0.384053,1.19634,1.01266,1.00002,1.00298,1.07549
0,13232.7,3.0267e+08,0.0265808,19.772,2.9665,0.337097,28098.1,0,0.418182,1.00003,0,0,1.36279e+08,0.0110168,0.395009,1.19634,1.01266,1.00002,1.00298,1.07549
0,12923.9,2.95312e+08,0.0392151,22.286,2.97593,0.336029,29065.4,0,0.401215,1.00003,0,0,1.35612e+08,0.0113525,0.387034,1.19634,1.01266,1.00002,1.00298,1.07549
0,12850,2.90857e+08,0.0418701,22.1923,2.96034,0.337799,29681.3,0,0.416595,1.00003,0,0,1.36196e+08,0.0113525,0.426444,1.19634,1.01266,1.00002,1.00298,1.07549
0,13001.4,2.95827e+08,0.0375977,21.1414,2.95154,0.338806,32396.4,0,0.415527,1.00003,0,0,1.37081e+08,0.0132446,0.396334,1.19634,1.01266,1.00002,1.00298,1.07549
0,12638,2.86051e+08,0.0514832,24.2351,2.96597,0.337158,30541.7,0,0.391083,1.00003,0,0,1.35951e+08,0.0122681,0.374954,1.19634,1.01266,1.00002,1.00298,1.07549
0,13051.6,2.96925e+08,0.0333557,20.648,2.96168,0.337646,27446.6,0,0.410065,1.00003,0,0,1.36285e+08,0.0115662,0.415809,1.19634,1.01266,1.00002,1.00298,1.07549
0,12486.9,2.81259e+08,0.0606079,24.6777,2.94941,0.33905,32838.1,0,0.380493,1.00003,0,0,1.36764e+08,0.0154724,0.42054,1.19634,1.01266,1.00002,1.00298,1.07549
0,12749.2,2.88885e+08,0.0484619,23.4358,2.9558,0.338318,32456.5,0,0.384827,1.00003,0,0,1.36863e+08,0.0137024,0.395279,1.19634,1.01266,1.00002,1.00298,1.07549
0,12582.4,2.83751e+08,0.0559998,24.3382,2.95021,0.338959,31318.8,0,0.384094,1.00003,0,0,1.3691e+08,0.0137634,0.403528,1.19634,1.01266,1.00002,1.00298,1.07549
0,12592.9,2.83654e+08,0.0568848,23.915,2.9526,0.338684,31867.5,0,0.40274,1.00003,0,0,1.36623e+08,0.0149231,0.436894,1.19634,1.01266,1.00002,1.00298,1.07549
0,12996.5,2.96227e+08,0.0358276,21.3715,2.96838,0.336884,28726.5,0,0.404205,1.00003,0,0,1.36136e+08,0.012085,0.378709,1.19634,1.01266,1.00002,1.00298,1.07549
0,13097.4,2.98814e+08,0.0312195,20.7248,2.97215,0.336456,31066.6,0,0.406921,1.00003,0,0,1.361e+08,0.0106812,0.402466,1.19634,1.01266,1.00002,1.00298,1.07549
0,12730.5,2.88647e+08,0.0459595,23.4194,2.97701,0.335907,31335.5,0,0.405243,1.00003,0,0,1.36017e+08,0.0368958,0.412717,1.19634,1.01266,1.00002,1.00298,1.07549
0,12747.4,2.87669e+08,0.0452576,22.7056,2.96597,0.337158,29836,0,0.410889,1.00003,0,0,1.3574e+08,0.0118103,0.432515,1.19634,1.01266,1.00002,1.00298,1.07549
0,12486.1,2.79785e+08,0.0570068,24.5927,2.9566,0.338226,33418.9,0,0.390503,1.00003,0,0,1.36804e+08,0.0133972,0.404735,1.19634,1.01266,1.00002,1.00298,1.07549
0,12930.5,2.95039e+08,0.0440674,21.8911,2.94385,0.339691,35275.2,0,0.397339,1.00003,0,0,1.38269e+08,0.0157166,0.450113,1.19634,1.01266,1.00002,1.00298,1.07549
0,12475,2.78714e+08,0.0543823,24.5865,2.9665,0.337097,32733.5,0,0.398834,1.00003,0,0,1.35496e+08,0.0119324,0.393983,1.19634,1.01266,1.00002,1.00298,1.07549
0,12954,2.95449e+08,0.033844,21.9318,2.99333,0.334076,31209.1,0,0.396606,1.00003,0,0,1.34744e+08,0.0113525,0.378112,1.19634,1.01266,1.00002,1.00298,1.07549
0,12718.8,2.87487e+08,0.0418396,23.1904,2.98896,0.334564,32163.8,0,0.395233,1.00003,0,0,1.34786e+08,0.012207,0.371641,1.19634,1.01266,1.00002,1.00298,1.07549
0,12600.5,2.83477e+08,0.0466309,24.2609,2.99525,0.333862,31034.5,0,0.380371,1.00003,0,0,1.34926e+08,0.022583,0.383844,1.19634,1.01266,1.00002,1.00298,1.07549
0,13150.6,3.00496e+08,0.0241394,20.5091,2.99744,0.333618,28550,0,0.405121,1.00003,0,0,1.35329e+08,0.0116882,0.417752,1.19634,1.01266,1.00002,1.00298,1.07549
0,13088.5,2.98833e+08,0.0265503,20.9973,2.99826,0.333527,28523.6,0,0.405792,1.00003,0,0,1.35244e+08,0.0261841,0.377247,1.19634,1.01266,1.00002,1.00298,1.07549
0,12976.6,2.94747e+08,0.0296326,21.5311,2.99662,0.33371,30026.6,0,0.412659,1.00003,0,0,1.3488e+08,0.0115356,0.402475,1.19634,1.01266,1.00002,1.00298,1.07549
0,12779,2.89134e+08,0.0422363,22.7846,2.97647,0.335968,35445.1,0,0.400299,1.00003,0,0,1.36028e+08,0.0148315,0.410414,1.19634,1.01266,1.00002,1.00298,1.07549
0,12654.7,2.86295e+08,0.0489197,23.8707,2.97539,0.33609,33287,0,0.392822,1.00003,0,0,1.36313e+08,0.0142517,0.410404,1.19634,1.01266,1.00002,1.00298,1.07549
0,12705.8,2.86965e+08,0.0432739,23.4437,2.98325,0.335205,28869.4,0,0.394073,1.00003,0,0,1.3551e+08,0.0141296,0.401084,1.19634,1.01266,1.00002,1.00298,1.07549
0,12829.6,2.91484e+08,0.0409241,22.4737,2.98298,0.335236,31111,0,0.399384,1.00003,0,0,1.35924e+08,0.0140686,0.427055,1.19634,1.01266,1.00002,1.00298,1.07549
0,12802.4,2.90796e+08,0.0367126,22.8456,3.0101,0.332214,32369.1,0,0.39032,1.00003,0,0,1.34159e+08,0.0112,0.386979,1.19634,1.01266,1.00002,1.00298,1.07549
0,12646.5,2.85247e+08,0.0447388,23.7674,2.9936,0.334045,35001.9,0,0.384033,1.00003,0,0,1.34747e+08,0.0115967,0.389852,1.19634,1.01266,1.00002,1.00298,1.07549
0,12568.7,2.82158e+08,0.0479736,24.1035,2.98488,0.335022,33962.1,0,0.375732,1.00003,0,0,1.35004e+08,0.0131836,0.387366,1.19634,1.01266,1.00002,1.00298,1.07549
0,12822.9,2.91094e+08,0.0374756,23.1093,3.00321,0.332977,30687.6,0,0.384766,1.00003,0,0,1.34975e+08,0.0117188,0.395029,1.19634,1.01266,1.00002,1.00298,1.07549
0,15605.3,2.6312e+09,0.0309448,20.216,2.98597,0.3349,42850.3,0,0.421722,1.00003,0,0,2.13149e+08,0.0134888,0.466015,1.19634,1.01266,1.00002,1.00298,1.07549
0,15418.2,2.71536e+09,0.0262146,21.5208,3.0162,0.331543,34625,0,0.425323,1.00003,0,0,2.11995e+08,0.0144348,0.403931,1.19634,1.01266,1.00002,1.00298,1.07549
0,13614.3,3.15853e+08,0.0448303,17.8075,3.07162,0.325562,37201.6,0,0.427307,1.00003,0,0,1.32702e+08,0.0114746,0.439894,1.19634,1.01266,1.00002,1.00298,1.07549
0,12451.4,2.79187e+08,0.0480957,25.4599,3.05529,0.327301,29225.8,0,0.387665,1.00003,0,0,1.32388e+08,0.012085,0.402112,1.19634,1.01266,1.00002,1.00298,1.07549
0,13225.2,3.03009e+08,0.0230713,20.2609,3.06558,0.326202,28036.4,0,0.412018,1.00003,0,0,1.32564e+08,0.0109558,0.437039,1.19634,1.01266,1.00002,1.00298,1.07549
0,12825.8,2.91894e+08,0.0273743,23.1706,3.06186,0.326599,29014.5,0,0.402679,1.00003,0,0,1.32565e+08,0.01297,0.408784,1.19634,1.01266,1.00002,1.00298,1.07549
0,12493,2.8218e+08,0.0432434,25.25,3.05928,0.326874,28146.4,0,0.37973,1.00003,0,0,1.32108e+08,0.0132751,0.375574,1.19634,1.01266,1.00002,1.00298,1.07549
0,12693.4,2.87686e+08,0.0335388,23.8628,3.05558,0.327271,28318,0,0.389984,1.00003,0,0,1.32448e+08,0.0135193,0.383746,1.19634,1.01266,1.00002,1.00298,1.07549
0,12734.9,2.88915e+08,0.0298767,23.7853,3.06386,0.326385,29316.2,0,0.39624,1.00003,0,0,1.32219e+08,0.0129395,0.388102,1.19634,1.01266,1.00002,1.00298,1.07549
0,13004,2.97001e+08,0.0210571,21.954,3.05387,0.327454,26693.1,0,0.402374,1.00003,0,0,1.32802e+08,0.0128174,0.401882,1.19634,1.01266,1.00002,1.00298,1.07549
0,12425,2.78997e+08,0.0493469,25.5932,3.04507,0.3284,29871.6,0,0.377289,1.00003,0,0,1.32563e+08,0.0140076,0.389867,1.19634,1.01266,1.00002,1.00298,1.07549
0,12715.3,2.88343e+08,0.0326843,23.5837,3.05216,0.327637,30630.5,0,0.383118,1.00003,0,0,1.32541e+08,0.013092,0.39372,1.19634,1.01266,1.00002,1.00298,1.07549
0,12971.5,2.95468e+08,0.0203247,21.9219,3.06014,0.326782,30976.4,0,0.392242,1.00003,0,0,1.32132e+08,0.0112,0.389626,1.19634,1.01266,1.00002,1.00298,1.07549
0,12819.5,2.90883e+08,0.0270386,22.9397,3.0533,0.327515,27078.5,0,0.391968,1.00003,0,0,1.32496e+08,0.012146,0.398527,1.19634,1.01266,1.00002,1.00298,1.07549
0,12660.2,2.8584e+08,0.0309753,23.8757,3.06272,0.326508,27503.9,0,0.386444,1.00003,0,0,1.31687e+08,0.0111389,0.389656,1.19634,1.01266,1.00002,1.00298,1.07549
0,12992,2.97525e+08,0.0198364,22.0309,3.06931,0.325806,26752.1,0,0.390869,1.00003,0,0,1.32036e+08,0.0118103,0.386252,1.19634,1.01266,1.00002,1.00298,1.07549
0,12611,2.84061e+08,0.0320435,24.2068,3.06702,0.32605,28589.4,0,0.372711,1.00003,0,0,1.31779e+08,0.0114441,0.367771,1.19634,1.01266,1.00002,1.00298,1.07549
0,12734.6,2.89279e+08,0.0343323,23.9568,3.07536,0.325165,27479.9,0,0.37384,1.00003,0,0,1.31848e+08,0.0121765,0.380042,1.19634,1.01266,1.00002,1.00298,1.07549
0,12571.6,2.84021e+08,0.042572,24.6902,3.03745,0.329224,33538.2,0,0.370941,1.00003,0,0,1.33524e+08,0.0162048,0.402435,1.19634,1.01266,1.00002,1.00298,1.07549
0,12674.7,2.87287e+08,0.0352173,23.7585,3.0462,0.328278,32195.1,0,0.371094,1.00003,0,0,1.33099e+08,0.0134583,0.382929,1.19634,1.01266,1.00002,1.00298,1.07549
0,13082,3.0007e+08,0.0206909,21.4434,3.08057,0.324615,26264.3,0,0.385681,1.00003,0,0,1.31707e+08,0.0108948,0.381746,1.19634,1.01266,1.00002,1.00298,1.07549
0,12608.7,2.86256e+08,0.0354919,24.7057,3.07681,0.325012,28059.4,0,0.369141,1.00003,0,0,1.31723e+08,0.0133057,0.391282,1.19634,1.01266,1.00002,1.00298,1.07549
0,12609.1,2.8621e+08,0.0406799,24.6967,3.0673,0.326019,29021.4,0,0.376007,1.00003,0,0,1.31702e+08,0.0129089,0.376563,1.19634,1.01266,1.00002,1.00298,1.07549
0,12722.7,2.88126e+08,0.0292969,23.755,3.06501,0.326263,29008.6,0,0.379517,1.00003,0,0,1.31788e+08,0.0117798,0.377701,1.19634,1.01266,1.00002,1.00298,1.07549
0,12883.1,2.93486e+08,0.0219116,22.535,3.07652,0.325043,30020.2,0,0.386017,1.00003,0,0,1.31647e+08,0.0122681,0.385791,1.19634,1.01266,1.00002,1.00298,1.07549
0,12651.2,2.85269e+08,0.0301819,24.136,3.07162,0.325562,27799.7,0,0.378815,1.00003,0,0,1.31218e+08,0.013031,0.377875,1.19634,1.01266,1.00002,1.00298,1.07549
0,12759.8,2.89812e+08,0.0274048,23.5372,3.07219,0.3255,27430,0,0.370972,1.00003,0,0,1.31717e+08,0.0133057,0.36396,1.19634,1.01266,1.00002,1.00298,1.07549
0,12752.9,2.89899e+08,0.0257568,23.5578,3.08289,0.324371,27940.1,0,0.378937,1.00003,0,0,1.31317e+08,0.0124512,0.360619,1.19634,1.01266,1.00002,1.00298,1.07549
0,12604.2,2.85255e+08,0.0365906,24.6032,3.06501,0.326263,28463.8,0,0.384705,1.00003,0,0,1.31965e+08,0.0137329,0.375411,1.19634,1.01266,1.00002,1.00298,1.07549
0,12546.1,2.82962e+08,0.0393982,24.9184,3.06358,0.326416,29932.8,0,0.381989,1.00003,0,0,1.31884e+08,0.0141602,0.396331,1.19634,1.01266,1.00002,1.00298,1.07549
0,13245.6,3.04552e+08,0.0238647,20.3902,3.08579,0.324066,25913.8,0,0.392609,1.00003,0,0,1.31246e+08,0.0105591,0.396956,1.19634,1.01266,1.00002,1.00298,1.07549
0,13124.1,3.00624e+08,0.0220032,21.162,3.07796,0.32489,26987.6,0,0.394562,1.00003,0,0,1.31782e+08,0.0126038,0.402525,1.19634,1.01266,1.00002,1.00298,1.07549
0,12764,2.9078e+08,0.0243225,24.1454,3.09512,0.32309,28399.5,0,0.385345,1.00003,0,0,1.30369e+08,0.0114441,0.37417,1.19634,1.01266,1.00002,1.00298,1.07549
0,12790.5,2.9103e+08,0.0278625,23.2391,3.0673,0.326019,27205,0,0.383331,1.00003,0,0,1.3177e+08,0.0141907,0.368459,1.19634,1.01266,1.00002,1.00298,1.07549
0,12944.2,2.95807e+08,0.0187988,22.584,3.0826,0.324402,27482.8,0,0.387604,1.00003,0,0,1.31538e+08,0.0110779,0.374486,1.19634,1.01266,1.00002,1.00298,1.07549
0,12960.6,2.95791e+08,0.0185547,22.241,3.07652,0.325043,27202.2,0,0.396393,1.00003,0,0,1.31748e+08,0.0116272,0.391619,1.19634,1.01266,1.00002,1.00298,1.07549
0,12684.4,2.88168e+08,0.0273743,24.3626,3.09599,0.322998,29307.3,0,0.384552,1.00003,0,0,1.30451e+08,0.0126343,0.388472,1.19634,1.01266,1.00002,1.00298,1.07549
0,12646,2.86198e+08,0.0372314,24.2307,3.05017,0.32785,33588.4,0,0.36554,1.00003,0,0,1.33374e+08,0.01474,0.373953,1.19634,1.01266,1.00002,1.00298,1.07549
0,12919.1,2.95001e+08,0.0224915,22.4564,3.06989,0.325745,28108.4,0,0.380859,1.00003,0,0,1.32546e+08,0.0131836,0.396185,1.19634,1.01266,1.00002,1.00298,1.07549
0,12719.4,2.88764e+08,0.0360107,23.7952,3.07565,0.325134,32452,0,0.380859,1.00003,0,0,1.31964e+08,0.0135193,0.370845,1.19634,1.01266,1.00002,1.00298,1.07549
0,12767,2.90906e+08,0.040802,23.6198,3.08666,0.323975,29955.1,0,0.37735,1.00003,0,0,1.3113e+08,0.0114746,0.398079,1.19634,1.01266,1.00002,1.00298,1.07549
0,12991.2,2.96379e+08,0.0169067,21.9773,3.08521,0.324127,27376.9,0,0.379852,1.00003,0,0,1.31157e+08,0.0109863,0.379289,1.19634,1.01266,1.00002,1.00298,1.07549
0,13128.2,3.00266e+08,0.0213013,21.0473,3.08841,0.323792,27027.4,0,0.375244,1.00003,0,0,1.31106e+08,0.0112915,0.378999,1.19634,1.01266,1.00002,1.00298,1.07549
0,12595.5,2.85197e+08,0.0367737,24.7288,3.0673,0.326019,29410,0,0.364105,1.00003,0,0,1.31878e+08,0.0144043,0.350441,1.19634,1.01266,1.00002,1.00298,1.07549
0,12872.6,2.9308e+08,0.0209351,22.6969,3.0797,0.324707,27264.6,0,0.370453,1.00003,0,0,1.3148e+08,0.0117798,0.379121,1.19634,1.01266,1.00002,1.00298,1.07549
0,12622.3,2.8512e+08,0.0315857,24.0439,3.07219,0.3255,29167.9,0,0.361908,1.00003,0,0,1.31805e+08,0.0137939,0.367819,1.19634,1.01266,1.00002,1.00298,1.07549
0,13077.5,2.99201e+08,0.0195312,21.4888,3.08579,0.324066,27877.6,0,0.375366,1.00003,0,0,1.31202e+08,0.0125122,0.372535,1.19634,1.01266,1.00002,1.00298,1.07549
0,13073.3,3.00027e+08,0.0321045,21.4209,3.10186,0.322388,28486.6,0,0.379883,1.00003,0,0,1.30797e+08,0.0115967,0.365159,1.19634,1.01266,1.00002,1.00298,1.07549
0,12641.5,2.85751e+08,0.0302124,24.3727,3.08637,0.324005,30873.7,0,0.374237,1.00003,0,0,1.30956e+08,0.0122681,0.369759,1.19634,1.01266,1.00002,1.00298,1.07549
0,13134.1,3.01153e+08,0.0212097,20.9986,3.08812,0.323822,27816.2,0,0.388245,1.00003,0,0,1.31201e+08,0.0114136,0.398791,1.19634,1.01266,1.00002,1.00298,1.07549
0,12706.1,2.88131e+08,0.0288391,23.8472,3.0797,0.324707,31349.3,0,0.376251,1.00003,0,0,1.31381e+08,0.0137024,0.377166,1.19634,1.01266,1.00002,1.00298,1.07549
0,12957.2,2.95576e+08,0.0177307,22.1544,3.07739,0.324951,31845.9,0,0.383087,1.00003,0,0,1.31517e+08,0.0121155,0.389396,1.19634,1.01266,1.00002,1.00298,1.07549
0,12839,2.91656e+08,0.0289917,22.8271,3.08231,0.324432,29474.7,0,0.382507,1.00003,0,0,1.31191e+08,0.0123901,0.37936,1.19634,1.01266,1.00002,1.00298,1.07549
0,12893.5,2.93348e+08,0.0191956,22.7093,3.08695,0.323944,30970.5,0,0.38089,1.00003,0,0,1.30969e+08,0.0112915,0.396465,1.19634,1.01266,1.00002,1.00298,1.07549
0,12947,2.95188e+08,0.0166016,22.217,3.08347,0.32431,29129.9,0,0.391876,1.00003,0,0,1.31123e+08,0.0118408,0.396697,1.19634,1.01266,1.00002,1.00298,1.07549
0,12905.2,2.95544e+08,0.0245972,22.5852,3.05843,0.326965,31731.1,0,0.381134,1.00003,0,0,1.33334e+08,0.0143738,0.374083,1.19634,1.01266,1.00002,1.00298,1.07549
0,13659.1,3.30046e+08,0.0401306,22.0717,2.96838,0.336884,31055.6,0,0.379608,1.00003,0,0,1.61395e+08,0.0259399,0.386165,1.19634,1.01266,1.00002,1.00298,1.07549
0,13600.6,3.25453e+08,0.0364685,21.428,2.96704,0.337036,29750.3,0,0.379089,1.00003,0,0,1.58898e+08,0.0248108,0.405515,1.19634,1.01266,1.00002,1.00298,1.07549
0,12867.4,2.92898e+08,0.019165,22.8405,3.09278,0.323334,28946,0,0.387085,1.00003,0,0,1.30724e+08,0.0105286,0.397209,1.19634,1.01266,1.00002,1.00298,1.07549
0,13106.7,3.00042e+08,0.0206909,21.279,3.0922,0.323395,30284.3,0,0.401031,1.00003,0,0,1.30843e+08,0.0108643,0.41538,1.19634,1.01266,1.00002,1.00298,1.07549
0,12786.6,2.90656e+08,0.0237732,23.3999,3.08289,0.324371,29439.6,0,0.384827,1.00003,0,0,1.31072e+08,0.0130005,0.37789,1.19634,1.01266,1.00002,1.00298,1.07549
0,13122.8,3.01283e+08,0.0205383,21.1002,3.09775,0.322815,31255.7,0,0.387665,1.00003,0,0,1.30494e+08,0.0108032,0.431883,1.19634,1.01266,1.00002,1.00298,1.07549
0,12543,2.81911e+08,0.0360413,24.7301,3.06616,0.326141,30535.3,0,0.373901,1.00003,0,0,1.31526e+08,0.0128174,0.381979,1.19634,1.01266,1.00002,1.00298,1.07549
0,12775.5,2.90033e+08,0.0265503,23.4118,3.07508,0.325195,32175,0,0.370575,1.00003,0,0,1.31466e+08,0.0122375,0.382334,1.19634,1.01266,1.00002,1.00298,1.07549
0,12852.3,2.92785e+08,0.0241089,22.9892,3.07536,0.325165,33961.7,0,0.38028,1.00003,0,0,1.3171e+08,0.0139465,0.37149,1.19634,1.01266,1.00002,1.00298,1.07549
0,12779.9,2.90638e+08,0.0298767,23.2771,3.06272,0.326508,38552.7,0,0.375732,1.00003,0,0,1.3257e+08,0.0142212,0.363018,1.19634,1.01266,1.00002,1.00298,1.07549
0,12652.5,2.86825e+08,0.0323792,24.2301,3.07767,0.324921,32495.5,0,0.365662,1.00003,0,0,1.31484e+08,0.0137024,0.418485,1.19634,1.01266,1.00002,1.00298,1.07549
0,12432.9,2.79409e+08,0.0432129,25.6657,3.0771,0.324982,29633.1,0,0.370117,1.00003,0,0,1.31248e+08,0.0138245,0.375738,1.19634,1.01266,1.00002,1.00298,1.07549
0,12536,2.83919e+08,0.041626,25.2199,3.06845,0.325897,33206.4,0,0.363556,1.00003,0,0,1.32611e+08,0.0151672,0.40568,1.19634,1.01266,1.00002,1.00298,1.07549
0,12574.3,2.84526e+08,0.0393372,24.8115,3.059,0.326904,32482.9,0,0.358429,1.00003,0,0,1.33123e+08,0.0140381,0.40975,1.19634,1.01266,1.00002,1.00298,1.07549
0,12843.5,2.92103e+08,0.0247803,23.0386,3.07046,0.325684,29420.3,0,0.372681,1.00003,0,0,1.32232e+08,0.0122986,0.375059,1.19634,1.01266,1.00002,1.00298,1.07549
0,12854,2.92478e+08,0.0209961,22.8323,3.09045,0.323578,28327.2,0,0.376068,1.00003,0,0,1.30684e+08,0.0114746,0.380564,1.19634,1.01266,1.00002,1.00298,1.07549
0,13151,3.02242e+08,0.0212402,21.0767,3.09687,0.322906,29674.3,0,0.376343,1.00003,0,0,1.30834e+08,0.0112,0.39716,1.19634,1.01266,1.00002,1.00298,1.07549
0,12975,2.95762e+08,0.0163879,22.1604,3.09424,0.323181,29987.8,0,0.373749,1.00003,0,0,1.30631e+08,0.0105896,0.36612,1.19634,1.01266,1.00002,1.00298,1.07549
0,12587,2.84203e+08,0.0330811,24.5396,3.08173,0.324493,31214,0,0.361877,1.00003,0,0,1.30905e+08,0.0129395,0.369174,1.19634,1.01266,1.00002,1.00298,1.07549
0,12502.2,2.81774e+08,0.0393066,25.332,3.07941,0.324738,30642.2,0,0.360809,1.00003,0,0,1.30995e+08,0.0125427,0.379338,1.19634,1.01266,1.00002,1.00298,1.07549
0,12650.5,2.86989e+08,0.0262451,24.2695,3.10715,0.321838,29204.2,0,0.353851,1.00003,0,0,1.29739e+08,0.0111084,0.323343,1.19634,1.01266,1.00002,1.00298,1.07549
0,12643.3,2.86138e+08,0.0314941,24.1498,3.07652,0.325043,30912.2,0,0.356415,1.00003,0,0,1.31271e+08,0.0132141,0.349056,1.19634,1.01266,1.00002,1.00298,1.07549
0,13174.8,3.02325e+08,0.0229187,20.7107,3.0957,0.323029,28216.2,0,0.371796,1.00003,0,0,1.309e+08,0.0112915,0.366129,1.19634,1.01266,1.00002,1.00298,1.07549
0,12787.6,2.90545e+08,0.0215759,23.39,3.09658,0.322937,29282.3,0,0.361938,1.00003,0,0,1.3033e+08,0.0116272,0.346058,1.19634,1.01266,1.00002,1.00298,1.07549
0,12822.2,2.9083e+08,0.0193481,23.0281,3.09716,0.322876,29701.3,0,0.380432,1.00003,0,0,1.30215e+08,0.0108337,0.398968,1.19634,1.01266,1.00002,1.00298,1.07549
0,12894,2.94421e+08,0.0191956,22.6743,3.11217,0.32132,28511.8,0,0.368683,1.00003,0,0,1.29753e+08,0.0113831,0.33645,1.19634,1.01266,1.00002,1.00298,1.07549
0,12727.8,2.88601e+08,0.0245972,23.6792,3.08957,0.323669,28559,0,0.363098,1.00003,0,0,1.30747e+08,0.0142822,0.357491,1.19634,1.01266,1.00002,1.00298,1.07549
0,12587.4,2.83579e+08,0.0298767,24.5954,3.09074,0.323547,30274.1,0,0.353973,1.00003,0,0,1.30222e+08,0.0115356,0.368115,1.19634,1.01266,1.00002,1.00298,1.07549
0,12572,2.83846e+08,0.0323792,24.8326,3.10156,0.322418,29573.9,0,0.34259,1.00003,0,0,1.30171e+08,0.0133362,0.326843,1.19634,1.01266,1.00002,1.00298,1.07549
0,13023.7,2.97834e+08,0.0195618,21.8651,3.10686,0.321869,29834.2,0,0.35849,1.00003,0,0,1.30366e+08,0.011322,0.350533,1.19634,1.01266,1.00002,1.00298,1.07549
0,12655.2,2.86613e+08,0.0277405,24.2058,3.09103,0.323517,32274.6,0,0.351379,1.00003,0,0,1.30528e+08,0.0124512,0.362221,1.19634,1.01266,1.00002,1.00298,1.07549
0,12743.5,2.89222e+08,0.0250854,23.7696,3.09161,0.323456,31993.8,0,0.357025,1.00003,0,0,1.30485e+08,0.0136719,0.323796,1.19634,1.01266,1.00002,1.00298,1.07549
0,12836.3,2.919e+08,0.0230103,22.9378,3.07999,0.324677,33406,0,0.366455,1.00003,0,0,1.31714e+08,0.0135193,0.385448,1.19634,1.01266,1.00002,1.00298,1.07549
0,13251.7,3.04759e+08,0.0234985,20.2637,3.09278,0.323334,33260.6,0,0.380035,1.00003,0,0,1.3172e+08,0.0122681,0.418533,1.19634,1.01266,1.00002,1.00298,1.07549
0,12981,2.9734e+08,0.0200806,22.1872,3.08783,0.323853,31957.6,0,0.371216,1.00003,0,0,1.31754e+08,0.0159607,0.382511,1.19634,1.01266,1.00002,1.00298,1.07549
0,12696.1,2.87792e+08,0.0271301,23.9764,3.08841,0.323792,30084.5,0,0.367279,1.00003,0,0,1.307e+08,0.013855,0.362816,1.19634,1.01266,1.00002,1.00298,1.07549
0,12904.5,2.94349e+08,0.0189209,22.5618,3.08753,0.323883,29475.2,0,0.375336,1.00003,0,0,1.30914e+08,0.0141296,0.388916,1.19634,1.01266,1.00002,1.00298,1.07549
0,12802.2,2.91352e+08,0.0219727,23.3596,3.09395,0.323212,29578.3,0,0.3508,1.00003,0,0,1.30641e+08,0.0124512,0.348984,1.19634,1.01266,1.00002,1.00298,1.07549
0,12908.5,2.93448e+08,0.0166016,22.2092,3.09629,0.322968,30833.7,0,0.354309,1.00003,0,0,1.30154e+08,0.0110168,0.3444,1.19634,1.01266,1.00002,1.00298,1.07549
0,13125.9,3.0076e+08,0.0204773,21.1256,3.10715,0.321838,28651.3,0,0.36496,1.00003,0,0,1.30061e+08,0.0109558,0.380208,1.19634,1.01266,1.00002,1.00298,1.07549
0,12516.2,2.82243e+08,0.0374451,25.3091,3.09045,0.323578,30360.7,0,0.346802,1.00003,0,0,1.3078e+08,0.0141602,0.355426,1.19634,1.01266,1.00002,1.00298,1.07549
0,12881.7,2.93176e+08,0.0170898,22.7421,3.09775,0.322815,30888,0,0.360229,1.00003,0,0,1.30216e+08,0.0117493,0.387687,1.19634,1.01266,1.00002,1.00298,1.07549
0,12682.2,2.87491e+08,0.0258789,24.2327,3.10479,0.322083,29685.5,0,0.359985,1.00003,0,0,1.30193e+08,0.0124512,0.359016,1.19634,1.01266,1.00002,1.00298,1.07549
0,12890.9,2.93738e+08,0.0157471,23.4793,3.12195,0.320312,30595.5,0,0.355835,1.00003,0,0,1.29626e+08,0.0113831,0.354451,1.19634,1.01266,1.00002,1.00298,1.07549
0,12741.8,2.88557e+08,0.0196838,23.688,3.11187,0.32135,29635.4,0,0.351624,1.00003,0,0,1.29973e+08,0.0120544,0.350776,1.19634,1.01266,1.00002,1.00298,1.07549
0,13038.1,2.97755e+08,0.0190735,21.754,3.12017,0.320496,28105.4,0,0.352386,1.00003,0,0,1.29732e+08,0.0119324,0.383243,1.19634,1.01266,1.00002,1.00298,1.07549
0,12678.7,2.87201e+08,0.0237122,23.9323,3.10715,0.321838,30046.6,0,0.347626,1.00003,0,0,1.29862e+08,0.0141907,0.334235,1.19634,1.01266,1.00002,1.00298,1.07549
0,12874.9,2.92263e+08,0.0146179,22.6918,3.12344,0.32016,30116.8,0,0.351624,1.00003,0,0,1.28867e+08,0.0108643,0.36766,1.19634,1.01266,1.00002,1.00298,1.07549
0,12899.9,2.93057e+08,0.0170288,22.2012,3.11661,0.320862,28512.3,0,0.350311,1.00003,0,0,1.292e+08,0.0111389,0.377079,1.19634,1.01266,1.00002,1.00298,1.07549
0,12705.5,2.87869e+08,0.0228271,23.8679,3.10127,0.322449,33905.8,0,0.349121,1.00003,0,0,1.30556e+08,0.0137329,0.330735,1.19634,1.01266,1.00002,1.00298,1.07549
0,12683.6,2.86477e+08,0.0230713,23.8528,3.1045,0.322113,37276.2,0,0.346039,1.00003,0,0,1.30303e+08,0.0136719,0.359063,1.19634,1.01266,1.00002,1.00298,1.07549
0,13070.3,2.98769e+08,0.0201721,21.4635,3.10774,0.321777,40508.4,0,0.364624,1.00003,0,0,1.31419e+08,0.0130005,0.368116,1.19634,1.01266,1.00002,1.00298,1.07549
0,12506,2.82581e+08,0.0413818,25.4344,3.08057,0.324615,46833.8,0,0.337555,1.00003,0,0,1.3292e+08,0.017395,0.388246,1.19634,1.01266,1.00002,1.00298,1.07549
0,12867.7,2.92985e+08,0.0177917,22.9568,3.11098,0.321442,29996.1,0,0.358856,1.00003,0,0,1.30677e+08,0.0168152,0.380819,1.19634,1.01266,1.00002,1.00298,1.07549
0,12867.2,2.93158e+08,0.0174561,22.8173,3.12881,0.319611,29419.9,0,0.35556,1.00003,0,0,1.29308e+08,0.0129395,0.3277,1.19634,1.01266,1.00002,1.00298,1.07549
0,12940.5,2.95033e+08,0.0160522,23.0845,3.14714,0.317749,29551,0,0.350708,1.00003,0,0,1.28713e+08,0.0126038,0.355112,1.19634,1.01266,1.00002,1.00298,1.07549
0,12708.5,2.88611e+08,0.0220337,24.1922,3.11572,0.320953,30754,0,0.344421,1.00003,0,0,1.30142e+08,0.0159912,0.339731,1.19634,1.01266,1.00002,1.00298,1.07549
0,12668.8,2.87151e+08,0.0223389,25.4821,3.16019,0.316437,28142.5,0,0.342773,1.00003,0,0,1.28052e+08,0.01474,0.365233,1.19634,1.01266,1.00002,1.00298,1.07549
0,12694.7,2.87784e+08,0.0206604,24.6186,3.1402,0.318451,29007.1,0,0.342499,1.00003,0,0,1.2907e+08,0.0140076,0.366848,1.19634,1.01266,1.00002,1.00298,1.07549
0,12762.4,2.89242e+08,0.0164185,23.8947,3.12642,0.319855,31813.3,0,0.347137,1.00003,0,0,1.29043e+08,0.0116272,0.355653,1.19634,1.01266,1.00002,1.00298,1.07549
0,13170.3,3.01715e+08,0.0212402,21.3447,3.14231,0.318237,30467,0,0.357056,1.00003,0,0,1.2881e+08,0.0098877,0.362905,1.19634,1.01266,1.00002,1.00298,1.07549
0,12868.7,2.93236e+08,0.0141602,23.5482,3.14593,0.317871,30462.9,0,0.346558,1.00003,0,0,1.28642e+08,0.0126343,0.361398,1.19634,1.01266,1.00002,1.00298,1.07549
0,12811.2,2.91066e+08,0.0174255,23.8354,3.13569,0.318909,30014.8,0,0.346191,1.00003,0,0,1.29065e+08,0.0130005,0.336951,1.19634,1.01266,1.00002,1.00298,1.07549
0,12911.4,2.94324e+08,0.0164795,23.2007,3.1375,0.318726,32303.6,0,0.351135,1.00003,0,0,1.29046e+08,0.0128174,0.358971,1.19634,1.01266,1.00002,1.00298,1.07549
0,12801.5,2.90964e+08,0.0173645,23.5929,3.13359,0.319122,33817,0,0.344208,1.00003,0,0,1.28848e+08,0.012085,0.34281,1.19634,1.01266,1.00002,1.00298,1.07549
0,12546.9,2.83428e+08,0.0308228,25.6014,3.1384,0.318634,31062.8,0,0.335663,1.00003,0,0,1.28902e+08,0.0135193,0.34723,1.19634,1.01266,1.00002,1.00298,1.07549
0,12783.5,2.90931e+08,0.013855,24.1783,3.14986,0.317474,28929.2,0,0.3461,1.00003,0,0,1.28283e+08,0.0115356,0.342692,1.19634,1.01266,1.00002,1.00298,1.07549
0,12687,2.86489e+08,0.0194702,24.2597,3.1297,0.319519,28734.6,0,0.3508,1.00003,0,0,1.28991e+08,0.0137939,0.37311,1.19634,1.01266,1.00002,1.00298,1.07549
0,12972.4,2.96497e+08,0.0177917,22.8677,3.12941,0.31955,28031.1,0,0.360596,1.00003,0,0,1.29545e+08,0.0150146,0.387125,1.19634,1.01266,1.00002,1.00298,1.07549
0,12505.1,2.81525e+08,0.0308838,25.8718,3.13689,0.318787,30314.2,0,0.34613,1.00003,0,0,1.28723e+08,0.0135193,0.350111,1.19634,1.01266,1.00002,1.00298,1.07549
0,13119.7,3.01465e+08,0.0179443,21.8636,3.1611,0.316345,27715.2,0,0.363251,1.00003,0,0,1.28236e+08,0.0109558,0.377727,1.19634,1.01266,1.00002,1.00298,1.07549
0,12722.3,2.8854e+08,0.0205383,24.562,3.1309,0.319397,31944.1,0,0.34259,1.00003,0,0,1.29635e+08,0.018158,0.356474,1.19634,1.01266,1.00002,1.00298,1.07549
0,12768.7,2.89981e+08,0.015564,24.4054,3.14926,0.317535,30201,0,0.354919,1.00003,0,0,1.28045e+08,0.0121765,0.339167,1.19634,1.01266,1.00002,1.00298,1.07549
0,12872.3,2.93512e+08,0.0212097,23.6887,3.15441,0.317017,31854.3,0,0.361267,1.00003,0,0,1.28101e+08,0.0122375,0.401671,1.19634,1.01266,1.00002,1.00298,1.07549
0,12904.6,2.9379e+08,0.017395,23.0292,3.14141,0.318329,29504.5,0,0.365387,1.00003,0,0,1.28655e+08,0.0125427,0.398603,1.19634,1.01266,1.00002,1.00298,1.07549
0,12915.3,2.94743e+08,0.0140686,23.709,3.16446,0.31601,29994.4,0,0.357483,1.00003,0,0,1.27803e+08,0.0126648,0.344932,1.19634,1.01266,1.00002,1.00298,1.07549
0,12577.7,2.8377e+08,0.0276794,25.3225,3.12761,0.319733,31217.1,0,0.352417,1.00003,0,0,1.29119e+08,0.0163574,0.354076,1.19634,1.01266,1.00002,1.00298,1.07549
0,12833.4,2.91819e+08,0.0142517,23.7428,3.13539,0.318939,30743.4,0,0.36087,1.00003,0,0,1.29234e+08,0.0130005,0.369261,1.19634,1.01266,1.00002,1.00298,1.07549
0,12855.6,2.92735e+08,0.022522,23.745,3.14171,0.318298,29564.8,0,0.362183,1.00003,0,0,1.28819e+08,0.0114136,0.382713,1.19634,1.01266,1.00002,1.00298,1.07549
0,12931.5,2.95648e+08,0.015625,22.6426,3.15107,0.317352,31442.6,0,0.362244,1.00003,0,0,1.28283e+08,0.0117798,0.375399,1.19634,1.01266,1.00002,1.00298,1.07549
0,12589.8,2.84143e+08,0.032074,25.4486,3.1324,0.319244,33296.1,0,0.351105,1.00003,0,0,1.28842e+08,0.0133362,0.38646,1.19634,1.01266,1.00002,1.00298,1.07549
0,12877.2,2.93249e+08,0.0151978,23.4919,3.13449,0.319031,35912.2,0,0.360931,1.00003,0,0,1.29207e+08,0.013916,0.385675,1.19634,1.01266,1.00002,1.00298,1.07549
0,13045.8,2.98404e+08,0.0202637,21.8995,3.13569,0.318909,30237.2,0,0.362579,1.00003,0,0,1.29212e+08,0.0133972,0.357852,1.19634,1.01266,1.00002,1.00298,1.07549
0,12986.1,2.9643e+08,0.0166321,22.7168,3.15228,0.31723,27688.6,0,0.35675,1.00003,0,0,1.28673e+08,0.0127258,0.353388,1.19634,1.01266,1.00002,1.00298,1.07549
0,12952.7,2.9572e+08,0.0170288,23.1331,3.15077,0.317383,30198.3,0,0.355835,1.00003,0,0,1.2858e+08,0.012146,0.380637,1.19634,1.01266,1.00002,1.00298,1.07549
0,12688.9,2.87406e+08,0.0177307,25.1254,3.1666,0.315796,33528.8,0,0.351898,1.00003,0,0,1.27538e+08,0.0136108,0.346355,1.19634,1.01266,1.00002,1.00298,1.07549
0,13049.9,2.99033e+08,0.0211182,22.3329,3.15259,0.3172,31111.2,0,0.361847,1.00003,0,0,1.2875e+08,0.0127563,0.388097,1.19634,1.01266,1.00002,1.00298,1.07549
0,12866.4,2.93374e+08,0.0136719,23.8384,3.14412,0.318054,34409.2,0,0.348969,1.00003,0,0,1.29482e+08,0.0142822,0.367099,1.19634,1.01266,1.00002,1.00298,1.07549
0,12654.4,2.86412e+08,0.0218811,24.7291,3.1312,0.319366,32654.6,0,0.343353,1.00003,0,0,1.28914e+08,0.0163269,0.363884,1.19634,1.01266,1.00002,1.00298,1.07549
0,12745.1,2.89296e+08,0.0169067,24.7147,3.15228,0.31723,32673.2,0,0.347321,1.00003,0,0,1.28138e+08,0.0134583,0.355443,1.19634,1.01266,1.00002,1.00298,1.07549
0,12639,2.8544e+08,0.0240784,24.7551,3.12731,0.319763,31397.8,0,0.35083,1.00003,0,0,1.29017e+08,0.0146179,0.370948,1.19634,1.01266,1.00002,1.00298,1.07549
0,12989.9,2.96645e+08,0.0172424,22.6938,3.14774,0.317688,33928.7,0,0.360992,1.00003,0,0,1.28562e+08,0.0154724,0.374154,1.19634,1.01266,1.00002,1.00298,1.07549
0,12618,2.85562e+08,0.0267639,25.2229,3.1402,0.318451,32110.6,0,0.349701,1.00003,0,0,1.28652e+08,0.013031,0.355063,1.19634,1.01266,1.00002,1.00298,1.07549
0,12652.3,2.86498e+08,0.0205688,24.8497,3.15319,0.317139,30388.9,0,0.346497,1.00003,0,0,1.27972e+08,0.0126343,0.349419,1.19634,1.01266,1.00002,1.00298,1.07549
0,12381.3,2.76834e+08,0.042572,25.9101,3.11868,0.320648,30596.3,0,0.349091,1.00003,0,0,1.2926e+08,0.013916,0.356675,1.19634,1.01266,1.00002,1.00298,1.07549
0,12733,2.88186e+08,0.0155334,23.7147,3.13359,0.319122,30477.3,0,0.357117,1.00003,0,0,1.28594e+08,0.0114746,0.360497,1.19634,1.01266,1.00002,1.00298,1.07549
0,12791.6,2.90363e+08,0.0158081,23.2399,3.12433,0.320068,32008.4,0,0.358276,1.00003,0,0,1.29481e+08,0.0124512,0.364512,1.19634,1.01266,1.00002,1.00298,1.07549
0,12694,2.87615e+08,0.0204163,24.0729,3.12761,0.319733,30609.1,0,0.356476,1.00003,0,0,1.29119e+08,0.0134583,0.362754,1.19634,1.01266,1.00002,1.00298,1.07549
0,12772.2,3.89142e+08,0.0284729,24.2097,3.10362,0.322205,67493.7,0,0.344849,1.00003,0,0,1.34437e+08,0.0170288,0.353248,1.19634,1.01266,1.00002,1.00298,1.07549
0,15319.1,2.71961e+09,0.021637,22.3291,3.12463,0.320038,36604.4,0,0.364044,1.00003,0,0,2.07021e+08,0.0144653,0.372559,1.19634,1.01266,1.00002,1.00298,1.07549
0,12750.9,2.8909e+08,0.0133057,23.619,3.1538,0.317078,27193.5,0,0.347626,1.00003,0,0,1.2808e+08,0.0112915,0.340021,1.19634,1.01266,1.00002,1.00298,1.07549
0,15513.2,2.71564e+09,0.025116,21.3133,3.13509,0.31897,33905,0,0.369171,1.00003,0,0,2.06774e+08,0.0134277,0.396943,1.19634,1.01266,1.00002,1.00298,1.07549
0,12620.8,2.85832e+08,0.0222778,24.5579,3.14714,0.317749,37159.3,0,0.351776,1.00003,0,0,1.28677e+08,0.0148315,0.345257,1.19634,1.01266,1.00002,1.00298,1.07549
0,13269.8,3.05734e+08,0.0231628,20.4297,3.17858,0.314606,24948.8,0,0.374664,1.00003,0,0,1.27821e+08,0.0108948,0.37071,1.19634,1.01266,1.00002,1.00298,1.07549
0,12730,2.89477e+08,0.0117493,24.2422,3.18105,0.314362,28134.7,0,0.35791,1.00003,0,0,1.26835e+08,0.0116577,0.362155,1.19634,1.01266,1.00002,1.00298,1.07549
0,12770.2,2.90486e+08,0.0133362,23.7445,3.15775,0.316681,29700.8,0,0.352112,1.00003,0,0,1.28106e+08,0.0126953,0.348512,1.19634,1.01266,1.00002,1.00298,1.07549
0,13064,2.99119e+08,0.0189514,21.8282,3.16477,0.315979,25748.7,0,0.360687,1.00003,0,0,1.2798e+08,0.0116882,0.354942,1.19634,1.01266,1.00002,1.00298,1.07549
0,12520.7,2.83271e+08,0.0249023,25.4019,3.16936,0.315521,27631.7,0,0.336517,1.00003,0,0,1.27149e+08,0.0126343,0.337077,1.19634,1.01266,1.00002,1.00298,1.07549
0,12742.1,2.88662e+08,0.0119629,23.9527,3.16171,0.316284,27690.8,0,0.339813,1.00003,0,0,1.27553e+08,0.0115356,0.348275,1.19634,1.01266,1.00002,1.00298,1.07549
0,12639.3,2.8671e+08,0.0218506,24.6893,3.15259,0.3172,28262.5,0,0.330109,1.00003,0,0,1.28177e+08,0.013092,0.316605,1.19634,1.01266,1.00002,1.00298,1.07549
0,12808.4,2.90791e+08,0.0161133,23.1951,3.15471,0.316986,28056.5,0,0.341583,1.00003,0,0,1.28037e+08,0.0125122,0.359109,1.19634,1.01266,1.00002,1.00298,1.07549
0,12802.9,2.91759e+08,0.0162354,23.5595,3.15047,0.317413,28348.8,0,0.347321,1.00003,0,0,1.28498e+08,0.0138245,0.347949,1.19634,1.01266,1.00002,1.00298,1.07549
0,12652.4,2.87067e+08,0.0222778,24.4765,3.15441,0.317017,30626.6,0,0.338593,1.00003,0,0,1.28264e+08,0.0138245,0.378019,1.19634,1.01266,1.00002,1.00298,1.07549
0,13210.3,3.03949e+08,0.0201111,20.8728,3.17489,0.314972,25874.7,0,0.362335,1.00003,0,0,1.27498e+08,0.0105286,0.368461,1.19634,1.01266,1.00002,1.00298,1.07549
0,13041.5,2.97992e+08,0.0174255,21.7859,3.16875,0.315582,25853.1,0,0.350708,1.00003,0,0,1.27512e+08,0.0108948,0.369308,1.19634,1.01266,1.00002,1.00298,1.07549
0,12966,2.9594e+08,0.0173645,22.312,3.16477,0.315979,26329.2,0,0.339264,1.00003,0,0,1.2783e+08,0.0115967,0.325876,1.19634,1.01266,1.00002,1.00298,1.07549
0,12444.3,2.8003e+08,0.0281982,26.1142,3.17704,0.314758,27847.3,0,0.319733,1.00003,0,0,1.26685e+08,0.0149841,0.32615,1.19634,1.01266,1.00002,1.00298,1.07549
0,12846.3,2.93463e+08,0.0161133,23.3281,3.1829,0.314178,26735.1,0,0.338318,1.00003,0,0,1.26944e+08,0.012146,0.355584,1.19634,1.01266,1.00002,1.00298,1.07549
0,12890.4,2.93731e+08,0.0152283,22.9497,3.17089,0.315369,26534.8,0,0.339569,1.00003,0,0,1.2755e+08,0.0127869,0.352533,1.19634,1.01266,1.00002,1.00298,1.07549
0,12722.9,2.88909e+08,0.0152588,24.0392,3.16385,0.316071,28084.7,0,0.333313,1.00003,0,0,1.27804e+08,0.0126343,0.309004,1.19634,1.01266,1.00002,1.00298,1.07549
0,12956.8,2.95742e+08,0.0157166,22.5422,3.16936,0.315521,27403.8,0,0.347534,1.00003,0,0,1.27539e+08,0.0111389,0.341855,1.19634,1.01266,1.00002,1.00298,1.07549
0,12882.7,2.92567e+08,0.0165405,22.6062,3.14865,0.317596,29868.2,0,0.344574,1.00003,0,0,1.28599e+08,0.013031,0.380915,1.19634,1.01266,1.00002,1.00298,1.07549
0,12785.1,2.91081e+08,0.0154724,23.6845,3.14895,0.317566,27320,0,0.336578,1.00003,0,0,1.28816e+08,0.0137329,0.314114,1.19634,1.01266,1.00002,1.00298,1.07549
0,12875.9,2.92814e+08,0.0135498,23.0472,3.17889,0.314575,26359.3,0,0.354645,1.00003,0,0,1.26778e+08,0.0107422,0.358691,1.19634,1.01266,1.00002,1.00298,1.07549
0,12903.2,2.93221e+08,0.0151062,22.5953,3.17458,0.315002,27975.7,0,0.360077,1.00003,0,0,1.26937e+08,0.0107422,0.386961,1.19634,1.01266,1.00002,1.00298,1.07549
0,12532.5,2.81648e+08,0.0242615,25.1484,3.16324,0.316132,28035.9,0,0.348999,1.00003,0,0,1.27372e+08,0.0124512,0.359953,1.19634,1.01266,1.00002,1.00298,1.07549
0,12705.6,2.87395e+08,0.0151367,23.9086,3.16416,0.31604,27127,0,0.352997,1.00003,0,0,1.27432e+08,0.0123291,0.364504,1.19634,1.01266,1.00002,1.00298,1.07549
0,12446.9,2.7947e+08,0.0284729,25.7737,3.16355,0.316101,28311.1,0,0.341797,1.00003,0,0,1.27227e+08,0.0126038,0.353708,1.19634,1.01266,1.00002,1.00298,1.07549
0,12892.3,2.94116e+08,0.0193481,22.9112,3.18817,0.31366,26174.8,0,0.351349,1.00003,0,0,1.26472e+08,0.0118713,0.36573,1.19634,1.01266,1.00002,1.00298,1.07549
0,12694.9,2.87408e+08,0.0137634,24.0972,3.17735,0.314728,27262.4,0,0.346985,1.00003,0,0,1.26941e+08,0.0132141,0.367073,1.19634,1.01266,1.00002,1.00298,1.07549
0,12487.4,2.81519e+08,0.027832,25.4696,3.16355,0.316101,29450.3,0,0.338989,1.00003,0,0,1.27407e+08,0.0145569,0.355731,1.19634,1.01266,1.00002,1.00298,1.07549
0,12598.6,2.84464e+08,0.019989,24.929,3.17458,0.315002,28489.3,0,0.342499,1.00003,0,0,1.2685e+08,0.0123901,0.352729,1.19634,1.01266,1.00002,1.00298,1.07549
0,13027.4,2.98008e+08,0.0179749,21.8541,3.17827,0.314636,30013,0,0.351562,1.00003,0,0,1.27243e+08,0.0120544,0.353181,1.19634,1.01266,1.00002,1.00298,1.07549
0,12816.4,2.9122e+08,0.017395,23.2816,3.17951,0.314514,27071.9,0,0.348419,1.00003,0,0,1.26919e+08,0.0115662,0.382534,1.19634,1.01266,1.00002,1.00298,1.07549
0,12652.3,2.86191e+08,0.017395,24.5421,3.16477,0.315979,28346.4,0,0.343872,1.00003,0,0,1.2756e+08,0.013855,0.332482,1.19634,1.01266,1.00002,1.00298,1.07549
0,12920.5,2.94388e+08,0.0166626,22.7356,3.17858,0.314606,26961.3,0,0.354675,1.00003,0,0,1.27418e+08,0.0115662,0.365057,1.19634,1.01266,1.00002,1.00298,1.07549
0,12685.5,2.87568e+08,0.0172424,24.4,3.16905,0.315552,27895.7,0,0.345428,1.00003,0,0,1.27516e+08,0.0126953,0.328764,1.19634,1.01266,1.00002,1.00298,1.07549
0,12668.5,2.87047e+08,0.0151978,24.3949,3.17519,0.314941,30580.8,0,0.343689,1.00003,0,0,1.27379e+08,0.0147705,0.340326,1.19634,1.01266,1.00002,1.00298,1.07549
0,12933,2.95865e+08,0.0168457,22.765,3.18662,0.313812,26395.9,0,0.342712,1.00003,0,0,1.26993e+08,0.0130005,0.359417,1.19634,1.01266,1.00002,1.00298,1.07549
0,12682.4,2.87282e+08,0.01474,24.369,3.17396,0.315063,29053.9,0,0.339447,1.00003,0,0,1.27437e+08,0.0135498,0.359589,1.19634,1.01266,1.00002,1.00298,1.07549
0,12822.5,2.91604e+08,0.016571,23.2318,3.18136,0.314331,30432,0,0.34433,1.00003,0,0,1.26847e+08,0.0118103,0.355501,1.19634,1.01266,1.00002,1.00298,1.07549
0,12731.2,2.87976e+08,0.0119324,23.579,3.18198,0.31427,27935.7,0,0.346619,1.00003,0,0,1.26676e+08,0.0114136,0.335438,1.19634,1.01266,1.00002,1.00298,1.07549
0,12980,2.96452e+08,0.0162659,22.1403,3.19283,0.313202,28312.4,0,0.355042,1.00003,0,0,1.26535e+08,0.0110474,0.383206,1.19634,1.01266,1.00002,1.00298,1.07549
0,12446.7,2.80913e+08,0.026001,26.1857,3.19438,0.313049,30498.6,0,0.330811,1.00003,0,0,1.26071e+08,0.0135193,0.332626,1.19634,1.01266,1.00002,1.00298,1.07549
0,12984.1,2.96739e+08,0.0172119,22.2879,3.19314,0.313171,26051,0,0.355682,1.00003,0,0,1.26546e+08,0.0122986,0.356174,1.19634,1.01266,1.00002,1.00298,1.07549
0,12582.2,2.85071e+08,0.0169678,25.0675,3.1975,0.312744,29677.7,0,0.336853,1.00003,0,0,1.25992e+08,0.0127869,0.338772,1.19634,1.01266,1.00002,1.00298,1.07549
0,12757.2,2.90484e+08,0.0180664,24.0879,3.21066,0.311462,28660.9,0,0.345734,1.00003,0,0,1.25539e+08,0.012085,0.345249,1.19634,1.01266,1.00002,1.00298,1.07549
0,12665.2,2.86687e+08,0.0216675,24.456,3.18817,0.31366,29836.4,0,0.343384,1.00003,0,0,1.26586e+08,0.013916,0.350221,1.19634,1.01266,1.00002,1.00298,1.07549
0,12720.5,2.87411e+08,0.0115967,23.8642,3.19688,0.312805,27995.8,0,0.352509,1.00003,0,0,1.26082e+08,0.0121765,0.349515,1.19634,1.01266,1.00002,1.00298,1.07549
0,12601,2.85208e+08,0.0162659,24.9473,3.20063,0.312439,34408.3,0,0.331726,1.00003,0,0,1.26358e+08,0.0133057,0.368937,1.19634,1.01266,1.00002,1.00298,1.07549
0,12598,2.84241e+08,0.0166016,24.6345,3.17951,0.314514,39009.7,0,0.335205,1.00003,0,0,1.27196e+08,0.0130005,0.349134,1.19634,1.01266,1.00002,1.00298,1.07549
0,12755.1,2.90237e+08,0.022644,24.0338,3.1975,0.312744,31480.2,0,0.341919,1.00003,0,0,1.26229e+08,0.0125427,0.333259,1.19634,1.01266,1.00002,1.00298,1.07549
0,12873.3,2.9358e+08,0.0158081,22.9941,3.19625,0.312866,28093,0,0.352692,1.00003,0,0,1.26255e+08,0.0119629,0.370406,1.19634,1.01266,1.00002,1.00298,1.07549
0,12778.4,2.90492e+08,0.0135803,23.7308,3.19813,0.312683,26850.3,0,0.346497,1.00003,0,0,1.26451e+08,0.0119934,0.345148,1.19634,1.01266,1.00002,1.00298,1.07549
0,12532.4,2.83077e+08,0.018158,25.1876,3.20501,0.312012,28652.5,0,0.335632,1.00003,0,0,1.2589e+08,0.0120239,0.350707,1.19634,1.01266,1.00002,1.00298,1.07549
0,12490.2,2.80537e+08,0.0218201,25.5145,3.18724,0.313751,30457.9,0,0.338043,1.00003,0,0,1.26379e+08,0.0134583,0.33889,1.19634,1.01266,1.00002,1.00298,1.07549
0,12628.4,2.8567e+08,0.0157166,24.5923,3.19003,0.313477,30800.7,0,0.339752,1.00003,0,0,1.26384e+08,0.0123596,0.332914,1.19634,1.01266,1.00002,1.00298,1.07549
0,12708,2.8844e+08,0.0133362,23.9818,3.21098,0.311432,29943.3,0,0.340332,1.00003,0,0,1.2545e+08,0.0123596,0.358749,1.19634,1.01266,1.00002,1.00298,1.07549
0,13417.9,3.23172e+08,0.0361633,23.9601,3.0533,0.327515,29396.5,0,0.341827,1.00003,0,0,1.58228e+08,0.0287476,0.365593,1.19634,1.01266,1.00002,1.00298,1.07549
0,13720.3,3.32958e+08,0.0328064,22.1617,3.04168,0.328766,30169.9,0,0.355804,1.00003,0,0,1.61583e+08,0.0292664,0.373123,1.19634,1.01266,1.00002,1.00298,1.07549
0,13449.6,3.25696e+08,0.039856,24.2035,3.04904,0.327972,29371.1,0,0.347321,1.00003,0,0,1.61573e+08,0.0296021,0.385717,1.19634,1.01266,1.00002,1.00298,1.07549
0,13533.9,3.26055e+08,0.0295105,22.9691,3.04564,0.328339,28709.2,0,0.355957,1.00003,0,0,1.59495e+08,0.0296021,0.383214,1.19634,1.01266,1.00002,1.00298,1.07549
0,13387.2,3.22484e+08,0.0468445,24.4141,3.02679,0.330383,29068.4,0,0.346771,1.00003,0,0,1.63139e+08,0.0300903,0.378964,1.19634,1.01266,1.00002,1.00298,1.07549
0,13657.2,3.30453e+08,0.0294495,22.391,3.04366,0.328552,28842.4,0,0.361084,1.00003,0,0,1.60757e+08,0.0278015,0.368071,1.19634,1.01266,1.00002,1.00298,1.07549
0,13654.5,3.31246e+08,0.0318909,22.7103,3.02539,0.330536,89459.5,0,0.359558,1.00003,0,0,1.63245e+08,0.0302429,0.368106,1.19634,1.01266,1.00002,1.00298,1.07549
0,13388.6,3.22648e+08,0.0423584,24.2265,3.05444,0.327393,30381.3,0,0.357208,1.00003,0,0,1.59392e+08,0.02771,0.376844,1.19634,1.01266,1.00002,1.00298,1.07549
0,12097.4,2.69907e+08,0.0499573,28.4896,3.17704,0.314758,39565.8,0,0.329742,1.00003,0,0,1.26896e+08,0.0162659,0.342755,1.19634,1.01266,1.00002,1.00298,1.07549
0,12795.9,2.91333e+08,0.0143738,23.8047,3.19719,0.312775,31797.5,0,0.354736,1.00003,0,0,1.26415e+08,0.0123596,0.38646,1.19634,1.01266,1.00002,1.00298,1.07549
0,13118.9,3.01237e+08,0.0187073,21.5242,3.21349,0.311188,32103.9,0,0.362701,1.00003,0,0,1.26755e+08,0.0122681,0.379365,1.19634,1.01266,1.00002,1.00298,1.07549
0,12684.7,2.87072e+08,0.0133362,24.5302,3.18879,0.313599,29827.4,0,0.351501,1.00003,0,0,1.27598e+08,0.01297,0.359719,1.19634,1.01266,1.00002,1.00298,1.07549
0,12948.7,2.96502e+08,0.0179443,22.9697,3.18352,0.314117,35697,0,0.354919,1.00003,0,0,1.28739e+08,0.0137024,0.35974,1.19634,1.01266,1.00002,1.00298,1.07549
0,13064.2,3.0002e+08,0.0215759,22.0454,3.16691,0.315765,87680.7,0,0.359161,1.00003,0,0,1.30625e+08,0.0158997,0.360429,1.19634,1.01266,1.00002,1.00298,1.07549
0,13143.8,3.07585e+08,0.0224609,23.2076,3.10215,0.322357,38684.5,0,0.354401,1.00003,0,0,1.43e+08,0.0210876,0.378682,1.19634,1.01266,1.00002,1.00298,1.07549
0,12984.2,2.97532e+08,0.0185547,22.5614,3.18198,0.31427,44471.1,0,0.35791,1.00003,0,0,1.28682e+08,0.0151978,0.394554,1.19634,1.01266,1.00002,1.00298,1.07549
0,12915.8,2.96045e+08,0.0203247,22.7181,3.16171,0.316284,51786.5,0,0.35968,1.00003,0,0,1.29093e+08,0.0172424,0.381452,1.19634,1.01266,1.00002,1.00298,1.07549
0,12545.1,2.82303e+08,0.0190735,25.1838,3.19003,0.313477,29284.2,0,0.34613,1.00003,0,0,1.26745e+08,0.0129089,0.361646,1.19634,1.01266,1.00002,1.00298,1.07549
0,12489.5,2.82436e+08,0.0258179,25.985,3.18786,0.31369,45155.8,0,0.340179,1.00003,0,0,1.2748e+08,0.0153809,0.37545,1.19634,1.01266,1.00002,1.00298,1.07549
0,12682.6,2.87312e+08,0.0152893,24.5694,3.18786,0.31369,32129.8,0,0.349121,1.00003,0,0,1.28025e+08,0.0141602,0.349879,1.19634,1.01266,1.00002,1.00298,1.07549
0,12675.9,2.87322e+08,0.0178833,24.2482,3.17089,0.315369,50448.1,0,0.347992,1.00003,0,0,1.27819e+08,0.0169983,0.380899,1.19634,1.01266,1.00002,1.00298,1.07549
0,12770.9,2.935e+08,0.0171814,24.4222,3.17304,0.315155,89774.6,0,0.347961,1.00003,0,0,1.31157e+08,0.0169678,0.372544,1.19634,1.01266,1.00002,1.00298,1.07549
0,12851.7,2.92776e+08,0.0144958,23.1316,3.19221,0.313263,37394.6,0,0.3591,1.00003,0,0,1.27246e+08,0.0126953,0.362471,1.19634,1.01266,1.00002,1.00298,1.07549
0,12976.5,2.96474e+08,0.0162048,22.594,3.20501,0.312012,51040.4,0,0.355377,1.00003,0,0,1.27006e+08,0.0124512,0.373388,1.19634,1.01266,1.00002,1.00298,1.07549
0,13265.6,3.0977e+08,0.0210876,21.8945,3.1399,0.318481,50460.4,0,0.357117,1.00003,0,0,1.36865e+08,0.0191345,0.396006,1.19634,1.01266,1.00002,1.00298,1.07549
0,12937.8,2.97301e+08,0.0209961,23.0935,3.1378,0.318695,46498.7,0,0.352478,1.00003,0,0,1.33463e+08,0.0201416,0.353694,1.19634,1.01266,1.00002,1.00298,1.07549
0,12660.4,2.89677e+08,0.0250244,25.2862,3.16446,0.31601,34341.1,0,0.336334,1.00003,0,0,1.32138e+08,0.0180054,0.38096,1.19634,1.01266,1.00002,1.00298,1.07549
0,12586.5,2.8606e+08,0.0252075,25.2315,3.1663,0.315826,36155.2,0,0.344757,1.00003,0,0,1.29892e+08,0.0162964,0.377203,1.19634,1.01266,1.00002,1.00298,1.07549
0,12678.3,2.88005e+08,0.0162048,24.4175,3.18972,0.313507,38785.8,0,0.349823,1.00003,0,0,1.27368e+08,0.0160217,0.364521,1.19634,1.01266,1.00002,1.00298,1.07549
0,12827.9,2.92109e+08,0.0162354,23.2238,3.1829,0.314178,40186.8,0,0.351318,1.00003,0,0,1.2817e+08,0.0151978,0.361927,1.19634,1.01266,1.00002,1.00298,1.07549
0,12745.8,2.8954e+08,0.0179749,23.6126,3.15867,0.316589,34145.7,0,0.348389,1.00003,0,0,1.28444e+08,0.0170898,0.365298,1.19634,1.01266,1.00002,1.00298,1.07549
0,13303.8,3.15286e+08,0.0307312,21.5695,3.07941,0.324738,293730,0,0.35083,1.00003,0,0,1.43606e+08,0.0264282,0.369801,1.19634,1.01266,1.00002,1.00298,1.07549
0,12493.9,2.8337e+08,0.0291443,25.8308,3.17366,0.315094,57477.4,0,0.328735,1.00003,0,0,1.28826e+08,0.0169373,0.326943,1.19634,1.01266,1.00002,1.00298,1.07549
0,12492.2,2.80637e+08,0.021637,25.2935,3.18229,0.31424,39800.6,0,0.328369,1.00003,0,0,1.26891e+08,0.0137024,0.335959,1.19634,1.01266,1.00002,1.00298,1.07549
0,12730.8,2.89412e+08,0.0151062,24.1354,3.18167,0.314301,51597.3,0,0.336975,1.00003,0,0,1.28181e+08,0.0146179,0.323769,1.19634,1.01266,1.00002,1.00298,1.07549
0,12729.4,2.91369e+08,0.0168762,24.5923,3.18445,0.314026,36493.7,0,0.342224,1.00003,0,0,1.30163e+08,0.0164185,0.363027,1.19634,1.01266,1.00002,1.00298,1.07549
0,12895.7,2.95856e+08,0.0228882,23.1424,3.15988,0.316467,31886.4,0,0.35025,1.00003,0,0,1.30772e+08,0.017334,0.353453,1.19634,1.01266,1.00002,1.00298,1.07549
0,12405.6,2.79439e+08,0.0320129,26.1119,3.17766,0.314697,33660.8,0,0.343079,1.00003,0,0,1.28195e+08,0.0170288,0.378979,1.19634,1.01266,1.00002,1.00298,1.07549
0,12846.3,2.93995e+08,0.0210876,23.8687,3.15289,0.317169,41504.1,0,0.355286,1.00003,0,0,1.33108e+08,0.0166931,0.379347,1.19634,1.01266,1.00002,1.00298,1.07549
0,12498.6,2.82034e+08,0.0245361,25.5863,3.17889,0.314575,33695.8,0,0.348419,1.00003,0,0,1.27405e+08,0.0144653,0.35622,1.19634,1.01266,1.00002,1.00298,1.07549
0,12692.5,2.88476e+08,0.0194702,24.0252,3.15958,0.316498,30906.6,0,0.353546,1.00003,0,0,1.27987e+08,0.0178833,0.38131,1.19634,1.01266,1.00002,1.00298,1.07549
0,12780.8,2.91618e+08,0.0133667,23.9972,3.21318,0.311218,29317.3,0,0.347229,1.00003,0,0,1.26176e+08,0.0136108,0.352975,1.19634,1.01266,1.00002,1.00298,1.07549
0,13052.6,2.99974e+08,0.0208435,21.7196,3.19096,0.313385,28428.5,0,0.362793,1.00003,0,0,1.27652e+08,0.01474,0.372438,1.19634,1.01266,1.00002,1.00298,1.07549
0,13114.2,3.01186e+08,0.0202942,21.6071,3.21318,0.311218,29327.2,0,0.366211,1.00003,0,0,1.26195e+08,0.0136108,0.356751,1.19634,1.01266,1.00002,1.00298,1.07549
0,12919.9,2.95766e+08,0.0202637,22.7824,3.16416,0.31604,68980.7,0,0.354797,1.00003,0,0,1.29971e+08,0.0180969,0.38817,1.19634,1.01266,1.00002,1.00298,1.07549
0,12782.3,2.90225e+08,0.015686,23.66,3.19563,0.312927,33468.2,0,0.35437,1.00003,0,0,1.27331e+08,0.0137024,0.38149,1.19634,1.01266,1.00002,1.00298,1.07549
0,12884.4,2.97653e+08,0.0463257,23.8705,3.14201,0.318268,36308.3,0,0.335236,1.00003,0,0,1.34951e+08,0.0207825,0.368602,1.19634,1.01266,1.00002,1.00298,1.07549
0,13011.5,2.97814e+08,0.0201416,22.0381,3.1947,0.313019,32121.8,0,0.343781,1.00003,0,0,1.2777e+08,0.0133057,0.350878,1.19634,1.01266,1.00002,1.00298,1.07549
0,12810.2,2.91456e+08,0.0144043,23.4228,3.20125,0.312378,29641.9,0,0.337952,1.00003,0,0,1.2701e+08,0.0134583,0.359475,1.19634,1.01266,1.00002,1.00298,1.07549
0,12644.7,2.87129e+08,0.0206299,24.7392,3.186,0.313873,30732.4,0,0.33017,1.00003,0,0,1.27578e+08,0.0158081,0.329697,1.19634,1.01266,1.00002,1.00298,1.07549
0,13292.6,3.13887e+08,0.0256653,22.4612,3.10362,0.322205,66736.4,0,0.353851,1.00003,0,0,1.44815e+08,0.0247192,0.400584,1.19634,1.01266,1.00002,1.00298,1.07549
0,12806.6,2.93879e+08,0.0206299,24.0479,3.16875,0.315582,52320.5,0,0.349945,1.00003,0,0,1.31271e+08,0.0168762,0.3505,1.19634,1.01266,1.00002,1.00298,1.07549
0,12585.5,2.8714e+08,0.0276794,25.4313,3.15745,0.316711,48601.3,0,0.342987,1.00003,0,0,1.31473e+08,0.0168152,0.373895,1.19634,1.01266,1.00002,1.00298,1.07549
0,12445.9,2.80353e+08,0.0282593,25.957,3.19096,0.313385,35543.2,0,0.336914,1.00003,0,0,1.27208e+08,0.0162964,0.372025,1.19634,1.01266,1.00002,1.00298,1.07549
0,12758.3,2.90023e+08,0.0158081,23.8828,3.19003,0.313477,40555.6,0,0.343445,1.00003,0,0,1.27845e+08,0.0155334,0.36413,1.19634,1.01266,1.00002,1.00298,1.07549
0,12700.7,2.89104e+08,0.0207825,24.5447,3.16997,0.31546,57031.4,0,0.340454,1.00003,0,0,1.30086e+08,0.0156555,0.357582,1.19634,1.01266,1.00002,1.00298,1.07549
0,13042.7,3.02549e+08,0.0188904,23.1111,3.15016,0.317444,31169.8,0,0.35083,1.00003,0,0,1.36642e+08,0.0185852,0.346135,1.19634,1.01266,1.00002,1.00298,1.07549
0,12965.2,2.98357e+08,0.0165405,23.3537,3.17489,0.314972,30516.8,0,0.352051,1.00003,0,0,1.33022e+08,0.0158081,0.372278,1.19634,1.01266,1.00002,1.00298,1.07549
0,12918.3,2.94917e+08,0.0155945,22.7295,3.20595,0.31192,31707.2,0,0.356018,1.00003,0,0,1.26313e+08,0.0131836,0.371348,1.19634,1.01266,1.00002,1.00298,1.07549
0,12720.6,2.89617e+08,0.0164795,24.1867,3.18755,0.313721,35307.5,0,0.335266,1.00003,0,0,1.27964e+08,0.0150757,0.330875,1.19634,1.01266,1.00002,1.00298,1.07549
0,12820.9,2.91201e+08,0.0122986,23.5425,3.22266,0.310303,32783.3,0,0.347412,1.00003,0,0,1.25508e+08,0.0129395,0.361806,1.19634,1.01266,1.00002,1.00298,1.07549
0,13043.4,2.9711e+08,0.0206299,21.7028,3.18414,0.314056,133892,0,0.342224,1.00003,0,0,1.2735e+08,0.0152893,0.358673,1.19634,1.01266,1.00002,1.00298,1.07549
0,12640.4,2.87521e+08,0.0192261,25.1525,3.21507,0.311035,40828.5,0,0.342072,1.00003,0,0,1.26416e+08,0.0151978,0.352481,1.19634,1.01266,1.00002,1.00298,1.07549
0,12683.9,2.87864e+08,0.0144348,24.5323,3.19813,0.312683,46461.1,0,0.33905,1.00003,0,0,1.28076e+08,0.0166626,0.358352,1.19634,1.01266,1.00002,1.00298,1.07549
0,12576.8,2.84086e+08,0.0189514,25.0656,3.20375,0.312134,31482.1,0,0.344452,1.00003,0,0,1.26101e+08,0.0156555,0.333548,1.19634,1.01266,1.00002,1.00298,1.07549
0,12699.6,2.89169e+08,0.0285339,23.5955,3.09687,0.322906,71828.6,0,0.343658,1.00003,0,0,1.30192e+08,0.0254517,0.406685,1.19634,1.01266,1.00002,1.00298,1.07549
0,12901.1,2.93912e+08,0.0162964,22.8902,3.19438,0.313049,29413.9,0,0.357208,1.00003,0,0,1.27663e+08,0.0154419,0.359222,1.19634,1.01266,1.00002,1.00298,1.07549
0,12740.8,2.91445e+08,0.0170593,24.2576,3.17889,0.314575,44980.5,0,0.355316,1.00003,0,0,1.29753e+08,0.016571,0.354253,1.19634,1.01266,1.00002,1.00298,1.07549
0,12530.8,2.82506e+08,0.0178833,25.2537,3.21098,0.311432,32603.7,0,0.354736,1.00003,0,0,1.2584e+08,0.0137634,0.362765,1.19634,1.01266,1.00002,1.00298,1.07549
0,13006,2.98089e+08,0.0170593,22.6531,3.2176,0.310791,30087.1,0,0.365387,1.00003,0,0,1.26817e+08,0.0126038,0.410244,1.19634,1.01266,1.00002,1.00298,1.07549
0,12724.3,2.88587e+08,0.0170593,23.9435,3.20219,0.312286,41346.1,0,0.350525,1.00003,0,0,1.26668e+08,0.0170593,0.348742,1.19634,1.01266,1.00002,1.00298,1.07549
0,12863,2.94313e+08,0.0155029,23.3758,3.22615,0.309967,32641.6,0,0.353516,1.00003,0,0,1.26038e+08,0.0142822,0.34742,1.19634,1.01266,1.00002,1.00298,1.07549
0,12693.4,2.90033e+08,0.0195312,24.3918,3.17366,0.315094,43032.2,0,0.350311,1.00003,0,0,1.29438e+08,0.0195923,0.351982,1.19634,1.01266,1.00002,1.00298,1.07549
0,12942.6,2.94407e+08,0.0158997,22.6779,3.21286,0.311249,40096.8,0,0.360626,1.00003,0,0,1.27024e+08,0.0136108,0.379262,1.19634,1.01266,1.00002,1.00298,1.07549
0,12754.3,2.90398e+08,0.019165,24.0116,3.18879,0.313599,37189.1,0,0.350342,1.00003,0,0,1.27761e+08,0.0168762,0.38768,1.19634,1.01266,1.00002,1.00298,1.07549
0,13016.2,2.98078e+08,0.0163269,22.2223,3.20815,0.311707,31915.9,0,0.361206,1.00003,0,0,1.28067e+08,0.0134583,0.365045,1.19634,1.01266,1.00002,1.00298,1.07549
0,13152.1,3.02613e+08,0.0178833,21.5942,3.24051,0.308594,35036.4,0,0.356079,1.00003,0,0,1.25655e+08,0.0126648,0.368491,1.19634,1.01266,1.00002,1.00298,1.07549
0,12800.1,2.92309e+08,0.0166016,23.8441,3.21665,0.310883,32413.9,0,0.354584,1.00003,0,0,1.27384e+08,0.0155029,0.382743,1.19634,1.01266,1.00002,1.00298,1.07549
0,12753.1,2.89611e+08,0.0183105,23.633,3.2271,0.309875,29668.4,0,0.356659,1.00003,0,0,1.25701e+08,0.0136719,0.375734,1.19634,1.01266,1.00002,1.00298,1.07549
0,12795.9,2.92081e+08,0.0144043,23.9865,3.23251,0.309357,30487.7,0,0.358459,1.00003,0,0,1.2516e+08,0.0140686,0.369354,1.19634,1.01266,1.00002,1.00298,1.07549
0,12653,2.87748e+08,0.0217285,24.6076,3.1611,0.316345,64181.5,0,0.341766,1.00003,0,0,1.3017e+08,0.0196533,0.347732,1.19634,1.01266,1.00002,1.00298,1.07549
0,13207.2,3.56182e+08,0.0239258,22.2483,3.16324,0.316132,59601.5,0,0.347107,1.00003,0,0,1.37696e+08,0.0180969,0.384646,1.19634,1.01266,1.00002,1.00298,1.07549
0,13002.9,2.96942e+08,0.0171509,22.2022,3.23826,0.308807,27201.7,0,0.362946,1.00003,0,0,1.2565e+08,0.0131531,0.367883,1.19634,1.01266,1.00002,1.00298,1.07549
0,13128.7,3.01679e+08,0.0191345,21.6197,3.22933,0.309662,30068.7,0,0.346619,1.00003,0,0,1.27221e+08,0.0140686,0.370995,1.19634,1.01266,1.00002,1.00298,1.07549
0,12618.3,2.8541e+08,0.0163574,24.934,3.23443,0.309174,30370.1,0,0.344879,1.00003,0,0,1.24919e+08,0.0147095,0.366147,1.19634,1.01266,1.00002,1.00298,1.07549
0,13051.1,2.99879e+08,0.0198975,22.2648,3.24757,0.307922,31981.2,0,0.358185,1.00003,0,0,1.25381e+08,0.013855,0.374864,1.19634,1.01266,1.00002,1.00298,1.07549
0,12872.4,2.93522e+08,0.0198669,23.1215,3.21507,0.311035,39073.3,0,0.346954,1.00003,0,0,1.27109e+08,0.0161133,0.357772,1.19634,1.01266,1.00002,1.00298,1.07549
0,12868.8,2.93868e+08,0.0139465,23.3096,3.25241,0.307465,29778.9,0,0.348267,1.00003,0,0,1.24176e+08,0.0133057,0.348153,1.19634,1.01266,1.00002,1.00298,1.07549
0,12466.7,2.80278e+08,0.0180359,25.9569,3.23635,0.30899,30346.2,0,0.349457,1.00003,0,0,1.24597e+08,0.0133362,0.359913,1.19634,1.01266,1.00002,1.00298,1.07549
0,12760.1,2.90245e+08,0.0188293,24.1508,3.24757,0.307922,30199.2,0,0.350006,1.00003,0,0,1.24691e+08,0.0143433,0.351281,1.19634,1.01266,1.00002,1.00298,1.07549
0,12701.6,2.87689e+08,0.0145264,24.3224,3.25661,0.307068,28235.9,0,0.3396,1.00003,0,0,1.24023e+08,0.0125732,0.328877,1.19634,1.01266,1.00002,1.00298,1.07549
0,12908.8,2.94525e+08,0.0155029,23.1751,3.2579,0.306946,28321.8,0,0.339661,1.00003,0,0,1.23991e+08,0.012085,0.326296,1.19634,1.01266,1.00002,1.00298,1.07549
0,12969.3,2.95737e+08,0.0139465,22.6011,3.26472,0.306305,27157.9,0,0.353119,1.00003,0,0,1.23843e+08,0.0110779,0.386518,1.19634,1.01266,1.00002,1.00298,1.07549
0,12498.9,2.81375e+08,0.0135498,25.6496,3.24757,0.307922,32028.9,0,0.338745,1.00003,0,0,1.24218e+08,0.0154114,0.331094,1.19634,1.01266,1.00002,1.00298,1.07549
0,12452.1,2.79448e+08,0.0146484,25.9092,3.25629,0.307098,29632,0,0.339294,1.00003,0,0,1.23653e+08,0.0125732,0.331937,1.19634,1.01266,1.00002,1.00298,1.07549
0,13053.9,2.98332e+08,0.0203857,21.8851,3.27189,0.305634,27931.6,0,0.354858,1.00003,0,0,1.2326e+08,0.0104675,0.355361,1.19634,1.01266,1.00002,1.00298,1.07549
0,12746.3,2.89034e+08,0.0111694,23.884,3.25823,0.306915,29334,0,0.343964,1.00003,0,0,1.23489e+08,0.0115967,0.352635,1.19634,1.01266,1.00002,1.00298,1.07549
0,12996.4,2.9609e+08,0.0155945,22.1576,3.26017,0.306732,28586.4,0,0.355499,1.00003,0,0,1.23685e+08,0.0110474,0.372088,1.19634,1.01266,1.00002,1.00298,1.07549
0,12776.1,2.89967e+08,0.0142517,23.7754,3.25499,0.30722,30571.7,0,0.338226,1.00003,0,0,1.23841e+08,0.0140381,0.351317,1.19634,1.01266,1.00002,1.00298,1.07549
0,15056.1,2.68857e+09,0.0188904,24.7769,3.23028,0.30957,47783.2,0,0.345947,1.00003,0,0,2.02249e+08,0.0151978,0.360746,1.19634,1.01266,1.00002,1.00298,1.07549
0,12895.7,2.93785e+08,0.0128174,23.1045,3.27778,0.305084,27107.4,0,0.343628,1.00003,0,0,1.2286e+08,0.0121155,0.355509,1.19634,1.01266,1.00002,1.00298,1.07549
0,12302.8,2.75684e+08,0.0232544,26.9154,3.26245,0.306519,29479.6,0,0.323669,1.00003,0,0,1.23351e+08,0.0130615,0.334727,1.19634,1.01266,1.00002,1.00298,1.07549
0,12641.9,2.85178e+08,0.011261,24.7838,3.26928,0.305878,33863.3,0,0.344879,1.00003,0,0,1.22972e+08,0.0116882,0.363642,1.19634,1.01266,1.00002,1.00298,1.07549
0,12453.6,2.8015e+08,0.0160217,26.102,3.25855,0.306885,35989.5,0,0.32962,1.00003,0,0,1.23672e+08,0.0143433,0.347632,1.19634,1.01266,1.00002,1.00298,1.07549
0,12874.5,2.92193e+08,0.0117798,22.9864,3.27451,0.305389,28005.9,0,0.337555,1.00003,0,0,1.23044e+08,0.0106812,0.342077,1.19634,1.01266,1.00002,1.00298,1.07549
0,12997.8,2.9802e+08,0.0179749,22.41,3.27975,0.304901,28909.3,0,0.327698,1.00003,0,0,1.23139e+08,0.0125122,0.327754,1.19634,1.01266,1.00002,1.00298,1.07549
0,12741,2.8834e+08,0.0115356,23.9746,3.27124,0.305695,28773.6,0,0.335968,1.00003,0,0,1.23209e+08,0.011261,0.349777,1.19634,1.01266,1.00002,1.00298,1.07549
0,12825.2,2.91193e+08,0.013855,23.3174,3.2644,0.306335,31840.7,0,0.334808,1.00003,0,0,1.23652e+08,0.0118103,0.347889,1.19634,1.01266,1.00002,1.00298,1.07549
0,13039.5,2.97687e+08,0.0178223,21.8365,3.26863,0.305939,29031.3,0,0.343842,1.00003,0,0,1.23644e+08,0.0114441,0.360749,1.19634,1.01266,1.00002,1.00298,1.07549
0,12451.6,2.79617e+08,0.0152893,26.2249,3.26115,0.306641,29237.5,0,0.324677,1.00003,0,0,1.23554e+08,0.0137634,0.345354,1.19634,1.01266,1.00002,1.00298,1.07549
0,12162.5,2.70141e+08,0.0338135,27.8386,3.24404,0.308258,31460.2,0,0.327942,1.00003,0,0,1.23844e+08,0.0145569,0.329644,1.19634,1.01266,1.00002,1.00298,1.07549
0,12994.8,2.97084e+08,0.0148315,22.6432,3.28666,0.30426,28580.9,0,0.344849,1.00003,0,0,1.22862e+08,0.012085,0.345992,1.19634,1.01266,1.00002,1.00298,1.07549
0,12589.9,2.84602e+08,0.0152588,24.9971,3.24918,0.30777,34394,0,0.328827,1.00003,0,0,1.24123e+08,0.0154419,0.334115,1.19634,1.01266,1.00002,1.00298,1.07549
0,12721.5,2.88577e+08,0.0127869,24.2563,3.26537,0.306244,30592.8,0,0.330963,1.00003,0,0,1.23295e+08,0.0143127,0.347633,1.19634,1.01266,1.00002,1.00298,1.07549
0,12356.8,2.76918e+08,0.0189514,26.7739,3.26765,0.30603,33138.2,0,0.322662,1.00003,0,0,1.23106e+08,0.0128174,0.3234,1.19634,1.01266,1.00002,1.00298,1.07549
0,12447.3,2.80373e+08,0.0124817,26.3428,3.28699,0.30423,31102.5,0,0.328918,1.00003,0,0,1.22273e+08,0.0125427,0.332405,1.19634,1.01266,1.00002,1.00298,1.07549
0,12583.8,2.84657e+08,0.0131226,25.1503,3.27975,0.304901,29971.3,0,0.332428,1.00003,0,0,1.22711e+08,0.013031,0.325478,1.19634,1.01266,1.00002,1.00298,1.07549
0,12411.6,2.79039e+08,0.0291748,26.2442,3.2644,0.306335,33104.5,0,0.326569,1.00003,0,0,1.23036e+08,0.01474,0.342269,1.19634,1.01266,1.00002,1.00298,1.07549
0,12196.6,2.73254e+08,0.0331421,28.2945,3.27255,0.305573,37767.2,0,0.307617,1.00003,0,0,1.23023e+08,0.014679,0.330817,1.19634,1.01266,1.00002,1.00298,1.07549
0,12804.2,2.91751e+08,0.0159912,23.8975,3.25726,0.307007,37211.4,0,0.332275,1.00003,0,0,1.244e+08,0.0158691,0.337058,1.19634,1.01266,1.00002,1.00298,1.07549
0,12867,2.9259e+08,0.0112305,23.3057,3.29492,0.303497,29387.6,0,0.340332,1.00003,0,0,1.22193e+08,0.0119629,0.34993,1.19634,1.01266,1.00002,1.00298,1.07549
0,15388.2,2.55155e+09,0.0307007,24.5416,3.15562,0.316895,113498,0,0.333313,1.00003,0,0,2.16996e+08,0.0260315,0.334528,1.19634,1.01266,1.00002,1.00298,1.07549
0,11992.4,2.66255e+08,0.0420837,29.5479,3.30723,0.302368,32526,0,0.305725,1.00003,0,0,1.21452e+08,0.0152893,0.31245,1.19634,1.01266,1.00002,1.00298,1.07549
0,12843.8,2.93432e+08,0.0121765,24.0266,3.3294,0.300354,34102.5,0,0.343018,1.00003,0,0,1.21015e+08,0.0122375,0.337258,1.19634,1.01266,1.00002,1.00298,1.07549
0,15219.8,2.64221e+09,0.0180664,23.8614,3.28765,0.304169,43416.1,0,0.352112,1.00003,0,0,2.00161e+08,0.0159607,0.418955,1.19634,1.01266,1.00002,1.00298,1.07549
0,12274.8,2.75124e+08,0.0289917,27.877,3.33076,0.300232,31185.5,0,0.316528,1.00003,0,0,1.20761e+08,0.0127869,0.349327,1.19634,1.01266,1.00002,1.00298,1.07549
0,12584.8,2.85024e+08,0.0141907,25.5841,3.33313,0.300018,28246.9,0,0.323792,1.00003,0,0,1.20794e+08,0.0130005,0.314885,1.19634,1.01266,1.00002,1.00298,1.07549
0,12360.9,2.78532e+08,0.0934143,27.5031,3.31459,0.301697,41354,0,0.305725,1.00003,0,0,1.22326e+08,0.055542,0.310676,1.19634,1.01266,1.00002,1.00298,1.07549
0,13523.5,3.14933e+08,0.0267944,19.4939,3.2936,0.303619,56669.1,0,0.354156,1.00003,0,0,1.27636e+08,0.0158997,0.375313,1.19634,1.01266,1.00002,1.00298,1.07549
0,12824,2.91798e+08,0.0415955,23.7956,3.34709,0.298767,25727.4,0,0.349213,1.00003,0,0,1.20458e+08,0.0112915,0.332788,1.19634,1.01266,1.00002,1.00298,1.07549
0,12955,2.96502e+08,0.0150146,22.8869,3.32198,0.301025,25975.5,0,0.338287,1.00003,0,0,1.21522e+08,0.013855,0.340743,1.19634,1.01266,1.00002,1.00298,1.07549
0,12859.5,2.93891e+08,0.01651,23.8196,3.33618,0.299744,30274.2,0,0.33905,1.00003,0,0,1.20865e+08,0.0127563,0.331771,1.19634,1.01266,1.00002,1.00298,1.07549
0,12753.8,2.89555e+08,0.0126038,24.3471,3.31626,0.301544,27130,0,0.342194,1.00003,0,0,1.21397e+08,0.0134277,0.346042,1.19634,1.01266,1.00002,1.00298,1.07549
0,13042.5,2.97943e+08,0.0133667,22.1469,3.34061,0.299347,25033.1,0,0.34079,1.00003,0,0,1.20436e+08,0.00967407,0.353404,1.19634,1.01266,1.00002,1.00298,1.07549
0,12758.5,2.8951e+08,0.0118713,24.2304,3.31929,0.30127,27882,0,0.325958,1.00003,0,0,1.22471e+08,0.0146179,0.320281,1.19634,1.01266,1.00002,1.00298,1.07549
0,12865.1,2.93837e+08,0.0190735,23.8266,3.34367,0.299072,26355.6,0,0.33432,1.00003,0,0,1.20447e+08,0.0122986,0.342604,1.19634,1.01266,1.00002,1.00298,1.07549
0,12942.3,2.96164e+08,0.0213318,23.0306,3.31727,0.301453,26947.5,0,0.329437,1.00003,0,0,1.21653e+08,0.0124512,0.349554,1.19634,1.01266,1.00002,1.00298,1.07549
0,12293.1,2.75543e+08,0.0150452,27.47,3.33347,0.299988,27763.9,0,0.309509,1.00003,0,0,1.20615e+08,0.0144348,0.323994,1.19634,1.01266,1.00002,1.00298,1.07549
0,13008.9,2.98181e+08,0.0133057,22.5803,3.3447,0.298981,25643.2,0,0.321045,1.00003,0,0,1.20611e+08,0.0121765,0.338227,1.19634,1.01266,1.00002,1.00298,1.07549
0,12231.8,2.73402e+08,0.0287476,27.8836,3.31425,0.301727,29583.2,0,0.303009,1.00003,0,0,1.21312e+08,0.0162964,0.332749,1.19634,1.01266,1.00002,1.00298,1.07549
0,12422.2,2.79212e+08,0.0169067,26.5105,3.33144,0.300171,28566.8,0,0.325836,1.00003,0,0,1.20743e+08,0.0126038,0.347845,1.19634,1.01266,1.00002,1.00298,1.07549
0,12932.8,2.95971e+08,0.0110474,23.555,3.3771,0.296112,25508.7,0,0.33667,1.00003,0,0,1.19058e+08,0.0105896,0.336928,1.19634,1.01266,1.00002,1.00298,1.07549
0,12983.4,2.96335e+08,0.0119629,22.7394,3.34983,0.298523,27567.4,0,0.339569,1.00003,0,0,1.20339e+08,0.011261,0.345233,1.19634,1.01266,1.00002,1.00298,1.07549
0,12877.7,2.93274e+08,0.012146,23.3884,3.33992,0.299408,26606.5,0,0.337891,1.00003,0,0,1.20212e+08,0.013031,0.345845,1.19634,1.01266,1.00002,1.00298,1.07549
0,12351.3,2.76716e+08,0.0298767,26.9954,3.34606,0.298859,27923.8,0,0.337555,1.00003,0,0,1.20156e+08,0.0137329,0.336466,1.19634,1.01266,1.00002,1.00298,1.07549
0,13019.2,2.98509e+08,0.0150146,22.5711,3.36462,0.297211,25194.8,0,0.332428,1.00003,0,0,1.19789e+08,0.0110779,0.339682,1.19634,1.01266,1.00002,1.00298,1.07549
0,13116.3,3.00825e+08,0.0142517,21.7747,3.37223,0.296539,27792.4,0,0.314453,1.00003,0,0,1.1959e+08,0.0119324,0.33212,1.19634,1.01266,1.00002,1.00298,1.07549
0,12444.2,2.80319e+08,0.014679,26.7037,3.35703,0.297882,28267.5,0,0.31424,1.00003,0,0,1.20053e+08,0.014679,0.3352,1.19634,1.01266,1.00002,1.00298,1.07549
0,12352.5,2.76795e+08,0.0132751,26.8628,3.34675,0.298798,32698,0,0.31311,1.00003,0,0,1.20015e+08,0.0128174,0.327802,1.19634,1.01266,1.00002,1.00298,1.07549
0,12958.4,2.95598e+08,0.0118408,22.8782,3.37362,0.296417,26341.9,0,0.322205,1.00003,0,0,1.19334e+08,0.0106201,0.336881,1.19634,1.01266,1.00002,1.00298,1.07549
0,13026.8,2.97261e+08,0.0122681,22.4483,3.37745,0.296082,27461.5,0,0.316101,1.00003,0,0,1.19262e+08,0.00994873,0.341936,1.19634,1.01266,1.00002,1.00298,1.07549
0,12550.4,2.83149e+08,0.0123291,25.4344,3.35703,0.297882,27928.6,0,0.316528,1.00003,0,0,1.19464e+08,0.0124512,0.322155,1.19634,1.01266,1.00002,1.00298,1.07549
0,13039.8,2.995e+08,0.015686,22.7694,3.38898,0.295074,28656.1,0,0.334106,1.00003,0,0,1.19064e+08,0.0115051,0.342547,1.19634,1.01266,1.00002,1.00298,1.07549
0,12959.6,2.97244e+08,0.0172424,23.3185,3.31727,0.301453,56311.1,0,0.323669,1.00003,0,0,1.23696e+08,0.0159912,0.315782,1.19634,1.01266,1.00002,1.00298,1.07549
0,12938.4,2.95709e+08,0.0144653,23.5079,3.36324,0.297333,36861,0,0.330872,1.00003,0,0,1.20431e+08,0.0118713,0.309871,1.19634,1.01266,1.00002,1.00298,1.07549
0,12936.8,2.98523e+08,0.019104,24.2597,3.2936,0.303619,95107.5,0,0.324738,1.00003,0,0,1.29872e+08,0.0177917,0.34295,1.19634,1.01266,1.00002,1.00298,1.07549
0,12516.9,2.82253e+08,0.0189819,25.6752,3.356,0.297974,29319.5,0,0.322479,1.00003,0,0,1.20072e+08,0.0128784,0.333951,1.19634,1.01266,1.00002,1.00298,1.07549
0,12684.8,2.91174e+08,0.0229492,25.4348,3.27189,0.305634,50629.3,0,0.317932,1.00003,0,0,1.29732e+08,0.0215454,0.351106,1.19634,1.01266,1.00002,1.00298,1.07549
0,13489,3.29952e+08,0.0365601,25.4705,3.16019,0.316437,35601.8,0,0.318054,1.00003,0,0,1.62702e+08,0.03302,0.354833,1.19634,1.01266,1.00002,1.00298,1.07549
0,13534.9,3.28066e+08,0.0317078,23.9795,3.17827,0.314636,28654.4,0,0.330475,1.00003,0,0,1.56918e+08,0.0296631,0.386925,1.19634,1.01266,1.00002,1.00298,1.07549
0,14141.1,3.49501e+08,0.0375061,21.4755,3.14141,0.318329,27749.8,0,0.347748,1.00003,0,0,1.6577e+08,0.0334778,0.378508,1.19634,1.01266,1.00002,1.00298,1.07549
0,14059.2,3.47293e+08,0.0353699,21.9627,3.14895,0.317566,28220.4,0,0.33844,1.00003,0,0,1.65301e+08,0.0325928,0.371727,1.19634,1.01266,1.00002,1.00298,1.07549
0,12645.1,2.87424e+08,0.017334,25.0845,3.33042,0.300262,47809.7,0,0.315063,1.00003,0,0,1.21155e+08,0.0168762,0.344694,1.19634,1.01266,1.00002,1.00298,1.07549
0,12203.5,2.72465e+08,0.0183105,28.3274,3.35394,0.298157,29557.5,0,0.318085,1.00003,0,0,1.19549e+08,0.0140076,0.336549,1.19634,1.01266,1.00002,1.00298,1.07549
0,12849.5,2.92875e+08,0.0137024,23.4955,3.35979,0.297638,29058.3,0,0.32431,1.00003,0,0,1.19867e+08,0.0124512,0.330611,1.19634,1.01266,1.00002,1.00298,1.07549
0,14644.2,3.74671e+08,0.0512085,21.2475,2.98081,0.33548,45679.2,0,0.327667,1.00003,0,0,1.94353e+08,0.0506897,0.391795,1.19634,1.01266,1.00002,1.00298,1.07549
0,12326.1,2.75569e+08,0.0145874,26.9676,3.35154,0.29837,34987.3,0,0.303375,1.00003,0,0,1.19279e+08,0.0142212,0.30539,1.19634,1.01266,1.00002,1.00298,1.07549
0,12981.8,2.9637e+08,0.0134583,22.8245,3.38477,0.295441,34929.3,0,0.332672,1.00003,0,0,1.1913e+08,0.012085,0.369169,1.19634,1.01266,1.00002,1.00298,1.07549
0,13011.9,2.99229e+08,0.0138855,23.0189,3.36427,0.297241,41633.3,0,0.334045,1.00003,0,0,1.21533e+08,0.0132446,0.350371,1.19634,1.01266,1.00002,1.00298,1.07549
0,12301.6,2.77247e+08,0.016449,28.3176,3.37362,0.296417,36297.8,0,0.300751,1.00003,0,0,1.21055e+08,0.0150146,0.301171,1.19634,1.01266,1.00002,1.00298,1.07549
0,12768.2,2.91488e+08,0.0315552,24.6097,3.34777,0.298706,40258.6,0,0.335541,1.00003,0,0,1.22423e+08,0.0173645,0.345401,1.19634,1.01266,1.00002,1.00298,1.07549
0,12390,2.78073e+08,0.0178223,26.8394,3.33008,0.300293,41560,0,0.313385,1.00003,0,0,1.21944e+08,0.0163269,0.323606,1.19634,1.01266,1.00002,1.00298,1.07549
0,12877.4,2.95533e+08,0.0296936,23.0311,3.26017,0.306732,550152,0,0.317535,1.00003,0,0,1.24647e+08,0.0249329,0.349124,1.19634,1.01266,1.00002,1.00298,1.07549
0,13018,2.97081e+08,0.0155945,22.447,3.36773,0.296936,31221.1,0,0.336243,1.00003,0,0,1.19843e+08,0.013092,0.350523,1.19634,1.01266,1.00002,1.00298,1.07549
0,12222.4,2.73109e+08,0.0166016,27.9921,3.35738,0.297852,36102.4,0,0.315369,1.00003,0,0,1.19726e+08,0.014679,0.323783,1.19634,1.01266,1.00002,1.00298,1.07549
0,12696,2.90009e+08,0.0172729,25.593,3.34231,0.299194,40470.1,0,0.323212,1.00003,0,0,1.24033e+08,0.0172119,0.345344,1.19634,1.01266,1.00002,1.00298,1.07549
0,12490.8,2.82103e+08,0.0157471,26.4279,3.36634,0.297058,36605.5,0,0.3255,1.00003,0,0,1.20255e+08,0.0154419,0.349627,1.19634,1.01266,1.00002,1.00298,1.07549
0,13049.5,3.00433e+08,0.0179749,22.598,3.33856,0.29953,42307.9,0,0.328033,1.00003,0,0,1.23453e+08,0.0172119,0.34891,1.19634,1.01266,1.00002,1.00298,1.07549
0,13670.3,3.29613e+08,0.0294495,22.0771,3.22424,0.31015,37322.5,0,0.32132,1.00003,0,0,1.48436e+08,0.0278625,0.352668,1.19634,1.01266,1.00002,1.00298,1.07549
0,12900.5,2.95612e+08,0.0187073,23.6959,3.35497,0.298065,30512.5,0,0.329376,1.00003,0,0,1.22947e+08,0.0156555,0.348547,1.19634,1.01266,1.00002,1.00298,1.07549
0,12722.7,2.90092e+08,0.0154419,25.2051,3.36807,0.296906,34888.7,0,0.325592,1.00003,0,0,1.20795e+08,0.0153198,0.339621,1.19634,1.01266,1.00002,1.00298,1.07549
0,12949.1,2.97463e+08,0.0185852,23.5556,3.35566,0.298004,70167.7,0,0.342529,1.00003,0,0,1.21324e+08,0.0158997,0.362969,1.19634,1.01266,1.00002,1.00298,1.07549
0,12738.9,2.91273e+08,0.0180359,24.9562,3.33211,0.30011,44328.9,0,0.33728,1.00003,0,0,1.23254e+08,0.0155029,0.353114,1.19634,1.01266,1.00002,1.00298,1.07549
0,12248.4,2.73743e+08,0.0180054,27.8699,3.34197,0.299225,33490.4,0,0.321228,1.00003,0,0,1.20547e+08,0.0153503,0.334684,1.19634,1.01266,1.00002,1.00298,1.07549
0,12981.6,2.97762e+08,0.0168457,23.3233,3.36496,0.29718,35168,0,0.330566,1.00003,0,0,1.21909e+08,0.0159607,0.352651,1.19634,1.01266,1.00002,1.00298,1.07549
0,12426.6,2.8171e+08,0.0222168,26.4734,3.30923,0.302185,39280.3,0,0.305664,1.00003,0,0,1.23187e+08,0.0214539,0.332263,1.19634,1.01266,1.00002,1.00298,1.07549
0,12765.1,2.92134e+08,0.0166626,24.7883,3.37501,0.296295,39197.7,0,0.318878,1.00003,0,0,1.20916e+08,0.0162354,0.32207,1.19634,1.01266,1.00002,1.00298,1.07549
0,12501.7,2.82302e+08,0.0175781,26.243,3.35566,0.298004,32292.3,0,0.314484,1.00003,0,0,1.21514e+08,0.0153198,0.324944,1.19634,1.01266,1.00002,1.00298,1.07549
0,12728.2,2.91076e+08,0.0186768,25.3457,3.3389,0.2995,101852,0,0.330383,1.00003,0,0,1.24077e+08,0.0175171,0.357159,1.19634,1.01266,1.00002,1.00298,1.07549
0,12822.9,2.94706e+08,0.0205078,24.5324,3.3203,0.301178,39831.7,0,0.328857,1.00003,0,0,1.25724e+08,0.0186462,0.347718,1.19634,1.01266,1.00002,1.00298,1.07549
0,13010.3,2.99137e+08,0.0185852,23.0347,3.32299,0.300934,32863.5,0,0.336426,1.00003,0,0,1.25685e+08,0.0184937,0.353918,1.19634,1.01266,1.00002,1.00298,1.07549
0,12937.4,2.96361e+08,0.0153809,23.4817,3.36981,0.296753,28314.6,0,0.335419,1.00003,0,0,1.21743e+08,0.0149841,0.347233,1.19634,1.01266,1.00002,1.00298,1.07549
0,13028.3,3.0013e+08,0.0158081,22.5957,3.35497,0.298065,33534.6,0,0.331329,1.00003,0,0,1.21634e+08,0.0153198,0.343934,1.19634,1.01266,1.00002,1.00298,1.07549
0,12697.9,2.92011e+08,0.0202637,25.5455,3.32603,0.300659,49200,0,0.33139,1.00003,0,0,1.2477e+08,0.0186768,0.354181,1.19634,1.01266,1.00002,1.00298,1.07549
0,12355.7,2.77907e+08,0.0187683,27.2349,3.33958,0.299438,39207.9,0,0.326233,1.00003,0,0,1.21514e+08,0.0169373,0.333635,1.19634,1.01266,1.00002,1.00298,1.07549
0,12974.3,2.99257e+08,0.0171204,23.4269,3.33177,0.30014,40412.1,0,0.335876,1.00003,0,0,1.25503e+08,0.0187683,0.344838,1.19634,1.01266,1.00002,1.00298,1.07549
0,12797.9,2.95083e+08,0.0237122,24.7435,3.27516,0.305328,44185.1,0,0.318359,1.00003,0,0,1.28909e+08,0.0239258,0.328606,1.19634,1.01266,1.00002,1.00298,1.07549
0,12436.1,2.82438e+08,0.020874,27.5486,3.31727,0.301453,42153.1,0,0.309509,1.00003,0,0,1.26341e+08,0.0209656,0.341177,1.19634,1.01266,1.00002,1.00298,1.07549
0,12303,2.75285e+08,0.0169983,27.6403,3.3536,0.298187,42150,0,0.301819,1.00003,0,0,1.2087e+08,0.0179138,0.315681,1.19634,1.01266,1.00002,1.00298,1.07549
0,12418.5,2.789e+08,0.0150757,26.916,3.39213,0.2948,30553,0,0.318146,1.00003,0,0,1.18555e+08,0.0146484,0.327758,1.19634,1.01266,1.00002,1.00298,1.07549
0,12883,2.95932e+08,0.16864,21.0441,2.4314,0.411285,33687.3,0,0.431396,1.00003,0,0,1.66031e+08,0.0140381,0.427059,1.19634,1.01266,1.00002,1.00298,1.07549
0,12995,2.99205e+08,0.166016,20.3175,2.42457,0.412445,38358,0,0.43457,1.00003,0,0,1.66856e+08,0.0161438,0.44325,1.19634,1.01266,1.00002,1.00298,1.07549
0,13263.9,3.07017e+08,0.150635,18.8148,2.44227,0.409454,30615.9,0,0.440399,1.00003,0,0,1.65493e+08,0.0119629,0.467003,1.19634,1.01266,1.00002,1.00298,1.07549
0,15194,2.74303e+09,0.176025,21.318,2.408,0.415283,34453.8,0,0.442383,1.00003,0,0,2.44304e+08,0.0182495,0.475863,1.19634,1.01266,1.00002,1.00298,1.07549
0,12303.6,2.7742e+08,0.186218,24.4251,2.443,0.409332,35833.3,0,0.399933,1.00003,0,0,1.64023e+08,0.0154724,0.405755,1.19634,1.01266,1.00002,1.00298,1.07549
0,15528.1,2.75005e+09,0.162201,19.9248,2.42331,0.412659,44375,0,0.440277,1.00003,0,0,2.46492e+08,0.0172119,0.459187,1.19634,1.01266,1.00002,1.00298,1.07549
0,13340.2,3.09555e+08,0.143524,18.4785,2.4584,0.406769,36494.6,0,0.450684,1.00003,0,0,1.6458e+08,0.0206299,0.467069,1.19634,1.01266,1.00002,1.00298,1.07549
0,13384.3,3.09289e+08,0.130585,17.9003,2.49262,0.401184,30274.8,0,0.43399,1.00003,0,0,1.61227e+08,0.0104065,0.455262,1.19634,1.01266,1.00002,1.00298,1.07549
0,13166.6,3.0331e+08,0.142426,19.2153,2.48261,0.402802,31276.6,0,0.429199,1.00003,0,0,1.61584e+08,0.0119019,0.456739,1.19634,1.01266,1.00002,1.00298,1.07549
0,12390.9,2.79491e+08,0.175293,23.8459,2.47045,0.404785,35615.7,0,0.389404,1.00003,0,0,1.6194e+08,0.0141296,0.415163,1.19634,1.01266,1.00002,1.00298,1.07549
0,12969.9,2.97936e+08,0.150452,20.4944,2.4813,0.403015,32441.5,0,0.413879,1.00003,0,0,1.61592e+08,0.011322,0.465506,1.19634,1.01266,1.00002,1.00298,1.07549
0,13249.6,3.05499e+08,0.135101,18.7927,2.493,0.401123,30725,0,0.442017,1.00003,0,0,1.60943e+08,0.0106201,0.440505,1.19634,1.01266,1.00002,1.00298,1.07549
0,12637.4,2.87635e+08,0.164032,22.3931,2.47848,0.403473,33375.7,0,0.396393,1.00003,0,0,1.61379e+08,0.0123901,0.415492,1.19634,1.01266,1.00002,1.00298,1.07549
0,15597.5,2.74486e+09,0.141113,19.1754,2.47642,0.403809,37873.6,0,0.446014,1.00003,0,0,2.39923e+08,0.0137329,0.442358,1.19634,1.01266,1.00002,1.00298,1.07549
0,12740.6,2.90415e+08,0.155273,21.9351,2.49547,0.400726,31194.2,0,0.42392,1.00003,0,0,1.60616e+08,0.0118408,0.415134,1.19634,1.01266,1.00002,1.00298,1.07549
0,12550.3,2.84381e+08,0.15741,23.0965,2.51038,0.398346,30773.1,0,0.419708,1.00003,0,0,1.59431e+08,0.013031,0.438472,1.19634,1.01266,1.00002,1.00298,1.07549
0,12336.7,2.78565e+08,0.166565,24.7001,2.52996,0.395264,45575.4,0,0.40921,1.00003,0,0,1.58841e+08,0.0180054,0.45577,1.19634,1.01266,1.00002,1.00298,1.07549
0,13181.9,3.03696e+08,0.131439,19.289,2.52236,0.396454,29218.1,0,0.453949,1.00003,0,0,1.59092e+08,0.00994873,0.461517,1.19634,1.01266,1.00002,1.00298,1.07549
0,13032.2,2.99014e+08,0.138977,20.2768,2.51713,0.397278,29894.1,0,0.440979,1.00003,0,0,1.59206e+08,0.0361023,0.491595,1.19634,1.01266,1.00002,1.00298,1.07549
0,13407.9,3.22222e+08,0.170074,21.4234,2.43321,0.41098,31319.8,0,0.431458,1.00003,0,0,1.87922e+08,0.0255432,0.455062,1.19634,1.01266,1.00002,1.00298,1.07549
0,14167.5,3.48833e+08,0.158661,18.3896,2.40782,0.415314,30904.9,0,0.443909,1.00003,0,0,1.9824e+08,0.029541,0.491673,1.19634,1.01266,1.00002,1.00298,1.07549
0,12934.3,2.9667e+08,0.143707,20.7913,2.51115,0.398224,29509.5,0,0.416748,1.00003,0,0,1.59164e+08,0.0119324,0.405666,1.19634,1.01266,1.00002,1.00298,1.07549
0,13164.4,3.03416e+08,0.131653,19.3093,2.51829,0.397095,29276.4,0,0.433807,1.00003,0,0,1.5882e+08,0.0106812,0.449815,1.19634,1.01266,1.00002,1.00298,1.07549
0,12822,2.93171e+08,0.145172,21.5938,2.52256,0.396423,29423.5,0,0.423706,1.00003,0,0,1.58762e+08,0.0181885,0.425558,1.19634,1.01266,1.00002,1.00298,1.07549
0,13319.8,3.07682e+08,0.124634,18.0418,2.52178,0.396545,28551.6,0,0.459625,1.00003,0,0,1.5911e+08,0.0107727,0.444608,1.19634,1.01266,1.00002,1.00298,1.07549
0,13012.8,2.98564e+08,0.138611,20.3816,2.51616,0.39743,29707.4,0,0.446472,1.00003,0,0,1.5911e+08,0.0129395,0.456672,1.19634,1.01266,1.00002,1.00298,1.07549
0,12769.9,2.90966e+08,0.144257,21.745,2.52547,0.395966,29567.4,0,0.43457,1.00003,0,0,1.58151e+08,0.0110474,0.420393,1.19634,1.01266,1.00002,1.00298,1.07549
0,12997.8,2.98148e+08,0.135223,20.504,2.53074,0.395142,30374.2,0,0.449432,1.00003,0,0,1.58202e+08,0.0111084,0.424618,1.19634,1.01266,1.00002,1.00298,1.07549
0,12444.6,2.81238e+08,0.161072,23.7317,2.5152,0.397583,65758.2,0,0.43396,1.00003,0,0,1.58999e+08,0.0150452,0.473799,1.19634,1.01266,1.00002,1.00298,1.07549
0,13209.6,3.05005e+08,0.123505,19.0551,2.54134,0.393494,28464.2,0,0.457336,1.00003,0,0,1.57506e+08,0.0139465,0.473231,1.19634,1.01266,1.00002,1.00298,1.07549
0,12516.7,2.83889e+08,0.153809,23.6075,2.53113,0.395081,32789.4,0,0.430756,1.00003,0,0,1.58392e+08,0.0137634,0.467768,1.19634,1.01266,1.00002,1.00298,1.07549
0,12554.8,2.86728e+08,0.169922,23.3378,2.47138,0.404633,284912,0,0.430603,1.00003,0,0,1.65284e+08,0.023407,0.469916,1.19634,1.01266,1.00002,1.00298,1.07549
0,13192.2,3.06982e+08,0.140533,18.929,2.4813,0.403015,38236.9,0,0.443542,1.00003,0,0,1.62178e+08,0.0214539,0.463017,1.19634,1.01266,1.00002,1.00298,1.07549
0,13061,3.01332e+08,0.134491,20.0928,2.52508,0.396027,41635.4,0,0.446136,1.00003,0,0,1.59762e+08,0.0148315,0.450979,1.19634,1.01266,1.00002,1.00298,1.07549
0,13041.6,3.00312e+08,0.134094,20.2436,2.53132,0.39505,35032,0,0.442535,1.00003,0,0,1.59214e+08,0.0127869,0.4529,1.19634,1.01266,1.00002,1.00298,1.07549
0,12754.8,2.91439e+08,0.148132,22.0269,2.5243,0.396149,37324.9,0,0.424438,1.00003,0,0,1.60207e+08,0.0144043,0.45777,1.19634,1.01266,1.00002,1.00298,1.07549
0,12960.7,2.98375e+08,0.136017,20.9653,2.53937,0.393799,38073,0,0.451172,1.00003,0,0,1.58825e+08,0.0137024,0.439272,1.19634,1.01266,1.00002,1.00298,1.07549
0,13057.5,3.0079e+08,0.136841,20.1342,2.52003,0.39682,32505,0,0.446808,1.00003,0,0,1.60654e+08,0.0140076,0.455477,1.19634,1.01266,1.00002,1.00298,1.07549
0,13303.1,3.08132e+08,0.124146,18.8318,2.53563,0.394379,34410.9,0,0.459015,1.00003,0,0,1.59686e+08,0.0117798,0.483791,1.19634,1.01266,1.00002,1.00298,1.07549
0,13021.9,3.01434e+08,0.139282,20.6568,2.52353,0.396271,31547.7,0,0.435516,1.00003,0,0,1.60301e+08,0.0139465,0.423911,1.19634,1.01266,1.00002,1.00298,1.07549
0,13440.2,3.11473e+08,0.122284,17.7162,2.52042,0.396759,40018.8,0,0.467621,1.00003,0,0,1.60874e+08,0.0144653,0.493754,1.19634,1.01266,1.00002,1.00298,1.07549
0,12788.6,2.9236e+08,0.141449,22.0047,2.54766,0.392517,31710.3,0,0.440857,1.00003,0,0,1.5714e+08,0.0115051,0.473212,1.19634,1.01266,1.00002,1.00298,1.07549
0,12851.8,2.94835e+08,0.141296,21.6439,2.53524,0.39444,39292.2,0,0.442474,1.00003,0,0,1.58927e+08,0.0138245,0.46581,1.19634,1.01266,1.00002,1.00298,1.07549
0,12722.8,2.90858e+08,0.147675,22.4005,2.5284,0.395508,36186,0,0.398071,1.00003,0,0,1.59518e+08,0.0151367,0.43121,1.19634,1.01266,1.00002,1.00298,1.07549
0,13110.6,3.03196e+08,0.132568,20.2046,2.53917,0.393829,39173.1,0,0.452454,1.00003,0,0,1.60322e+08,0.0142517,0.475879,1.19634,1.01266,1.00002,1.00298,1.07549
0,13114.7,3.03171e+08,0.133301,19.9901,2.53054,0.395172,49197.3,0,0.43512,1.00003,0,0,1.598e+08,0.0142517,0.455635,1.19634,1.01266,1.00002,1.00298,1.07549
0,12926.6,2.98133e+08,0.1427,21.0421,2.51984,0.396851,48426.4,0,0.437378,1.00003,0,0,1.60113e+08,0.0178223,0.497561,1.19634,1.01266,1.00002,1.00298,1.07549
0,12948.9,2.97889e+08,0.139465,20.3265,2.51578,0.397491,35285.6,0,0.427979,1.00003,0,0,1.59157e+08,0.0189819,0.433325,1.19634,1.01266,1.00002,1.00298,1.07549
0,12853.6,2.94372e+08,0.134979,21.2912,2.55401,0.391541,33275.8,0,0.423492,1.00003,0,0,1.58335e+08,0.0162659,0.418174,1.19634,1.01266,1.00002,1.00298,1.07549
0,12868.7,2.94869e+08,0.13269,21.5507,2.5596,0.390686,32153.2,0,0.43573,1.00003,0,0,1.57828e+08,0.0178833,0.447441,1.19634,1.01266,1.00002,1.00298,1.07549
0,12927.2,2.96083e+08,0.131317,20.899,2.55621,0.391205,31708.4,0,0.454651,1.00003,0,0,1.57366e+08,0.0120544,0.466726,1.19634,1.01266,1.00002,1.00298,1.07549
0,12710.7,2.89933e+08,0.147888,22.2877,2.5284,0.395508,42421.6,0,0.425171,1.00003,0,0,1.59609e+08,0.0166626,0.455301,1.19634,1.01266,1.00002,1.00298,1.07549
0,13138.8,3.03062e+08,0.129242,19.7845,2.54845,0.392395,33490.3,0,0.460724,1.00003,0,0,1.58578e+08,0.0137024,0.493063,1.19634,1.01266,1.00002,1.00298,1.07549
0,12661.7,2.88306e+08,0.141754,22.8046,2.56361,0.390076,33477.5,0,0.440369,1.00003,0,0,1.56901e+08,0.0141907,0.458884,1.19634,1.01266,1.00002,1.00298,1.07549
0,12484,2.96076e+08,0.163361,24.7929,2.52547,0.395966,40052.3,0,0.420929,1.00003,0,0,1.64216e+08,0.0186462,0.494955,1.19634,1.01266,1.00002,1.00298,1.07549
0,12990.2,2.98675e+08,0.124512,21.4131,2.5826,0.387207,29405.4,0,0.440063,1.00003,0,0,1.55423e+08,0.0132751,0.455067,1.19634,1.01266,1.00002,1.00298,1.07549
0,13286.4,3.07185e+08,0.118591,18.8665,2.55222,0.391815,37599.4,0,0.454376,1.00003,0,0,1.58211e+08,0.0153809,0.497883,1.19634,1.01266,1.00002,1.00298,1.07549
0,12366.1,2.80357e+08,0.153687,24.8447,2.56541,0.389801,35417.2,0,0.402191,1.00003,0,0,1.56473e+08,0.0161743,0.409556,1.19634,1.01266,1.00002,1.00298,1.07549
0,13553.6,3.15537e+08,0.10202,17.3131,2.58565,0.386749,32834.1,0,0.465454,1.00003,0,0,1.5585e+08,0.0125732,0.499295,1.19634,1.01266,1.00002,1.00298,1.07549
0,15910.6,2.68605e+09,0.110992,17.5522,2.55421,0.39151,100955,0,0.44812,1.00003,0,0,2.36886e+08,0.0361328,0.504987,1.19634,1.01266,1.00002,1.00298,1.07549
0,12859.9,2.96161e+08,0.136108,21.6704,2.57145,0.388885,40824.1,0,0.434418,1.00003,0,0,1.58131e+08,0.0209351,0.468589,1.19634,1.01266,1.00002,1.00298,1.07549
0,12585.2,2.87352e+08,0.143097,23.5201,2.57489,0.388367,52147.3,0,0.415039,1.00003,0,0,1.57582e+08,0.0171814,0.405059,1.19634,1.01266,1.00002,1.00298,1.07549
0,12962,2.96691e+08,0.115845,20.8065,2.60912,0.38327,33569.9,0,0.439819,1.00003,0,0,1.54091e+08,0.013031,0.415886,1.19634,1.01266,1.00002,1.00298,1.07549
0,12420.8,2.80409e+08,0.138947,24.2022,2.60436,0.383972,31686.3,0,0.419525,1.00003,0,0,1.53993e+08,0.0154419,0.44316,1.19634,1.01266,1.00002,1.00298,1.07549
0,12867.7,2.9526e+08,0.117676,21.668,2.62754,0.380585,32453.8,0,0.425842,1.00003,0,0,1.53338e+08,0.0155029,0.396356,1.19634,1.01266,1.00002,1.00298,1.07549
0,12697.5,2.89258e+08,0.124634,22.5201,2.61851,0.381897,31689.2,0,0.431,1.00003,0,0,1.53608e+08,0.0129089,0.426214,1.19634,1.01266,1.00002,1.00298,1.07549
0,12767.5,2.93011e+08,0.130371,22.8913,2.6027,0.384216,34821.3,0,0.434235,1.00003,0,0,1.57762e+08,0.0144043,0.439091,1.19634,1.01266,1.00002,1.00298,1.07549
0,13316.7,3.07505e+08,0.0966797,18.7101,2.63281,0.379822,29741,0,0.443909,1.00003,0,0,1.52372e+08,0.0108643,0.458612,1.19634,1.01266,1.00002,1.00298,1.07549
0,13510.5,3.13294e+08,0.089386,17.47,2.63345,0.37973,31487.6,0,0.452576,1.00003,0,0,1.52177e+08,0.00973511,0.489062,1.19634,1.01266,1.00002,1.00298,1.07549
0,13183.1,3.03384e+08,0.102509,19.8424,2.63535,0.379456,30005.1,0,0.433899,1.00003,0,0,1.52441e+08,0.0106812,0.468872,1.19634,1.01266,1.00002,1.00298,1.07549
0,12996.3,2.98129e+08,0.11319,20.9022,2.62396,0.381104,38815.8,0,0.436096,1.00003,0,0,1.54078e+08,0.0131531,0.455152,1.19634,1.01266,1.00002,1.00298,1.07549
0,13576.5,3.155e+08,0.0856628,17.3077,2.64365,0.378265,29791.4,0,0.445312,1.00003,0,0,1.52402e+08,0.0102539,0.456944,1.19634,1.01266,1.00002,1.00298,1.07549
0,12727.1,2.90681e+08,0.123474,22.9289,2.6269,0.380676,32653.5,0,0.40451,1.00003,0,0,1.53148e+08,0.0133972,0.423089,1.19634,1.01266,1.00002,1.00298,1.07549
0,13316.4,3.07745e+08,0.0999451,18.9284,2.63239,0.379883,31903,0,0.44989,1.00003,0,0,1.53503e+08,0.0122681,0.479155,1.19634,1.01266,1.00002,1.00298,1.07549
0,12762.2,2.91062e+08,0.122131,22.2195,2.62207,0.381378,32372.7,0,0.44809,1.00003,0,0,1.53212e+08,0.0132446,0.447088,1.19634,1.01266,1.00002,1.00298,1.07549
0,15974.4,2.71797e+09,0.0871582,17.2586,2.63218,0.379913,45425.9,0,0.474243,1.00003,0,0,2.30039e+08,0.0127563,0.478475,1.19634,1.01266,1.00002,1.00298,1.07549
0,13378.2,3.0948e+08,0.0882874,18.4466,2.66906,0.374664,26959.1,0,0.434052,1.00003,0,0,1.50086e+08,0.0321655,0.427885,1.19634,1.01266,1.00002,1.00298,1.07549
0,12409.7,2.79512e+08,0.13089,24.3444,2.63684,0.379242,30622.3,0,0.419159,1.00003,0,0,1.51639e+08,0.0141907,0.419558,1.19634,1.01266,1.00002,1.00298,1.07549
0,13269.2,3.07211e+08,0.0950012,19.3442,2.65694,0.376373,32120.1,0,0.44458,1.00003,0,0,1.50859e+08,0.0145874,0.456489,1.19634,1.01266,1.00002,1.00298,1.07549
0,12500.5,2.82376e+08,0.129669,23.8429,2.64301,0.378357,30652.9,0,0.400208,1.00003,0,0,1.51094e+08,0.0136108,0.421543,1.19634,1.01266,1.00002,1.00298,1.07549
0,12945.5,2.97504e+08,0.108612,21.2819,2.65263,0.376984,34849.8,0,0.421478,1.00003,0,0,1.50932e+08,0.01297,0.393366,1.19634,1.01266,1.00002,1.00298,1.07549
0,12698.9,2.89775e+08,0.119354,22.8138,2.64664,0.377838,30328.3,0,0.383728,1.00003,0,0,1.51091e+08,0.0127869,0.389098,1.19634,1.01266,1.00002,1.00298,1.07549
0,12726,2.90467e+08,0.113159,22.3891,2.66428,0.375336,29537.9,0,0.398499,1.00003,0,0,1.50431e+08,0.012146,0.390086,1.19634,1.01266,1.00002,1.00298,1.07549
0,13014.2,3.00703e+08,0.103638,21.1156,2.66884,0.374695,28097.8,0,0.409821,1.00003,0,0,1.50168e+08,0.0119629,0.365799,1.19634,1.01266,1.00002,1.00298,1.07549
0,12546.7,2.86227e+08,0.121094,24.0854,2.6645,0.375305,30634.1,0,0.401764,1.00003,0,0,1.50103e+08,0.0133972,0.443362,1.19634,1.01266,1.00002,1.00298,1.07549
0,12725,2.91074e+08,0.113861,22.6759,2.6632,0.375488,34721.6,0,0.429138,1.00003,0,0,1.50268e+08,0.0134277,0.393686,1.19634,1.01266,1.00002,1.00298,1.07549
0,13139.7,3.02373e+08,0.0975952,20.0842,2.67014,0.374512,31984.5,0,0.429108,1.00003,0,0,1.50189e+08,0.0108032,0.454169,1.19634,1.01266,1.00002,1.00298,1.07549
0,13458.7,3.12785e+08,0.0812988,18.2374,2.68634,0.372253,30155.9,0,0.441162,1.00003,0,0,1.49537e+08,0.00985718,0.43737,1.19634,1.01266,1.00002,1.00298,1.07549
0,13159.8,3.03332e+08,0.0977478,20.0144,2.6684,0.374756,27999.2,0,0.423462,1.00003,0,0,1.50316e+08,0.0120544,0.473257,1.19634,1.01266,1.00002,1.00298,1.07549
0,12582,2.85462e+08,0.120239,23.4782,2.65715,0.376343,31762.6,0,0.39209,1.00003,0,0,1.50513e+08,0.0127258,0.406727,1.19634,1.01266,1.00002,1.00298,1.07549
0,12696.2,2.89878e+08,0.112335,22.9598,2.67341,0.374054,30727.7,0,0.418732,1.00003,0,0,1.49555e+08,0.0157776,0.39958,1.19634,1.01266,1.00002,1.00298,1.07549
0,13325.5,3.08035e+08,0.0884705,18.9343,2.67341,0.374054,27242.3,0,0.442383,1.00003,0,0,1.49725e+08,0.0104065,0.449764,1.19634,1.01266,1.00002,1.00298,1.07549
0,12995.2,2.97657e+08,0.102112,20.9433,2.6671,0.374939,29670,0,0.427094,1.00003,0,0,1.50204e+08,0.0110474,0.465831,1.19634,1.01266,1.00002,1.00298,1.07549
0,13250,3.06219e+08,0.0935059,19.4826,2.66819,0.374786,34093.3,0,0.436646,1.00003,0,0,1.51629e+08,0.0125427,0.463962,1.19634,1.01266,1.00002,1.00298,1.07549
0,12422.9,2.80386e+08,0.128662,24.5578,2.64728,0.377747,41518.6,0,0.405853,1.00003,0,0,1.51519e+08,0.0154724,0.412223,1.19634,1.01266,1.00002,1.00298,1.07549
0,12984.5,2.97315e+08,0.102875,20.7344,2.6658,0.375122,28560.5,0,0.442932,1.00003,0,0,1.5024e+08,0.0117188,0.489501,1.19634,1.01266,1.00002,1.00298,1.07549
0,13227.4,3.0482e+08,0.0897827,19.3734,2.67844,0.373352,37028,0,0.445312,1.00003,0,0,1.49661e+08,0.0112915,0.452909,1.19634,1.01266,1.00002,1.00298,1.07549
0,12387.1,2.79074e+08,0.126678,24.7436,2.66255,0.37558,113049,0,0.413605,1.00003,0,0,1.49774e+08,0.0140381,0.437347,1.19634,1.01266,1.00002,1.00298,1.07549
0,14303.5,3.56859e+08,0.134979,19.7674,2.51481,0.397644,38885.5,0,0.414581,1.00003,0,0,2.02326e+08,0.0358582,0.453508,1.19634,1.01266,1.00002,1.00298,1.07549
0,12176.7,2.72987e+08,0.135223,25.9649,2.65974,0.375977,34303.1,0,0.393829,1.00003,0,0,1.50895e+08,0.0171814,0.468316,1.19634,1.01266,1.00002,1.00298,1.07549
0,12760.8,2.9097e+08,0.108246,22.5107,2.68041,0.373077,35703,0,0.416962,1.00003,0,0,1.495e+08,0.0127563,0.411375,1.19634,1.01266,1.00002,1.00298,1.07549
0,13373.7,3.10422e+08,0.0813293,18.8225,2.69585,0.370941,40186.7,0,0.448303,1.00003,0,0,1.50292e+08,0.0117798,0.443791,1.19634,1.01266,1.00002,1.00298,1.07549
0,12960.4,3.01052e+08,0.094574,21.7099,2.71191,0.368744,29471,0,0.430695,1.00003,0,0,1.48699e+08,0.0135803,0.406347,1.19634,1.01266,1.00002,1.00298,1.07549
0,13544.9,3.17782e+08,0.0828552,18.8444,2.68678,0.372192,31488.1,0,0.440796,1.00003,0,0,1.5574e+08,0.0153198,0.457717,1.19634,1.01266,1.00002,1.00298,1.07549
0,13439.9,3.1438e+08,0.0942078,18.7213,2.64856,0.377563,108103,0,0.432129,1.00003,0,0,1.5755e+08,0.019989,0.487851,1.19634,1.01266,1.00002,1.00298,1.07549
0,12685.6,2.92021e+08,0.125031,23.4101,2.63684,0.379242,48401.2,0,0.419952,1.00003,0,0,1.57351e+08,0.026123,0.418699,1.19634,1.01266,1.00002,1.00298,1.07549
0,12863.9,2.98291e+08,0.113586,23.0712,2.67145,0.374329,34865.1,0,0.411896,1.00003,0,0,1.55951e+08,0.0169983,0.429625,1.19634,1.01266,1.00002,1.00298,1.07549
0,13339.4,3.11583e+08,0.0964661,19.9413,2.66558,0.375153,42075.5,0,0.435089,1.00003,0,0,1.57715e+08,0.0173645,0.446783,1.19634,1.01266,1.00002,1.00298,1.07549
0,13429.3,3.14605e+08,0.11145,19.2071,2.70207,0.370087,29485.7,0,0.44165,1.00003,0,0,1.53171e+08,0.0175781,0.458272,1.19634,1.01266,1.00002,1.00298,1.07549
0,13135.9,3.0487e+08,0.0947266,20.9204,2.69407,0.371185,30700.6,0,0.421082,1.00003,0,0,1.52508e+08,0.0152588,0.389681,1.19634,1.01266,1.00002,1.00298,1.07549
0,13421.1,3.12522e+08,0.0890198,18.8994,2.6721,0.374237,45138,0,0.42868,1.00003,0,0,1.55534e+08,0.0177002,0.441725,1.19634,1.01266,1.00002,1.00298,1.07549
0,13559.5,3.27801e+08,0.118774,21.4835,2.61642,0.382202,32822,0,0.401398,1.00003,0,0,1.77724e+08,0.0275269,0.389124,1.01747,1,1,1,1.23866
0,13998.7,3.40882e+08,0.111542,18.9823,2.59138,0.385895,52763.1,0,0.397278,1.00003,0,0,1.82029e+08,0.0679932,0.4126,1.01747,1,1,1,1.23866
0,13590.2,3.36999e+08,0.152283,23.8225,2.55183,0.391876,33143.8,0,0.359344,1.00003,0,0,1.97916e+08,0.0382385,0.390983,1.01747,1,1,1,1.23866
0,13416.2,3.13439e+08,0.0818787,19.5259,2.71079,0.368896,35873.6,0,0.398193,1.00003,0,0,1.52859e+08,0.0144958,0.392188,1.01747,1,1,1,1.23866
0,13275.4,3.13156e+08,0.102753,20.7642,2.65564,0.376556,108605,0,0.384094,1.00003,0,0,1.58195e+08,0.0228577,0.36273,1.01747,1,1,1,1.23866
0,13573.6,3.19951e+08,0.0845337,18.896,2.68921,0.371857,36979.6,0,0.390686,1.00003,0,0,1.57989e+08,0.0169373,0.442001,1.01747,1,1,1,1.23866
0,9423.03,3.82352e+08,0.202148,39.9474,3.46972,0.288208,850.643,0,0.00408936,1.00003,0,0,1.54732e+08,0.286285,0.279648,1,1,1,1,1
0,9405.88,3.58739e+08,0.143921,62.0367,5.06304,0.19751,2129.88,0,0.0173645,1.00003,0,0,1.24602e+08,0.116638,0.132578,1,1,1,1,1
0,8634.69,1.26695e+08,0.102661,72.4853,6.09524,0.164062,3631.87,0,0.0461731,1.00003,0,0,1.11331e+08,0.144562,0.179287,1,1,1,1,1
0,10023.1,5.051e+08,0.147064,46.513,4.17427,0.239563,15619.6,0,0.084198,1.00003,0,0,1.51674e+08,0.178375,0.207817,1,1,1,1,1
0,10458.1,5.85926e+08,0.158356,50.2421,4.4323,0.225616,14686.5,0,0.0787048,1.00003,0,0,1.57241e+08,0.13736,0.156256,1,1,1,1,1
0,8694.31,1.27916e+08,0.0976868,89.5552,7.85427,0.127319,9773.17,0,0.0199585,1.00003,0,0,1.04817e+08,0.0957336,0.103613,1,1,1,1,1
0,9258.48,4.23308e+08,0.132935,59.2548,4.92752,0.202942,18687.8,0,0.0223694,1.00003,0,0,1.26119e+08,0.153778,0.104485,1,1,1,1,1
0,8701.62,1.25726e+08,0.107513,90.1563,7.69021,0.130035,14603.5,0,0.0153503,1.00003,0,0,1.06068e+08,0.111328,0.110126,1,1,1,1,1
0,9052.61,1.41837e+08,0.129669,77.3719,6.28221,0.15918,20674.9,0,0.01828,1.00003,0,0,1.22723e+08,0.12796,0.0994773,1,1,1,1,1
0,8786.81,1.27762e+08,0.0924377,91.1553,7.98246,0.125275,14746.7,0,0.0183716,1.00003,0,0,1.08204e+08,0.103516,0.0929902,1,1,1,1,1
0,9958.3,6.57596e+08,0.105927,63.7934,5.45679,0.183258,21123.2,0,0.0230103,1.00003,0,0,1.29774e+08,0.142456,0.0878055,1,1,1,1,1
0,9011.7,1.48364e+08,0.101562,77.9045,6.75768,0.14798,16967.9,0,0.0252075,1.00003,0,0,1.18705e+08,0.114044,0.118433,1,1,1,1,1
0,9043.39,1.43712e+08,0.106873,87.2303,7.38184,0.135468,16331.1,0,0.0202026,1.00003,0,0,1.18066e+08,0.100861,0.104138,1,1,1,1,1
0,8821.91,1.28961e+08,0.100281,86.9632,7.70106,0.129852,16919.4,0,0.0176086,1.00003,0,0,1.0761e+08,0.104248,0.102162,1,1,1,1,1
0,8328.83,1.16298e+08,0.150238,56.3146,4.52347,0.221069,37863.6,0,0.0490417,1.00003,0,0,1.17069e+08,0.179901,0.0995269,1.76312,1.34009,1.01476,1,1
0,8453.02,1.20681e+08,0.1474,56.0626,4.47834,0.223297,22482.7,0,0.0708618,1.00003,0,0,1.1632e+08,0.197021,0.113231,1.68924,1.36193,1.01183,1,1
0,11337,6.33092e+08,0.14267,48.4894,4.36035,0.22934,39988.6,0,0.0225525,1.00003,0,0,1.74614e+08,0.204651,0.123527,1.73917,1.3122,1,1.0479,1
0,9918.89,5.09043e+08,0.134979,59.766,4.87184,0.205261,28897.7,0,0.0306091,1.00003,0,0,1.41121e+08,0.15799,0.100118,1.73917,1.3122,1,1.0479,1
0,8756.05,1.27865e+08,0.102875,91.7395,7.89971,0.126587,18756.1,0,0.0170288,1.00003,0,0,1.07661e+08,0.0971985,0.0952966,1.73917,1.3122,1,1.0479,1
0,8504.08,1.2057e+08,0.100037,88.4838,7.70106,0.129852,19204.3,0,0.0200806,1.00003,0,0,1.01928e+08,0.109528,0.0970761,1.73917,1.3122,1,1.0479,1
0,8977.5,1.43966e+08,0.129608,74.8495,6.06253,0.164948,21894.3,0,0.0191345,1.00003,0,0,1.23759e+08,0.135559,0.108356,1.73917,1.3122,1,1.0479,1
0,9568.98,1.68284e+08,0.117798,74.6442,6.35655,0.157318,25175.3,0,0.0124207,1.00003,0,0,1.37916e+08,0.139618,0.114342,1.73917,1.3122,1,1.0479,1
0,8303.56,1.22443e+08,0.0957947,83.7476,7.47957,0.133698,22402.5,0,0.0187683,1.00003,0,0,1.02022e+08,0.114746,0.0883042,1.73917,1.3122,1,1.0479,1
0,9165.72,1.57064e+08,0.112244,84.1482,7.15927,0.139679,20185.7,0,0.0294189,1.00003,0,0,1.27567e+08,0.10675,0.0947544,1.73917,1.3122,1,1.0479,1
0,9581.03,4.11445e+08,0.15799,53.9872,4.58101,0.218292,26264.2,0,0.0206299,1.00003,0,0,1.47615e+08,0.194611,0.13043,1.73917,1.3122,1,1.0479,1
0,8120.7,1.13219e+08,0.143005,54.6157,4.55998,0.219299,40903.7,0,0.0496521,1.00003,0,0,1.12392e+08,0.180023,0.0902703,1.73917,1.3122,1,1.0479,1
0,4171.38,304079,0.772583,13.9482,1.24465,0.803436,2841.04,0,0,1.00003,0,0,1.10293e+08,0.790436,0.827119,1,1,1,1,1
0,4105,36783,0.981415,1.36269,1.01815,0.982178,367.723,0,0,1.00003,0,0,1.32121e+08,0.981964,0.980433,1,1,1,1,1
0,12216.9,4.00568e+08,0.702661,0.620529,1.1791,0.848106,3387.97,0,0.00137916,1.00004,0,0,2.75467e+08,0.848106,0.86044,1,1,1,1,1
0,35628.7,9.07984e+08,0.897247,0.236738,1.05458,0.948242,7526.43,0,0.016571,1.00003,0,0,1.13947e+09,0.916962,1,1,1,1,1,1
0,50889.4,6.39765e+08,0.986572,0.0828672,1.00679,0.993256,21296.8,0,0.0180969,1.00003,0,0,1.66541e+09,0.981842,1,1,1,1,1,1
0,47126.7,7.26503e+08,0.978882,0.106287,1.0108,0.989319,7928.16,0,0.00750732,1.00003,0,0,1.54051e+09,0.988007,0.994362,1,1,1,1,1
0,42145.6,7.6593e+08,0.955383,0.154341,1.02304,0.977478,9817.3,0,0.0403748,1.00003,0,0,1.36452e+09,0.954102,0.999289,1,1,1,1,1
0,65221,1.76863e+07,0.999207,0.0264956,1.00046,0.999542,29812.1,0,0,1.00003,0,0,2.13709e+09,0.999359,0.999195,1,1,1,1,1
0,35368.9,8.99773e+08,0.948059,0.166804,1.02698,0.973724,7070.23,0,0.00427246,1.00003,0,0,1.14687e+09,0.969574,0.984118,1,1,1,1,1
0,49067.2,6.39868e+08,0.99585,0.0515372,1.00217,0.997833,12473.5,0,0.00424194,1.00003,0,0,1.60589e+09,0.993317,0.992363,1,1,1,1,1
0,45486.2,8.04687e+08,0.962067,0.139317,1.01941,0.980957,10812,0,0.00613403,1.00003,0,0,1.48325e+09,0.973785,0.985612,1,1,1,1,1
0,65442.9,4.77035e+06,0.999878,0.0078125,1.00006,0.999939,17531.2,0,0,1.00003,0,0,2.14442e+09,0.999756,0.999891,1,1,1,1,1
0,65371.9,8.24252e+06,0.999725,0.0146162,1.00015,0.999847,25275.3,0,0,1.00003,0,0,2.14209e+09,0.999725,0.999723,1,1,1,1,1
0,65468,3.66306e+06,0.999786,0.0135319,1.00012,0.999878,39752.1,0,0,1.00003,0,0,2.14524e+09,0.999725,0.999733,1,1,1,1,1
0,65465.1,3.82663e+06,0.999817,0.00956832,1.00009,0.999908,36794.9,0,0,1.00003,0,0,2.14515e+09,0.999786,0.999766,1,1,1,1,1
0,30334.5,8.26798e+08,0.953857,0.152361,1.02365,0.976898,15421.2,0,0.0111694,1.00003,0,0,9.80283e+08,0.960022,0.972566,1,1,1,1,1
0,57856.4,3.97446e+08,0.978027,0.108847,1.01123,0.988892,31021.2,0,0.00149536,1.00003,0,0,1.89293e+09,0.986877,0.991021,1,1,1,1,1
0,62740.6,1.47672e+08,0.998138,0.0406027,1.00104,0.998962,70891.2,0,0.000305176,1.00003,0,0,2.05557e+09,0.998291,0.998855,1,1,1,1,1
0,64239.5,7.28696e+07,0.997131,0.06253,1.00171,0.998291,24144.7,0,0.000823975,1.00003,0,0,2.10361e+09,0.997345,0.998876,1,1,1,1,1
0,64720.4,4.6787e+07,0.997589,0.0617909,1.00144,0.998566,10263.4,0,0.000579834,1.00003,0,0,2.11922e+09,0.997986,0.99906,1,1,1,1,1
0,65475.1,3.41318e+06,0.999573,0.0227786,1.00027,0.999725,25326.3,0,3.05176e-05,1.00003,0,0,2.14545e+09,0.999634,0.999587,1,1,1,1,1
0,65511.4,1.38629e+06,0.999939,0.00552427,1.00003,0.999969,29203,0,0,1.00003,0,0,2.14667e+09,0.999847,0.999858,1,1,1,1,1
0,65427.6,6.20359e+06,0.999542,0.0213966,1.00027,0.999725,107933,0,0,1.00003,0,0,2.1439e+09,0.999603,0.999603,1,1,1,1,1
0,65454.2,4.65782e+06,0.99942,0.0317383,1.0004,0.999603,65500.9,0,0,1.00003,0,0,2.14474e+09,0.999329,0.999451,1,1,1,1,1
0,65475.5,3.40157e+06,0.999573,0.0227786,1.00027,0.999725,190488,0,3.05176e-05,1.00003,0,0,2.14547e+09,0.999542,0.99956,1,1,1,1,1
0,65445.5,5.15063e+06,0.99942,0.0317383,1.0004,0.999603,145277,0,6.10352e-05,1.00003,0,0,2.14447e+09,0.99942,0.999491,1,1,1,1,1
0,65448.1,4.95109e+06,0.999481,0.0312536,1.00037,0.999634,29543.2,0,0,1.00003,0,0,2.14455e+09,0.999481,0.999562,1,1,1,1,1
0,65474.7,3.52805e+06,0.99942,0.0259133,1.00037,0.999634,44190.5,0,3.05176e-05,1.00003,0,0,2.14543e+09,0.999451,0.999481,1,1,1,1,1
0,65409,6.86331e+06,0.999451,0.0253174,1.00034,0.999664,10411.8,0,0,1.00003,0,0,2.14326e+09,0.999512,0.999531,1,1,1,1,1
0,43336,7.88323e+08,0.963318,0.135406,1.01868,0.981659,23256.3,0,0.0218201,1.00003,0,0,1.40933e+09,0.976196,0.997441,1,1,1,1,1
0,42137.7,8.53012e+08,0.984833,0.089258,1.00772,0.99234,35999.9,0,0.014801,1.00003,0,0,1.37479e+09,0.981323,0.995385,1,1,1,1,1
0,24996.5,7.73615e+08,0.955292,0.234493,1.02406,0.976501,582397,0,0.00942993,1.00003,0,0,8.0043e+08,0.96051,0.949401,1,1,1,1,1
0,34193.2,9.16545e+08,0.954315,0.425129,1.02496,0.975647,1.6396e+06,0,0.022583,1.00003,0,0,1.11141e+09,0.970734,0.967654,1,1,1,1,1
0,32373,9.02958e+08,0.95462,0.153402,1.02339,0.977142,2.22787e+06,0,0.021698,1.00003,0,0,1.04945e+09,0.974823,0.959897,1,1,1,1,1
0,37328.2,8.83316e+08,0.941895,0.204043,1.03135,0.969604,2.65847e+06,0,0.0301208,1.00003,0,0,1.20173e+09,0.96405,0.959695,1,1,1,1,1
0,33749.5,8.86929e+08,0.891296,0.249963,1.05898,0.944305,1.30467e+06,0,0.029541,1.00003,0,0,1.09301e+09,0.933838,0.961792,1,1,1,1,1
0,13507.6,4.78756e+08,0.99176,0.0641857,1.00414,0.99588,1.74946e+06,0,0.0159607,1.00003,0,0,4.41532e+08,0.993347,0.986549,1,1,1,1,1
0,10288.4,3.41503e+08,0.999878,0.0078125,1.00006,0.999939,2.26276e+06,0,3.05176e-05,1.00003,0,0,3.37122e+08,0.999817,0.99532,1,1,1,1,1
0,15336.9,5.6406e+08,0.999756,0.0110485,1.00012,0.999878,2.57076e+06,0,0.00164795,1.00003,0,0,5.02544e+08,0.999756,0.991608,1,1,1,1,1
0,13648.8,4.95658e+08,0.999878,0.0078125,1.00006,0.999939,2.59969e+06,0,0.000915527,1.00003,0,0,4.47236e+08,0.999786,0.992857,1,1,1,1,1
0,16096.4,5.93282e+08,0.999756,0.0110485,1.00012,0.999878,2.89205e+06,0,0.00189209,1.00003,0,0,5.27431e+08,0.999756,0.994782,1,1,1,1,1
0,20986.9,7.50663e+08,0.999878,0.0078125,1.00006,0.999939,3.15897e+06,0,0.000793457,1.00003,0,0,6.87691e+08,0.999817,0.998287,1,1,1,1,1
0,22333.7,7.86944e+08,0.999634,0.0135316,1.00018,0.999817,3.29571e+06,0,0.000701904,1.00003,0,0,7.31807e+08,0.999695,0.994776,1,1,1,1,1
0,48470.8,7.56154e+08,0.975372,0.112956,1.01255,0.98761,3.55211e+06,0,0.0212708,1.00003,0,0,1.58693e+09,0.986359,0.981481,1,1,1,1,1
0,42402.2,8.53096e+08,0.965759,0.550598,1.01963,0.980743,3.81315e+06,0,0.0578308,1.00003,0,0,1.3767e+09,0.971436,0.999741,1.24447,1,1.00164,1,1
0,33839,9.23223e+08,0.990173,0.111343,1.00543,0.994598,4.48736e+06,0,0.0585327,1.00003,0,0,1.10222e+09,0.98468,0.99154,1.2226,1.0012,1,1,1
0,37355.6,9.06758e+08,0.978119,0.108422,1.0112,0.988922,4.05155e+06,0,0.0600586,1.00003,0,0,1.21264e+09,0.975159,0.991875,1.2226,1.0012,1,1,1
0,40698.7,8.67348e+08,0.921722,0.265907,1.04201,0.959686,4.2184e+06,0,0.0382996,1.00003,0,0,1.31408e+09,0.953918,0.988506,1.2226,1.0012,1,1,1
0,44601.9,7.7719e+08,0.940857,0.172338,1.03051,0.970398,4.27772e+06,0,0.040741,1.00003,0,0,1.44842e+09,0.964264,0.98642,1.2226,1.0012,1,1,1
0,20345.4,7.14344e+08,0.889984,0.241618,1.05895,0.944336,2.5772e+06,0,0.0700989,1.00003,0,0,6.55218e+08,0.937103,0.998584,1.14102,1,1,1,1
0,14813.5,5.14992e+08,0.99707,0.056359,1.00165,0.998352,1.55823e+06,0,0.00219727,1.00003,0,0,4.85158e+08,0.998199,0.992504,1.0959,1.00141,1.00375,1,1
0,6200.28,1.12515e+08,0.998383,0.02975,1.00082,0.999176,710568,0,0,1.00003,0,0,2.03052e+08,0.999115,0.988656,1.0959,1.00141,1.00375,1,1
0,16117.4,5.75536e+08,0.993713,0.0587302,1.00321,0.996796,1.34611e+06,0,0.00674438,1.00003,0,0,5.23913e+08,0.991852,0.990992,1.0959,1.00141,1.00375,1,1
0,52175.4,5.39815e+08,0.991333,0.07011,1.00444,0.995575,4.99001e+06,0,0.00305176,1.00003,0,0,1.70784e+09,0.992981,0.991435,1.17344,1.03674,1.00263,1,1
0,43710.6,8.30615e+08,0.95993,0.142334,1.02049,0.979919,5.25598e+06,0,0.00204468,1.00003,0,0,1.42465e+09,0.974091,0.976453,1.0959,1.00141,1.00375,1,1
0,51073,6.25882e+08,0.968933,0.129247,1.01597,0.984283,4.7815e+06,0,0.000549316,1.00003,0,0,1.66459e+09,0.976044,0.985095,1.0959,1.00141,1.00375,1,1
0,65405.9,7.69328e+06,0.99939,0.0247071,1.00037,0.999634,1.85952e+06,0,9.15527e-05,1.00003,0,0,2.14317e+09,0.999512,0.99961,1.0959,1.00141,1.00375,1,1
0,65478.4,3.25119e+06,0.999634,0.0183226,1.00021,0.999786,1.95259e+06,0,3.05176e-05,1.00003,0,0,2.14557e+09,0.999664,0.999777,1.0959,1.00141,1.00375,1,1
0,65491,2.59063e+06,0.999573,0.0191374,1.00024,0.999756,2.03724e+06,0,0,1.00003,0,0,2.14597e+09,0.999603,0.999515,1.0959,1.00141,1.00375,1,1
0,28254.8,8.43033e+08,0.94281,0.169948,1.0295,0.971344,2.05126e+06,0,6.10352e-05,1.00003,0,0,9.12738e+08,0.952972,0.945667,1.0959,1.00141,1.00375,1,1
0,30235.1,8.24698e+08,0.949341,0.160075,1.02605,0.974609,1.98374e+06,0,0.000732422,1.00003,0,0,9.78906e+08,0.958679,0.969894,1.17344,1.03674,1.00263,1,1
0,57088.4,4.43217e+08,0.994385,0.0651584,1.00303,0.996979,4.61506e+06,0,0.00106812,1.00003,0,0,1.8695e+09,0.994598,0.995367,1.0959,1.00141,1.00375,1,1
0,64191,7.608e+07,0.996735,0.0653985,1.0019,0.998108,5.81468e+06,0,0.000366211,1.00003,0,0,2.10197e+09,0.997314,0.996585,1.08819,1.00379,1.00262,1.00006,1.00001
0,64425.1,6.31797e+07,0.997528,0.0524258,1.00141,0.998596,5.18062e+06,0,0.000427246,1.00003,0,0,2.1096e+09,0.998077,0.99886,1.0959,1.00141,1.00375,1,1
0,65494.9,2.2236e+06,0.999817,0.00956832,1.00009,0.999908,3.48546e+06,0,0.000152588,1.00003,0,0,2.14612e+09,0.999908,0.999879,1.0959,1.00141,1.00375,1,1
0,65471.5,3.39586e+06,0.999756,0.0110485,1.00012,0.999878,3.31037e+06,0,3.05176e-05,1.00003,0,0,2.14535e+09,0.999756,0.999827,1.0959,1.00141,1.00375,1,1
0,65446.4,5.02939e+06,0.999237,0.0287079,1.00046,0.999542,3.76737e+06,0,0.000152588,1.00003,0,0,2.14448e+09,0.999298,0.999454,1.0959,1.00141,1.00375,1,1
0,65463.5,4.00267e+06,0.999573,0.0227786,1.00027,0.999725,3.80051e+06,0,0.000183105,1.00003,0,0,2.14507e+09,0.999512,0.999568,1.17344,1.03674,1.00263,1,1
0,65458.7,4.31567e+06,0.999512,0.0234391,1.00031,0.999695,3.60304e+06,0,9.15527e-05,1.00003,0,0,2.14491e+09,0.999573,0.999455,1.0959,1.00141,1.00375,1,1
0,65489.2,2.59395e+06,0.999695,0.0123526,1.00015,0.999847,3.573e+06,0,0.00012207,1.00003,0,0,2.14593e+09,0.999664,0.999767,1.0959,1.00141,1.00375,1,1
0,35638.3,9.63723e+08,0.983582,0.0934399,1.00837,0.991699,4.45559e+06,0,0.00109863,1.00003,0,0,1.16471e+09,0.988464,0.983589,1.0959,1.00141,1.00375,1,1
0,34635.5,8.87261e+08,0.964905,0.13361,1.01792,0.982391,5.7438e+06,0,0.000976562,1.00003,0,0,1.12772e+09,0.978302,0.973104,1.17344,1.03674,1.00263,1,1
0,48548.9,7.06176e+08,0.975616,0.119597,1.01261,0.987549,4.25321e+06,0,0.000183105,1.00003,0,0,1.58375e+09,0.979156,0.989251,1.0959,1.00141,1.00375,1,1
0,58340.8,3.66567e+08,0.9935,0.0607767,1.00334,0.996674,3.06862e+06,0,0.000183105,1.00003,0,0,1.91035e+09,0.996277,0.995187,1.43834,1.03389,1.00759,1.0059,1.00202
0,34829.9,9.13225e+08,0.96759,0.186583,1.01742,0.98288,3.01227e+06,0,0.0408325,1.00003,0,0,1.13366e+09,0.96228,0.980246,1.13896,1,1,1,1
0,43547.5,8.12942e+08,0.934753,0.181987,1.03382,0.967285,3.09671e+06,0,0.134094,1.00003,0,0,1.41482e+09,0.961212,0.972019,1.24345,1.02679,1.00655,1,1
0,33733,8.9051e+08,0.958527,0.169804,1.02202,0.978455,2.72714e+06,0,0.0352173,1.00003,0,0,1.09063e+09,0.971283,0.944442,1.24345,1.02679,1.00655,1,1
0,19005.6,6.9091e+08,0.995911,0.0515372,1.00217,0.997833,2.44209e+06,0,0.00772095,1.00003,0,0,6.21132e+08,0.991302,0.998202,1.24345,1.02679,1.00655,1,1
0,14505.4,5.30916e+08,1,0,1,1,2.83341e+06,0,0.00210571,1.00003,0,0,4.75312e+08,0.999878,0.998807,1.24345,1.02679,1.00655,1,1
0,5778.28,1.01955e+08,0.999756,0.0110485,1.00012,0.999878,4.09822e+06,0,0.000427246,1.00003,0,0,1.89322e+08,0.999695,0.999365,1.24345,1.02679,1.00655,1,1
0,11352.9,3.92803e+08,0.999573,0.0146158,1.00021,0.999786,5.2414e+06,0,0.0148315,1.00003,0,0,3.71934e+08,0.999329,0.9924,1.24345,1.02679,1.00655,1,1
0,9792.22,3.15834e+08,0.982361,0.0947236,1.00893,0.99115,2.20268e+06,0,0.019928,1.00003,0,0,3.17742e+08,0.989349,0.998995,1.24345,1.02679,1.00655,1,1
0,17173.2,6.31555e+08,0.999512,0.015625,1.00024,0.999756,4.68789e+06,0,0.00466919,1.00003,0,0,5.62717e+08,0.999451,0.998047,1.24345,1.02679,1.00655,1,1
0,11769.3,4.12133e+08,0.999939,0.00552427,1.00003,0.999969,6.28184e+06,0,0.00427246,1.00003,0,0,3.85653e+08,0.999878,0.994754,1.24345,1.02679,1.00655,1,1
0,12297.6,4.36327e+08,1,0,1,1,6.30059e+06,0,0.000305176,1.00003,0,0,4.02968e+08,0.999878,0.998801,1.24345,1.02679,1.00655,1,1
0,60272.5,2.92411e+08,0.999146,0.0270655,1.00049,0.999512,3.68152e+06,0,0.01474,1.00003,0,0,1.97525e+09,0.998505,0.997878,1.24345,1.02679,1.00655,1,1
0,63564.3,1.11824e+08,0.998657,0.0312529,1.00073,0.999268,3.97563e+06,0,0.00653076,1.00003,0,0,2.08276e+09,0.998413,0.99873,1.24345,1.02679,1.00655,1,1
0,38426,9.11039e+08,0.94754,1.14857,1.03174,0.969238,3.29109e+06,0,0.0231018,1.00003,0,0,1.24245e+09,0.968628,0.988662,1.24345,1.02679,1.00655,1,1
0,40294.7,8.72761e+08,0.95578,0.150888,1.02272,0.977783,4.58338e+06,0,0.0816956,1.00003,0,0,1.3038e+09,0.966797,0.983909,1.24345,1.02679,1.00655,1,1
0,44670.7,8.14343e+08,0.972839,0.133227,1.01424,0.985962,4.8121e+06,0,0.0587463,1.00003,0,0,1.4505e+09,0.981415,0.99202,1.24345,1.02679,1.00655,1,1
0,39469.3,9.03649e+08,0.91571,2.419,1.06083,0.942657,3.92246e+06,0,0.0702209,1.00003,0,0,1.27259e+09,0.907227,0.992103,1.24345,1.02679,1.00655,1,1
0,49204,7.16803e+08,0.979523,0.110005,1.01055,0.989563,4.30716e+06,0,0.0174866,1.00003,0,0,1.60137e+09,0.979767,0.99753,1.24345,1.02679,1.00655,1,1
0,42949.3,8.35632e+08,0.966797,0.135048,1.0171,0.983185,4.06359e+06,0,0.0138855,1.00003,0,0,1.3917e+09,0.974762,0.962952,1.24345,1.02679,1.00655,1,1
0,54831,5.22843e+08,0.965302,0.195764,1.01827,0.982056,3.72429e+06,0,0.0566406,1.00003,0,0,1.78725e+09,0.955872,0.984199,1.27672,1.05451,1.00458,1,1
0,47952.8,7.57913e+08,0.970978,0.122041,1.0148,0.985413,3.89124e+06,0,0.00827026,1.00003,0,0,1.5603e+09,0.980774,0.973781,1.24345,1.02679,1.00655,1,1
0,41822.2,8.51204e+08,0.970459,0.125278,1.01512,0.985107,4.11346e+06,0,0.0107117,1.00003,0,0,1.35796e+09,0.978394,0.987433,1.24345,1.02679,1.00655,1,1
0,40411,8.58071e+08,0.948639,0.165979,1.0267,0.973999,3.67617e+06,0,0.0127869,1.00003,0,0,1.3043e+09,0.950562,0.953005,1.24345,1.02679,1.00655,1,1
0,37762.9,8.77603e+08,0.952087,0.169173,1.02512,0.975494,3.76121e+06,0,0.00375366,1.00003,0,0,1.22098e+09,0.971924,0.950499,1.24345,1.02679,1.00655,1,1
0,58059.2,3.87287e+08,0.999481,0.0362301,1.0004,0.999603,3.96603e+06,0,0.0133972,1.00003,0,0,1.90553e+09,0.990326,0.993326,1.24345,1.02679,1.00655,1,1
0,51259.4,6.70258e+08,0.984497,0.0906181,1.00791,0.992157,3.96048e+06,0,0.013855,1.00003,0,0,1.6747e+09,0.983795,0.988654,1.24345,1.02679,1.00655,1,1
0,63384.1,1.22744e+08,0.995728,0.0694809,1.00239,0.99762,4.52528e+06,0,0.00595093,1.00003,0,0,2.07619e+09,0.995941,0.993853,1.24345,1.02679,1.00655,1,1
0,64464.7,6.35906e+07,0.997345,0.148682,1.00211,0.997894,3.17774e+06,0,0.00140381,1.00003,0,0,2.11213e+09,0.997253,0.998137,1.24345,1.02679,1.00655,1,1
0,65264.8,1.49729e+07,0.999146,0.0509436,1.00064,0.999359,3.17343e+06,0,0.000427246,1.00003,0,0,2.13854e+09,0.999115,0.998678,1.24345,1.02679,1.00655,1,1
0,65185.2,1.89872e+07,0.998993,0.0427999,1.00067,0.999329,3.28494e+06,0,0.000518799,1.00003,0,0,2.13593e+09,0.999176,0.999009,1.27672,1.05451,1.00458,1,1
0,65274.8,1.4085e+07,0.999329,0.0302611,1.00043,0.999573,3.19494e+06,0,0.00012207,1.00003,0,0,2.1389e+09,0.999298,0.998814,1.19829,1.03355,1.00459,1,1
0,60492.7,2.75357e+08,0.999512,0.0234391,1.00031,0.999695,3.07618e+06,0,0.00540161,1.00003,0,0,1.988e+09,0.995789,0.998652,1.24345,1.02679,1.00655,1,1
0,59292.6,3.45122e+08,0.996124,0.0448806,1.00196,0.998047,3.00995e+06,0,0.0055542,1.00003,0,0,1.94209e+09,0.997467,0.996603,1.24345,1.02679,1.00655,1,1
0,36977.2,8.3924e+08,0.926575,1.06904,1.04277,0.958984,2.90716e+06,0,0.0180359,1.00003,0,0,1.18202e+09,0.944733,0.957272,1.35436,1.11919,1,1,1
0,55333.2,5.08498e+08,0.977203,0.490164,1.01349,0.986694,3.45194e+06,0,0.00973511,1.00003,0,0,1.80403e+09,0.980621,0.987712,1.35436,1.11919,1,1,1
0,58624.1,3.70743e+08,0.998199,0.122618,1.00153,0.998474,2.74944e+06,0,0.00927734,1.00003,0,0,1.93265e+09,0.988617,0.995037,1.35436,1.11919,1,1,1
0,48593.1,7.11858e+08,0.969666,0.131042,1.01581,0.984436,2.67089e+06,0,0.063324,1.00003,0,0,1.58188e+09,0.979279,0.990824,1.35436,1.11919,1,1,1
0,61947.3,2.02633e+08,0.999023,0.0292346,1.00055,0.999451,2.7508e+06,0,0.00683594,1.00003,0,0,2.02979e+09,0.997559,0.998472,1.35436,1.11919,1,1,1
0,41359.1,8.38384e+08,0.950928,0.166529,1.02563,0.975006,2.60231e+06,0,0.00946045,1.00003,0,0,1.33981e+09,0.964142,0.967663,1.35436,1.11919,1,1,1
0,55218.7,5.01303e+08,0.98703,0.0828745,1.0066,0.993439,1.56106e+06,0,0.00115967,1.00003,0,0,1.8057e+09,0.988129,0.990504,1.35436,1.11919,1,1,1
0,47623.6,7.30819e+08,0.991394,0.0698919,1.00441,0.995605,2.87893e+06,0,0.000152588,1.00003,0,0,1.55588e+09,0.992249,0.99255,1.35436,1.11919,1,1,1
0,64895.3,3.81761e+07,0.997711,0.0349396,1.00116,0.99884,2.99406e+06,0,0.000854492,1.00003,0,0,2.12619e+09,0.99884,0.997548,1.35436,1.11919,1,1,1
0,44186.4,8.22681e+08,0.95871,0.145211,1.02116,0.979279,3.18729e+06,0,6.10352e-05,1.00003,0,0,1.44062e+09,0.977264,0.977061,1.35436,1.11919,1,1,1
0,60062.7,2.9892e+08,0.984253,0.093123,1.00806,0.992004,1.61947e+06,0,0.00125122,1.00003,0,0,1.96556e+09,0.991669,0.993607,1.35436,1.11919,1,1,1
0,65516.8,1.07394e+06,0.999939,0.00552427,1.00003,0.999969,1.29882e+06,0,6.10352e-05,1.00003,0,0,2.14685e+09,0.999939,0.999892,1.35436,1.11919,1,1,1
0,65420.8,6.69211e+06,0.999634,0.0135316,1.00018,0.999817,1.3814e+06,0,3.05176e-05,1.00003,0,0,2.14368e+09,0.999664,0.999695,1.35436,1.11919,1,1,1
0,65495.8,2.25416e+06,0.999756,0.0110485,1.00012,0.999878,1.53151e+06,0,9.15527e-05,1.00003,0,0,2.14615e+09,0.999878,0.999608,1.35436,1.11919,1,1,1
0,58744.8,3.55518e+08,0.981415,0.101749,1.00958,0.990509,2.35389e+06,0,0.00012207,1.00003,0,0,1.92223e+09,0.987305,0.990748,1.35436,1.11919,1,1,1
0,62486.7,1.62898e+08,0.996887,0.046228,1.00165,0.998352,2.81595e+06,0,0,1.00003,0,0,2.04714e+09,0.998047,0.997577,1.35436,1.11919,1,1,1
0,64365,6.66949e+07,0.997803,0.0509478,1.00125,0.998749,2.99336e+06,0,0,1.00003,0,0,2.1076e+09,0.998016,0.9981,1.35436,1.11919,1,1,1
0,65504.1,1.81129e+06,0.999878,0.0078125,1.00006,0.999939,2.67777e+06,0,9.15527e-05,1.00003,0,0,2.14643e+09,0.999756,0.999824,1.35436,1.11919,1,1,1
0,65501.7,1.92704e+06,0.999817,0.00956832,1.00009,0.999908,2.54241e+06,0,0,1.00003,0,0,2.14635e+09,0.999847,0.999696,1.35436,1.11919,1,1,1
0,65471.1,3.64272e+06,0.999359,0.0312538,1.00043,0.999573,2.72857e+06,0,3.05176e-05,1.00003,0,0,2.14529e+09,0.99942,0.999378,1.35436,1.11919,1,1,1
0,65483.4,2.86844e+06,0.999634,0.0183226,1.00021,0.999786,2.80064e+06,0,3.05176e-05,1.00003,0,0,2.14573e+09,0.999603,0.999563,1.35436,1.11919,1,1,1
0,65485.3,2.76407e+06,0.999573,0.0227786,1.00027,0.999725,2.94454e+06,0,0,1.00003,0,0,2.14579e+09,0.999542,0.999518,1.35436,1.11919,1,1,1
0,65442.2,5.19835e+06,0.999207,0.0390694,1.00055,0.999451,2.9183e+06,0,3.05176e-05,1.00003,0,0,2.14434e+09,0.999298,0.998938,1.35436,1.11919,1,1,1
0,38372.9,9.5341e+08,0.98111,0.100527,1.00964,0.990448,3.1515e+06,0,0.000366211,1.00003,0,0,1.25433e+09,0.990051,0.984411,1.35436,1.11919,1,1,1
0,35715.8,8.90895e+08,0.970032,0.124771,1.01531,0.984924,3.88981e+06,0,0.000305176,1.00003,0,0,1.16418e+09,0.980042,0.975109,1.35436,1.11919,1,1,1
0,25601,8.08635e+08,0.948364,0.192416,1.02776,0.972992,1.13753e+06,0,0.0331116,1.00003,0,0,8.0686e+08,0.954498,0.972247,1.35436,1.11919,1,1,1
0,33198.7,9.37538e+08,0.990173,0.0726701,1.005,0.995026,4.42075e+06,0,0.00839233,1.00003,0,0,1.082e+09,0.99295,0.98106,1.35436,1.11919,1,1,1
0,45469.6,7.76483e+08,0.975189,0.13117,1.01292,0.987244,2.75428e+06,0,0.00408936,1.00003,0,0,1.47629e+09,0.975616,0.967768,1.35436,1.11919,1,1,1
0,45319.3,7.8157e+08,0.969391,0.13681,1.01619,0.98407,2.86245e+06,0,0.0130615,1.00003,0,0,1.47026e+09,0.973969,0.9689,1.35436,1.11919,1,1,1
0,39720.3,8.76158e+08,0.954834,0.194421,1.02394,0.976624,1.63275e+06,0,0.0173035,1.00003,0,0,1.2768e+09,0.973419,0.962635,1.35436,1.11919,1,1,1
0,40296,8.59332e+08,0.938538,0.255233,1.03314,0.967926,1.44168e+06,0,0.00695801,1.00003,0,0,1.29842e+09,0.966156,0.947815,1.35436,1.11919,1,1,1
0,63173.3,1.34949e+08,0.99588,0.114272,1.0026,0.997406,2.42584e+06,0,0.00421143,1.00003,0,0,2.06875e+09,0.996246,0.992733,1.35436,1.11919,1,1,1
0,65244.4,1.63608e+07,0.997894,0.136435,1.00174,0.99826,2.24564e+06,0,0.000396729,1.00003,0,0,2.13778e+09,0.997894,0.994696,1.28781,1.08343,1,1,1
0,65215,1.81682e+07,0.997589,0.169534,1.00208,0.997925,2.29138e+06,0,0.000244141,1.00003,0,0,2.13675e+09,0.997742,0.995256,1.35436,1.11919,1,1,1
0,65226.3,1.64358e+07,0.999115,0.0370641,1.00058,0.99942,2.61208e+06,0,0.000366211,1.00003,0,0,2.13724e+09,0.999115,0.998913,1.35436,1.11919,1,1,1
0,52864.8,6.08647e+08,0.99823,0.0345024,1.00095,0.999054,3.15898e+06,0,0.0119019,1.00003,0,0,1.75386e+09,0.987335,0.997278,1.35436,1.11919,1,1,1
0,40351.2,8.99535e+08,0.927094,1.18466,1.04363,0.958191,1.77284e+06,0,0.0262146,1.00003,0,0,1.30796e+09,0.957855,0.975465,1.35436,1.11919,1,1,1
0,52586.7,6.11426e+08,0.970947,0.597774,1.01717,0.983124,3.52312e+06,0,0.0211182,1.00003,0,0,1.71166e+09,0.965637,0.981481,1.35436,1.11919,1,1,1
0,28632.8,9.04149e+08,0.993774,0.0571466,1.00315,0.996857,3.87189e+06,0,0.00726318,1.00003,0,0,9.31847e+08,0.9935,0.997194,1.35436,1.11919,1,1,1
0,48579.1,7.24409e+08,0.983551,0.0911083,1.00831,0.99176,3.42034e+06,0,0.0602417,1.00003,0,0,1.5865e+09,0.989716,0.987094,1.35436,1.11919,1,1,1
0,28145.4,8.82155e+08,0.788116,0.387609,1.12112,0.891968,2.00247e+06,0,0.0705566,1.00003,0,0,8.76554e+08,0.868225,0.957245,1.35436,1.11919,1,1,1
0,55958.6,4.71777e+08,0.952942,0.448433,1.02621,0.974457,2.57398e+06,0,0.0209045,1.00003,0,0,1.82543e+09,0.968414,0.962905,1.35436,1.11919,1,1,1
0,40907.8,7.90024e+08,0.930084,0.194734,1.03654,0.964752,918432,0,0.0329285,1.00003,0,0,1.32232e+09,0.955109,0.991427,1.35436,1.11919,1,1,1
0,55692,4.83945e+08,0.985809,0.0884112,1.00725,0.992798,1.59868e+06,0,0.0032959,1.00003,0,0,1.82113e+09,0.987366,0.990285,1.35436,1.11919,1,1,1
0,52519.6,5.32089e+08,0.986023,0.0854112,1.0071,0.99295,2.40417e+06,0,6.10352e-05,1.00003,0,0,1.71847e+09,0.992706,0.991095,1.35436,1.11919,1,1,1
0,45699,8.01192e+08,0.962158,0.141967,1.01948,0.980896,3.24864e+06,0,0.000183105,1.00003,0,0,1.49028e+09,0.973419,0.974746,1.35436,1.11919,1,1,1
0,65503.6,1.8136e+06,0.999756,0.0110485,1.00012,0.999878,1.27232e+06,0,9.15527e-05,1.00003,0,0,2.1464e+09,0.999756,0.999809,1.35436,1.11919,1,1,1
0,65430.4,6.24111e+06,0.999634,0.0135316,1.00018,0.999817,1.39866e+06,0,3.05176e-05,1.00003,0,0,2.144e+09,0.999664,0.999601,1.31902,1.10118,1.00065,1,1.0007
0,65490.1,2.5004e+06,0.999817,0.00956832,1.00009,0.999908,1.48321e+06,0,9.15527e-05,1.00003,0,0,2.14597e+09,0.999908,0.999637,1.35436,1.11919,1,1,1
0,65493.3,2.32042e+06,0.999817,0.00956832,1.00009,0.999908,2.6244e+06,0,6.10352e-05,1.00003,0,0,2.14607e+09,0.999756,0.999912,1.35436,1.11919,1,1,1
0,65458.5,4.28108e+06,0.99939,0.0297524,1.0004,0.999603,2.87931e+06,0,0.000183105,1.00003,0,0,2.14488e+09,0.99939,0.999387,1.35436,1.11919,1,1,1
0,65477.8,3.20069e+06,0.999573,0.0227786,1.00027,0.999725,2.85524e+06,0,0.00012207,1.00003,0,0,2.14554e+09,0.999512,0.99965,1.35436,1.11919,1,1,1
0,65481.3,2.97361e+06,0.999512,0.0234391,1.00031,0.999695,2.85068e+06,0,3.05176e-05,1.00003,0,0,2.14565e+09,0.999512,0.999427,1.35436,1.11919,1,1,1
0,65477.8,3.08188e+06,0.999634,0.0135316,1.00018,0.999817,2.78523e+06,0,9.15527e-05,1.00003,0,0,2.14555e+09,0.999664,0.999606,1.35436,1.11919,1,1,1
0,52615,6.07264e+08,0.943665,0.21689,1.02957,0.971283,2.49681e+06,0,0.042572,1.00003,0,0,1.71327e+09,0.957123,0.996782,1.35436,1.11919,1,1,1
0,45703.1,7.79443e+08,0.96817,0.138372,1.0165,0.983765,2.73613e+06,0,0.00894165,1.00003,0,0,1.48345e+09,0.978516,0.977412,1.35436,1.11919,1,1,1
0,42745.7,8.35045e+08,0.965881,0.182708,1.01837,0.981964,2.51847e+06,0,0.0229187,1.00003,0,0,1.38845e+09,0.971344,0.973114,1.35436,1.11919,1,1,1
0,40474,8.68479e+08,0.95752,0.178736,1.02247,0.978027,1.37494e+06,0,0.022644,1.00003,0,0,1.30493e+09,0.955505,0.979534,1.35436,1.11919,1,1,1
0,64260.5,7.51976e+07,0.995667,0.216064,1.00334,0.996674,2.15868e+06,0,0.00259399,1.00003,0,0,2.10549e+09,0.99588,0.996405,1.35436,1.11919,1,1,1
0,65382,8.82082e+06,0.99884,0.0941181,1.00104,0.998962,2.25656e+06,0,6.10352e-05,1.00003,0,0,2.1423e+09,0.998199,0.99773,1.35436,1.11919,1,1,1
0,64163.2,8.19007e+07,0.997437,0.0610451,1.00153,0.998474,2.50559e+06,0,0.00177002,1.00003,0,0,2.10228e+09,0.998199,0.995153,1.35436,1.11919,1,1,1
0,36557.1,8.55185e+08,0.917847,1.07284,1.04874,0.953522,2.56848e+06,0,0.0355835,1.00003,0,0,1.1669e+09,0.938324,0.966306,1.35436,1.11919,1,1,1
0,54465,5.45277e+08,0.978027,0.671132,1.01377,0.98642,3.85439e+06,0,0.0210876,1.00003,0,0,1.77275e+09,0.972443,0.991796,1.35436,1.11919,1,1,1
0,44540.8,8.38961e+08,0.99826,0.114226,1.00144,0.998566,7.21033e+06,0,0.0229187,1.00003,0,0,1.45932e+09,0.997314,0.993965,1.35436,1.11919,1,1,1
0,39940,9.05602e+08,0.981232,0.0983643,1.00952,0.99057,3.57966e+06,0,0.0284424,1.00003,0,0,1.29553e+09,0.987335,0.982958,1.35436,1.11919,1,1,1
0,49893.2,7.09439e+08,0.969269,0.137495,1.01606,0.984192,3.34074e+06,0,0.0178833,1.00003,0,0,1.62263e+09,0.982208,0.973711,1.35436,1.11919,1,1,1
0,40825.3,8.46047e+08,0.977631,0.114633,1.01155,0.988586,4.03134e+06,0,0.00518799,1.00003,0,0,1.33149e+09,0.978119,0.988391,1.35436,1.11919,1,1,1
0,47815.2,7.11753e+08,0.981232,0.0999152,1.00958,0.990509,2.45244e+06,0,0.00088501,1.00003,0,0,1.55729e+09,0.974487,0.981184,1.35436,1.11919,1,1,1
0,42695.4,8.26076e+08,0.964539,0.137374,1.01821,0.982117,2.37196e+06,0,0.000854492,1.00003,0,0,1.38538e+09,0.967834,0.979381,1.35436,1.11919,1,1,1
0,38957.1,8.7806e+08,0.95694,0.152774,1.02221,0.978271,2.70679e+06,0,0.00131226,1.00003,0,0,1.26197e+09,0.959808,0.960265,1.35436,1.11919,1,1,1
0,44360.1,8.25118e+08,0.942627,0.173672,1.02979,0.971069,3.2514e+06,0,0.00109863,1.00003,0,0,1.43999e+09,0.964813,0.967156,1.35436,1.11919,1,1,1
0,61157.1,2.43085e+08,0.98468,0.0926347,1.00784,0.992218,1.63056e+06,0,0.000274658,1.00003,0,0,2.00127e+09,0.991882,0.987455,1.35436,1.11919,1,1,1
0,65473.5,3.52777e+06,0.999268,0.0307615,1.00046,0.999542,1.61527e+06,0,0.000213623,1.00003,0,0,2.14537e+09,0.99939,0.999508,1.35436,1.11919,1,1,1
0,32381,8.43891e+08,0.932465,0.184882,1.03503,0.966156,1.66895e+06,0,0.000549316,1.00003,0,0,1.04019e+09,0.960175,0.950119,1.35436,1.11919,1,1,1
0,59529.8,3.18059e+08,0.978851,0.106576,1.0108,0.989319,2.46389e+06,0,9.15527e-05,1.00003,0,0,1.9474e+09,0.98645,0.988737,1.35436,1.11919,1,1,1
0,61924.1,1.90871e+08,0.988739,0.0827151,1.00583,0.994202,2.83063e+06,0,0,1.00003,0,0,2.02713e+09,0.99353,0.991699,1.35436,1.11919,1,1,1
0,65481.8,3.09693e+06,0.999451,0.0240814,1.00034,0.999664,2.71514e+06,0,6.10352e-05,1.00003,0,0,2.14566e+09,0.999481,0.999529,1.35436,1.11919,1,1,1
0,65408.7,7.30015e+06,0.998993,0.0358071,1.00061,0.99939,2.92704e+06,0,0.000152588,1.00003,0,0,2.1432e+09,0.999115,0.999463,1.35436,1.11919,1,1,1
0,65450,4.87029e+06,0.999329,0.0336074,1.00046,0.999542,2.88895e+06,0,0.000152588,1.00003,0,0,2.14458e+09,0.999298,0.999396,1.35436,1.11919,1,1,1
0,48754.1,6.97267e+08,0.960968,0.142147,1.02005,0.980347,2.50213e+06,0,0.000152588,1.00003,0,0,1.58481e+09,0.967712,0.971729,1.35436,1.11919,1,1,1
0,27169.7,8.47016e+08,0.940582,0.201861,1.03154,0.969421,1.05654e+06,0,0.0114136,1.00003,0,0,8.65675e+08,0.95932,0.951013,1.35436,1.11919,1,1,1
0,44373.3,8.10509e+08,0.956512,0.154983,1.02253,0.977966,2.22675e+06,0,0.0429993,1.00003,0,0,1.43925e+09,0.941071,0.973922,1.35436,1.11919,1,1,1
0,43038.3,8.38918e+08,0.960968,0.158091,1.02049,0.979919,2.87349e+06,0,0.00619507,1.00003,0,0,1.39317e+09,0.970428,0.981851,1.35436,1.11919,1,1,1
0,45525.4,7.76297e+08,0.973877,0.125357,1.01361,0.986572,2.82122e+06,0,0.0140076,1.00003,0,0,1.47432e+09,0.971008,0.981796,1.35436,1.11919,1,1,1
0,39236.8,8.69738e+08,0.955994,0.168553,1.02307,0.977448,1.50006e+06,0,0.00933838,1.00003,0,0,1.25863e+09,0.973816,0.959754,1.35436,1.11919,1,1,1
0,35635.4,8.89707e+08,0.939148,0.189097,1.03213,0.968872,1.59331e+06,0,0.0264587,1.00003,0,0,1.14315e+09,0.959778,0.96069,1.35436,1.11919,1,1,1
0,62478.4,1.72931e+08,0.998413,0.0331488,1.00086,0.999146,2.71217e+06,0,0.00817871,1.00003,0,0,2.04741e+09,0.990784,0.983375,1.35436,1.11919,1,1,1
0,65362.7,9.95706e+06,0.99884,0.0941181,1.00104,0.998962,2.255e+06,0,0.000152588,1.00003,0,0,2.14172e+09,0.998749,0.998286,1.35436,1.11919,1,1,1
0,65294,1.37649e+07,0.999023,0.0773681,1.00086,0.999146,2.34048e+06,0,0.000213623,1.00003,0,0,2.13944e+09,0.998993,0.998888,1.35436,1.11919,1,1,1
0,65204.5,1.88771e+07,0.998779,0.0587431,1.00089,0.999115,2.30202e+06,0,9.15527e-05,1.00003,0,0,2.13643e+09,0.998962,0.998442,1.91268,1.10343,1.00222,1.00039,1.03894
0,65279.8,1.41891e+07,0.998962,0.0465594,1.0007,0.999298,2.28531e+06,0,9.15527e-05,1.00003,0,0,2.13899e+09,0.999023,0.99912,1.35436,1.11919,1,1,1
0,63624.4,1.1405e+08,0.996613,0.049112,1.0018,0.998199,2.45561e+06,0,0.00445557,1.00003,0,0,2.08457e+09,0.993896,0.974551,1.35436,1.11919,1,1,1
0,55556.7,4.98792e+08,0.969482,0.47983,1.01742,0.98288,3.44095e+06,0,0.00744629,1.00003,0,0,1.80778e+09,0.968475,0.977607,1.35436,1.11919,1,1,1
0,49383.6,6.96734e+08,0.979187,0.182474,1.01133,0.9888,3.44932e+06,0,0.0169983,1.00003,0,0,1.61031e+09,0.984039,0.968895,1.35436,1.11919,1,1,1
0,63440.7,1.20805e+08,0.99881,0.036231,1.0007,0.999298,3.83364e+06,0,0.000915527,1.00003,0,0,2.07834e+09,0.998779,0.99323,1.35436,1.11919,1,1,1
0,36938.8,8.83781e+08,0.918304,1.29084,1.04837,0.953857,2.58701e+06,0,0.00701904,1.00003,0,0,1.18961e+09,0.952637,0.959667,1.35436,1.11919,1,1,1
0,54458.4,5.17649e+08,0.978821,0.113303,1.01098,0.989136,1.88205e+06,0,0.0106812,1.00003,0,0,1.78129e+09,0.982208,0.991362,1.35436,1.11919,1,1,1
0,47031.9,7.35706e+08,0.978607,0.115591,1.01108,0.989044,2.31283e+06,0,0,1.00003,0,0,1.5351e+09,0.987793,0.979778,1.35436,1.11919,1,1,1
0,42137.3,8.49558e+08,0.951202,0.164095,1.02525,0.975372,3.07008e+06,0,0.00012207,1.00003,0,0,1.37215e+09,0.973053,0.970622,1.35436,1.11919,1,1,1
0,60806.1,2.60493e+08,0.983765,0.11842,1.00862,0.991455,1.52498e+06,0,0.000183105,1.00003,0,0,1.99034e+09,0.991058,0.987515,1.35436,1.11919,1,1,1
0,65482.3,3.02903e+06,0.999756,0.0110485,1.00012,0.999878,1.49597e+06,0,3.05176e-05,1.00003,0,0,2.14571e+09,0.999878,0.999606,1.35436,1.11919,1,1,1
0,29516.3,8.5568e+08,0.925812,0.193067,1.03857,0.96286,1.5833e+06,0,0.00280762,1.00003,0,0,9.5285e+08,0.957153,0.956776,1.35436,1.11919,1,1,1
0,54867,5.36324e+08,0.993927,0.107394,1.00358,0.996429,2.6481e+06,0,0.000244141,1.00003,0,0,1.79662e+09,0.994537,0.995577,1.35436,1.11919,1,1,1
0,64252.5,7.22962e+07,0.996155,0.117959,1.00254,0.997467,2.76672e+06,0,0.000213623,1.00003,0,0,2.10407e+09,0.997009,0.99737,1.35436,1.11919,1,1,1
0,64431.3,6.32648e+07,0.996277,0.103002,1.00242,0.997589,2.63558e+06,0,0.000335693,1.00003,0,0,2.1098e+09,0.997223,0.997596,1.35436,1.11919,1,1,1
0,65485.6,2.76855e+06,0.999756,0.0110485,1.00012,0.999878,2.47959e+06,0,0.000244141,1.00003,0,0,2.14582e+09,0.999878,0.999943,1.35436,1.11919,1,1,1
0,65389.8,8.27877e+06,0.998932,0.0607864,1.00082,0.999176,2.86769e+06,0,0.000244141,1.00003,0,0,2.14256e+09,0.998932,0.999176,1.35436,1.11919,1,1,1
0,65396.1,7.88617e+06,0.998901,0.0602819,1.00082,0.999176,2.69488e+06,0,0.000244141,1.00003,0,0,2.14278e+09,0.998962,0.999192,1.35436,1.11919,1,1,1
0,65435.6,5.74576e+06,0.999084,0.0512428,1.00067,0.999329,2.71155e+06,0,0.000305176,1.00003,0,0,2.1441e+09,0.999115,0.999365,1.35436,1.11919,1,1,1
0,65437.8,5.53632e+06,0.999329,0.0398428,1.00049,0.999512,2.86305e+06,0,0.000213623,1.00003,0,0,2.1442e+09,0.999237,0.999601,1.35436,1.11919,1,1,1
0,65432.9,5.78794e+06,0.999237,0.0362308,1.00052,0.999481,2.75536e+06,0,0.000183105,1.00003,0,0,2.14402e+09,0.999359,0.999522,1.35436,1.11919,1,1,1
0,35983.1,8.8968e+08,0.959503,0.146515,1.02084,0.979584,3.79621e+06,0,0.00308228,1.00003,0,0,1.17142e+09,0.976776,0.976582,1.35436,1.11919,1,1,1
0,26549.4,8.17962e+08,0.948761,0.246642,1.02844,0.972351,1.41133e+06,0,0.0124207,1.00003,0,0,8.36849e+08,0.953918,0.95133,1.35436,1.11919,1,1,1
0,45336.7,7.95008e+08,0.957672,0.15371,1.02192,0.978546,2.33012e+06,0,0.0131226,1.00003,0,0,1.47038e+09,0.972992,0.982687,1.35436,1.11919,1,1,1
0,43966.3,8.37963e+08,0.955414,0.169901,1.02374,0.976807,2.62835e+06,0,0.00363159,1.00003,0,0,1.42197e+09,0.971161,0.982338,1.35436,1.11919,1,1,1
0,46468.2,7.78197e+08,0.963989,0.166193,1.0196,0.980774,2.63426e+06,0,0.00579834,1.00003,0,0,1.50314e+09,0.978241,0.971375,1.35436,1.11919,1,1,1
0,47069.8,7.63807e+08,0.969635,0.149382,1.01613,0.984131,2.55258e+06,0,0.0202942,1.00003,0,0,1.52791e+09,0.977173,0.982103,1.35436,1.11919,1,1,1
0,43993.9,8.12215e+08,0.945099,0.22056,1.02928,0.971558,2.70237e+06,0,0.00299072,1.00003,0,0,1.42223e+09,0.967743,0.968155,1.35436,1.11919,1,1,1
0,38636.9,8.80081e+08,0.945068,0.238354,1.02966,0.971191,1.42226e+06,0,0.0242004,1.00003,0,0,1.23589e+09,0.967407,0.961825,1.35436,1.11919,1,1,1
0,34869,8.91517e+08,0.936981,0.192069,1.03327,0.967804,1.51137e+06,0,0.0426025,1.00003,0,0,1.11896e+09,0.964996,0.97327,1.35436,1.11919,1,1,1
0,48071.4,7.58235e+08,0.99704,0.0413432,1.00153,0.998474,5.74164e+06,0,0.0219116,1.00003,0,0,1.57421e+09,0.995819,0.997143,1.35436,1.11919,1,1,1
0,52342.5,6.30985e+08,0.965973,0.138086,1.01764,0.982666,2.36396e+06,0,0.0085144,1.00003,0,0,1.70529e+09,0.9711,0.987764,1.35436,1.11919,1,1,1
0,65350.4,1.06684e+07,0.998657,0.0997945,1.00116,0.99884,2.28055e+06,0,6.10352e-05,1.00003,0,0,2.1413e+09,0.998688,0.997865,1.35436,1.11919,1,1,1
0,50572.8,7.1488e+08,0.981964,0.0953627,1.00912,0.990967,2.38208e+06,0,0.0169983,1.00003,0,0,1.65239e+09,0.981659,0.989195,1.35436,1.11919,1,1,1
0,37766.7,8.23581e+08,0.914764,1.19627,1.0509,0.951569,2.9438e+06,0,0.0132751,1.00003,0,0,1.20124e+09,0.950806,0.932328,1.24225,1.09255,1.03122,1,1
0,54516.4,5.39456e+08,0.963531,0.592117,1.02135,0.979095,3.65725e+06,0,0.00775146,1.00003,0,0,1.77465e+09,0.968414,0.983123,1.24225,1.09255,1.03122,1,1
0,59884.1,3.0377e+08,0.995239,0.139388,1.00309,0.996918,4.21616e+06,0,0.0111694,1.00003,0,0,1.96647e+09,0.98288,0.991345,1.24225,1.09255,1.03122,1,1
0,24292.7,3.80414e+08,0.985229,0.332814,1.00927,0.990814,1632.68,0,0.00180054,1.00003,0,0,7.93516e+08,0.989532,0.983912,1,1,1,1,1
0,14700.1,2.65397e+08,0.864441,2.45392,1.09085,0.916718,2048.92,0,0.00213623,1.00003,0,0,4.56717e+08,0.91571,0.917978,1,1,1,1,1
0,29992.4,4.77048e+08,0.971283,0.122302,1.01468,0.985535,76155.8,0,0.0117188,1.00003,0,0,9.76057e+08,0.980011,0.998019,1.18885,1,1,1,1
0,32350.6,5.41555e+08,0.975464,0.206308,1.01355,0.986633,81331.6,0,0.00848389,1.00003,0,0,1.0525e+09,0.978485,0.993893,1.34328,1,1,1,1
0,31154.3,4.23049e+07,0.999268,0.0227782,1.0004,0.999603,101558,0,0.0103455,1.00003,0,0,1.0266e+09,0.988159,1,1.12022,1,1,1,1
0,32721.3,3.50954e+08,0.97757,0.125675,1.01173,0.988403,281873,0,0.0215759,1.00003,0,0,1.06413e+09,0.975952,0.997507,1.15349,1,1,1,1
0,32405.8,6.83231e+08,0.952148,0.228765,1.0257,0.974945,296282,0,0.0201416,1.00003,0,0,1.05188e+09,0.968414,1,1.14806,1,1,1,1
0,16096.9,4.53122e+08,0.998688,0.0353779,1.00076,0.999237,516970,0,0.00280762,1.00003,0,0,5.23658e+08,0.996216,0.999852,1.36229,1.12405,1,1,1
0,32426.3,7.43648e+07,0.999573,0.0146158,1.00021,0.999786,736047,0,0.000427246,1.00003,0,0,1.06256e+09,0.999481,0.989452,1.36229,1.12405,1,1,1
0,32743.3,3.83721e+07,0.999878,0.0078125,1.00006,0.999939,638963,0,9.15527e-05,1.00003,0,0,1.07292e+09,0.999817,0.999921,1.36229,1.12405,1,1,1
0,36103,1.22026e+08,1,0,1,1,318485,0,0.00012207,1.00003,0,0,1.18302e+09,0.999878,1,1.36229,1.12405,1,1,1
0,35738,1.19258e+08,1,0,1,1,297914,0,0,1.00003,0,0,1.17106e+09,0.999878,0.999809,1.36229,1.12405,1,1,1
0,34568.6,1.4521e+08,1,0,1,1,375238,0,0,1.00003,0,0,1.13274e+09,0.999878,0.999908,1.36229,1.12405,1,1,1
0,35870.4,1.79284e+08,0.999878,0.0078125,1.00006,0.999939,398221,0,0,1.00003,0,0,1.17539e+09,0.999817,0.999886,1.36229,1.12405,1,1,1
0,35973.3,2.00109e+08,1,0,1,1,469048,0,3.05176e-05,1.00003,0,0,1.17877e+09,0.999878,0.999761,1.36229,1.12405,1,1,1
0,35543.5,2.20757e+08,0.999878,0.0078125,1.00006,0.999939,526882,0,0.000305176,1.00003,0,0,1.16468e+09,0.999817,0.99984,1.36229,1.12405,1,1,1
0,34573.7,1.84369e+08,1,0,1,1,493035,0,0.000213623,1.00003,0,0,1.13291e+09,0.999878,1,1.36229,1.12405,1,1,1
0,36095,2.13083e+08,0.999939,0.00552427,1.00003,0.999969,545268,0,9.15527e-05,1.00003,0,0,1.18276e+09,0.999939,1,1.36229,1.12405,1,1,1
0,35000.8,1.87667e+08,0.999939,0.00552427,1.00003,0.999969,596041,0,0.000152588,1.00003,0,0,1.1469e+09,0.999847,1,1.36229,1.12405,1,1,1
0,35401.8,2.01736e+08,0.999512,0.015625,1.00024,0.999756,772554,0,0.00125122,1.00003,0,0,1.15966e+09,0.998901,1,1.36229,1.12405,1,1,1
0,36178.1,2.20265e+08,1,0,1,1,784972,0,0.00012207,1.00003,0,0,1.18548e+09,0.999878,1,1.36229,1.12405,1,1,1
0,37499.2,2.65374e+08,0.999939,0.00552427,1.00003,0.999969,802282,0,0.000152588,1.00003,0,0,1.22877e+09,0.999878,1,1.36229,1.12405,1,1,1
0,40523.6,3.61277e+08,1,0,1,1,818066,0,0.00012207,1.00003,0,0,1.32788e+09,0.999878,1,1.36229,1.12405,1,1,1
0,38390.7,3.77053e+08,0.999542,0.0174697,1.00024,0.999756,870334,0,0.000946045,1.00003,0,0,1.25729e+09,0.999115,1,1.36229,1.12405,1,1,1
0,46845.3,5.29928e+08,0.99292,0.0629965,1.00361,0.996399,864705,0,0.000549316,1.00003,0,0,1.53265e+09,0.992096,0.998459,1.36229,1.12405,1,1,1
0,39315.3,3.22107e+08,0.999878,0.0078125,1.00006,0.999939,286848,0,0.000213623,1.00003,0,0,1.28828e+09,0.999817,0.999776,1.36229,1.12405,1,1,1
0,41216.8,3.32745e+08,1,0,1,1,384820,0,3.05176e-05,1.00003,0,0,1.35059e+09,0.999878,0.999852,1.36229,1.12405,1,1,1
0,37879.3,5.87903e+08,0.993958,0.0549656,1.00303,0.996979,370019,0,0.0119934,1.00003,0,0,1.23783e+09,0.987915,0.999884,1.36229,1.12405,1,1,1
0,39436.9,5.71808e+08,0.989471,0.0730804,1.00531,0.99472,396147,0,0.00915527,1.00003,0,0,1.29042e+09,0.990814,0.999609,1.36229,1.12405,1,1,1
0,44733.1,6.69279e+08,0.992065,0.0629859,1.00398,0.996033,668839,0,0.0108643,1.00003,0,0,1.46141e+09,0.990509,0.999743,1.36229,1.12405,1,1,1
0,42671.8,7.49567e+08,0.97934,0.109861,1.01064,0.989471,761831,0,0.0226135,1.00003,0,0,1.39007e+09,0.984009,0.998202,1.36229,1.12405,1,1,1
0,41835,7.78589e+08,0.978821,0.103645,1.01073,0.98938,440107,0,0.0238342,1.00003,0,0,1.36591e+09,0.978851,0.99957,1.36229,1.12405,1,1,1
0,42561.3,6.99673e+08,0.978271,0.118094,1.01123,0.988892,588917,0,0.0295715,1.00003,0,0,1.3855e+09,0.96817,0.998103,1.36229,1.12405,1,1,1
0,64255.7,7.58535e+07,0.992554,0.0639567,1.0038,0.996216,443280,0,0.0117493,1.00003,0,0,2.10431e+09,0.986237,0.997478,1.36229,1.12405,1,1,1
0,65309.6,1.3504e+07,0.99942,0.0227785,1.00034,0.999664,366882,0,0.00143433,1.00003,0,0,2.14001e+09,0.998596,0.999687,1.36229,1.12405,1,1,1
0,32232.9,1.54423e+07,0.99942,0.0191371,1.00031,0.999695,140585,0,0.00689697,1.00003,0,0,1.05604e+09,0.995941,0.999306,1.36229,1.12405,1,1,1
0,31096.7,4.80836e+08,0.968964,0.127197,1.01587,0.984375,655650,0,0.0345154,1.00003,0,0,1.01007e+09,0.97171,0.992217,1.36229,1.12405,1,1,1
0,31465.6,4.70145e+08,0.980988,0.102493,1.0098,0.990295,219872,0,0.0358276,1.00003,0,0,1.02254e+09,0.978546,0.99609,1.36229,1.12405,1,1,1
0,8359.03,1.90951e+08,0.563904,2.89782,1.33192,0.750793,3.42564e+06,0,0.0104675,1.00003,0,0,1.66173e+08,0.749207,0.776634,1.41812,1.28403,1.00032,1,1
0,32358.9,3.32128e+08,0.999878,0.0078125,1.00006,0.999939,5.62205e+06,0,0.000854492,1.00003,0,0,1.06033e+09,0.999817,0.99675,2.39777,1.41406,1,1.00008,1.00173
0,31621.9,5.45667e+08,0.96051,0.147392,1.0204,0.980011,4.8062e+06,0,0.0304871,1.00003,0,0,1.02641e+09,0.97049,0.98921,2.39777,1.41406,1,1.00008,1.00173
0,32757,4.23222e+08,0.982758,0.0944066,1.00874,0.991333,5.44454e+06,0,0.0134888,1.00003,0,0,1.06844e+09,0.984558,0.994675,2.39777,1.41406,1,1.00008,1.00173
0,31408.9,3.63929e+07,0.993317,0.059759,1.0034,0.996613,6.13031e+06,0,0.0100098,1.00003,0,0,1.02792e+09,0.994171,0.999033,2.39777,1.41406,1,1.00008,1.00173
0,20412.8,5.42204e+08,0.917786,0.211139,1.04327,0.958527,5.7532e+06,0,0.0348816,1.00003,0,0,6.1973e+08,0.9422,0.971941,2.39777,1.41406,1,1.00008,1.00173
0,24330.4,2.27003e+08,0.966553,0.134584,1.01717,0.983124,5.66224e+06,0,0.0213318,1.00003,0,0,7.86772e+08,0.967621,0.991391,2.39777,1.41406,1,1.00008,1.00173
0,33534.4,1.81655e+08,0.9935,0.0589879,1.00331,0.996704,6.24869e+06,0,0.00354004,1.00003,0,0,1.09196e+09,0.996582,0.999369,2.39777,1.41406,1,1.00008,1.00173
0,36941.6,3.47663e+08,0.981659,0.0961593,1.00927,0.990814,5.24218e+06,0,0.0138245,1.00003,0,0,1.19654e+09,0.9841,0.995791,2.39777,1.41406,1,1.00008,1.00173
0,33388.4,6.66078e+08,0.80603,0.313242,1.10778,0.90271,5.25531e+06,0,0.0869446,1.00003,0,0,9.16111e+08,0.871826,0.9512,2.39777,1.41406,1,1.00008,1.00173
0,36241.7,5.15057e+08,0.765137,0.397911,1.1349,0.881134,4.89405e+06,0,0.0620117,1.00003,0,0,9.71855e+08,0.867523,0.966449,2.39777,1.41406,1,1.00008,1.00173
0,31624.4,7.32085e+07,0.996399,0.0441966,1.00183,0.998169,6.24712e+06,0,0.0115967,1.00003,0,0,1.03532e+09,0.993134,0.989824,2.39777,1.41406,1,1.00008,1.00173
0,32566.1,4.54582e+07,0.999939,0.00552427,1.00003,0.999969,6.23616e+06,0,0,1.00003,0,0,1.06712e+09,0.999847,0.999823,2.39777,1.41406,1,1.00008,1.00173
0,32690.1,4.28892e+07,1,0,1,1,6.15244e+06,0,0.00012207,1.00003,0,0,1.07119e+09,0.999908,1,2.39777,1.41406,1,1.00008,1.00173
0,36317.1,1.35283e+08,0.999878,0.0078125,1.00006,0.999939,5.49115e+06,0,0.000305176,1.00003,0,0,1.19003e+09,0.999817,0.999779,2.39777,1.41406,1,1.00008,1.00173
0,37443.1,2.23997e+08,0.999878,0.0078125,1.00006,0.999939,4.81966e+06,0,0.00161743,1.00003,0,0,1.22693e+09,0.999786,0.992308,2.39777,1.41406,1,1.00008,1.00173
0,35282.8,1.73218e+08,1,0,1,1,5.23201e+06,0,0.00360107,1.00003,0,0,1.15615e+09,0.999878,0.991094,2.39777,1.41406,1,1.00008,1.00173
0,34816.6,1.67218e+08,1,0,1,1,5.44416e+06,0,0.000701904,1.00003,0,0,1.14087e+09,0.999878,0.995495,2.39777,1.41406,1,1.00008,1.00173
0,33894.3,1.41232e+08,1,0,1,1,5.58049e+06,0,0.00119019,1.00003,0,0,1.11065e+09,0.999878,0.996658,2.39777,1.41406,1,1.00008,1.00173
0,35419.9,1.86501e+08,0.999878,0.0078125,1.00006,0.999939,5.32833e+06,0,0.000640869,1.00003,0,0,1.16063e+09,0.999817,0.993521,2.39777,1.41406,1,1.00008,1.00173
0,34957.6,1.88148e+08,0.999878,0.0078125,1.00006,0.999939,5.32135e+06,0,0.000488281,1.00003,0,0,1.14548e+09,0.999817,0.991911,2.39777,1.41406,1,1.00008,1.00173
0,37102.6,2.56312e+08,0.999878,0.0078125,1.00006,0.999939,4.91875e+06,0,0.00289917,1.00003,0,0,1.21577e+09,0.999817,0.994474,2.39777,1.41406,1,1.00008,1.00173
0,36622,2.49286e+08,0.999878,0.0078125,1.00006,0.999939,4.97108e+06,0,0.00317383,1.00003,0,0,1.20002e+09,0.999817,0.990574,2.39777,1.41406,1,1.00008,1.00173
0,36574.3,2.52491e+08,0.999817,0.00956832,1.00009,0.999908,4.93577e+06,0,0.00390625,1.00003,0,0,1.19846e+09,0.999786,0.98601,2.39777,1.41406,1,1.00008,1.00173
0,34597,1.9249e+08,0.995178,0.0491007,1.00242,0.997589,6.22174e+06,0,0.00369263,1.00003,0,0,1.13119e+09,0.997162,0.985213,2.39777,1.41406,1,1.00008,1.00173
0,39043.1,2.98257e+08,0.998718,0.0253154,1.00064,0.999359,6.23192e+06,0,6.10352e-05,1.00003,0,0,1.27786e+09,0.999176,0.998636,2.39777,1.41406,1,1.00008,1.00173
0,39483.3,5.47996e+08,0.990234,0.0698763,1.00491,0.995117,4.70266e+06,0,0.0136414,1.00003,0,0,1.28651e+09,0.989075,0.992706,2.39777,1.41406,1,1.00008,1.00173
0,41286.9,5.71938e+08,0.967651,0.127767,1.01647,0.983795,4.54043e+06,0,0.0195618,1.00003,0,0,1.3325e+09,0.980103,0.996627,2.39777,1.41406,1,1.00008,1.00173
0,41605.6,5.53401e+08,0.966614,0.12978,1.01701,0.983276,4.82779e+06,0,0.019104,1.00003,0,0,1.32891e+09,0.98172,0.998517,2.39777,1.41406,1,1.00008,1.00173
0,40427.3,5.91765e+08,0.964417,0.136123,1.01824,0.982086,4.3674e+06,0,0.0215454,1.00003,0,0,1.29478e+09,0.978546,0.996087,2.39777,1.41406,1,1.00008,1.00173
0,48192.7,7.32651e+08,0.994354,0.164055,1.00389,0.996124,1.03998e+06,0,0.000671387,1.00003,0,0,1.57786e+09,0.995941,0.992455,2.39777,1.41406,1,1.00008,1.00173
0,32133.2,1.69973e+07,0.997162,0.038671,1.00144,0.998566,6.37687e+06,0,0.0132446,1.00003,0,0,1.05273e+09,0.998108,0.995746,2.39777,1.41406,1,1.00008,1.00173
0,35783.4,4.56495e+08,0.849701,0.275441,1.08152,0.924622,5.2184e+06,0,0.110809,1.00003,0,0,1.01302e+09,0.868256,0.95261,1.13772,1.02074,1,1,1
0,36207.9,4.52307e+08,0.844879,0.280273,1.08442,0.92215,5.44432e+06,0,0.098877,1.00003,0,0,1.03551e+09,0.908569,0.972493,1.23544,1.04937,1,1,1
0,19660.5,5.69265e+08,0.872253,0.418148,1.07078,0.933899,5.91542e+06,0,0.0426025,1.00003,0,0,5.52507e+08,0.922882,0.934969,1.17239,1.01833,1,1,1
0,7277.7,1.38152e+08,0.561646,3.00988,1.33632,0.748322,3.56128e+06,0,0.0117493,1.00003,0,0,1.34039e+08,0.745697,0.769747,1.15432,1.01947,1,1,1
0,13910.8,3.56136e+08,0.645111,10.2741,1.32471,0.754883,410642,0,0.434235,1.00003,0,0,3.81662e+08,0.745148,0.58708,1.13393,1.02618,1,1,1
0,37076.8,2.96815e+08,0.956818,0.149263,1.02221,0.978271,7.08968e+06,0,0.0464478,1.00003,0,0,1.13555e+09,0.95517,0.996042,1.13393,1.02618,1,1,1
0,31179.2,4.17073e+07,0.997894,0.0336038,1.00107,0.998932,6.22191e+06,0,0.00631714,1.00003,0,0,1.02258e+09,0.993225,0.999778,1.20819,1,1,1,1
0,27293.2,1.17253e+08,0.999634,0.0135316,1.00018,0.999817,1.13685e+07,0,0.00665283,1.00003,0,0,8.94315e+08,0.999512,0.996793,1.17464,1.06995,1,1,1
0,35273.3,2.26886e+08,0.975769,0.110062,1.01226,0.987885,6.71259e+06,0,0.0152588,1.00003,0,0,1.12723e+09,0.986328,0.988849,1.12052,1.00533,1,1,1
0,31782.2,1.05971e+08,0.96167,0.139749,1.0196,0.980774,6.08576e+06,0,0.00842285,1.00003,0,0,1.01784e+09,0.976196,0.983358,1.26214,1,1,1,1
0,32028.5,4.52715e+07,0.999634,0.0135316,1.00018,0.999817,6.40651e+06,0,0.000610352,1.00003,0,0,1.04912e+09,0.998566,0.999767,1.26214,1,1,1,1
0,32214.7,4.16795e+07,1,0,1,1,6.47724e+06,0,0,1.00003,0,0,1.05561e+09,1,0.999864,1.26214,1,1,1,1
0,32140.3,4.81067e+07,1,0,1,1,6.36354e+06,0,3.05176e-05,1.00003,0,0,1.05317e+09,0.999878,0.999917,1.26214,1,1,1,1
0,35473.4,1.89515e+08,0.999634,0.0135316,1.00018,0.999817,5.46003e+06,0,0.00161743,1.00003,0,0,1.16188e+09,0.999634,0.997258,1.26214,1,1,1,1
0,33508.1,1.20154e+08,0.999939,0.00552427,1.00003,0.999969,5.83339e+06,0,0.000549316,1.00003,0,0,1.09799e+09,0.999847,0.997065,1.26214,1,1,1,1
0,32370.3,1.0971e+08,0.999756,0.0110485,1.00012,0.999878,5.86521e+06,0,0.000335693,1.00003,0,0,1.06045e+09,0.999481,0.998786,1.26214,1,1,1,1
0,34990,1.84207e+08,0.999939,0.00552427,1.00003,0.999969,5.50202e+06,0,0.000274658,1.00003,0,0,1.14655e+09,0.999878,0.995618,1.26214,1,1,1,1
0,34942.3,1.82045e+08,0.999878,0.0078125,1.00006,0.999939,5.50504e+06,0,0.000305176,1.00003,0,0,1.14498e+09,0.999817,0.997178,1.26214,1,1,1,1
0,39696.1,2.9317e+08,0.999817,0.00956832,1.00009,0.999908,4.76666e+06,0,0.003479,1.00003,0,0,1.30063e+09,0.999725,0.994295,1.26214,1,1,1,1
0,50677.8,3.88033e+08,0.99823,0.0297491,1.00089,0.999115,2.51052e+06,0,0.019928,1.00003,0,0,1.6589e+09,0.998993,0.983277,1.26214,1,1,1,1
0,35702.5,1.9208e+08,0.999695,0.0123526,1.00015,0.999847,6.64703e+06,0,0.0083313,1.00003,0,0,1.16626e+09,0.998016,0.996534,1.26214,1,1,1,1
0,39797.9,2.88444e+08,0.996399,0.0424327,1.0018,0.998199,7.71179e+06,0,0.0010376,1.00003,0,0,1.30005e+09,0.997955,0.998992,1.26214,1,1,1,1
0,43062.9,6.65559e+08,0.971954,0.121177,1.01433,0.98587,4.39664e+06,0,0.0278015,1.00003,0,0,1.38985e+09,0.976105,0.991273,1.26214,1,1,1,1
0,42114.9,6.43935e+08,0.968353,0.127788,1.01616,0.9841,4.28205e+06,0,0.0280762,1.00003,0,0,1.35565e+09,0.970551,0.988158,1.26214,1,1,1,1
0,43768,6.90848e+08,0.945923,0.170447,1.02795,0.972809,4.19187e+06,0,0.0192871,1.00003,0,0,1.39134e+09,0.969299,0.973588,1.26214,1,1,1,1
0,64413.8,6.6514e+07,0.997284,0.043153,1.00144,0.998566,1.92863e+06,0,0.0114136,1.00003,0,0,2.10991e+09,0.990204,0.996873,1.26214,1,1,1,1
0,31853,2.35471e+07,0.99765,0.0382772,1.00122,0.998779,6.74641e+06,0,0.0116272,1.00003,0,0,1.04354e+09,0.998108,0.996839,1.26214,1,1,1,1
0,36439.1,4.93116e+08,0.836639,0.290466,1.08969,0.917694,5.71947e+06,0,0.0768738,1.00003,0,0,1.01983e+09,0.893616,0.941054,1.21714,1.00664,1,1,1
0,13505.8,3.41045e+08,0.614716,11.2294,1.37013,0.729858,406111,0,0.50824,1.00003,0,0,3.67853e+08,0.717285,0.681174,1.26214,1,1,1,1
0,16046.2,4.3717e+08,0.649323,10.4686,1.32001,0.757568,578384,0,0.514618,1.00003,0,0,4.51183e+08,0.742981,0.726565,1.26214,1,1,1,1
0,31555.8,3.3352e+07,0.99939,0.0213964,1.00034,0.999664,6.17697e+06,0,0.0103455,1.00003,0,0,1.03853e+09,0.988861,0.997485,1.26214,1,1,1,1
0,25839.3,3.39401e+08,0.921173,0.354409,1.04323,0.958557,5.62489e+06,0,0.022644,1.00003,0,0,7.85644e+08,0.951416,0.981974,1.26214,1,1,1,1
0,35691.5,2.52287e+08,0.97522,0.111992,1.01258,0.987579,6.15879e+06,0,0.00881958,1.00003,0,0,1.1427e+09,0.987305,0.995969,1.26214,1,1,1,1
0,37085.1,2.83236e+08,0.976776,0.108108,1.01176,0.988373,5.61266e+06,0,0.0143433,1.00003,0,0,1.21079e+09,0.984558,0.998752,1.26214,1,1,1,1
0,37910.1,3.01092e+08,0.993988,0.0555197,1.00303,0.996979,5.2487e+06,0,0.00811768,1.00003,0,0,1.23923e+09,0.990021,0.999757,1.26214,1,1,1,1
0,31904.1,2.31899e+07,0.999878,0.0078125,1.00006,0.999939,6.28458e+06,0,9.15527e-05,1.00003,0,0,1.04543e+09,0.999817,1,1.26214,1,1,1,1
0,31836.1,4.02328e+07,0.999451,0.0206708,1.00031,0.999695,6.16485e+06,0,0.000335693,1.00003,0,0,1.04277e+09,0.99881,0.9999,1.26214,1,1,1,1
0,35262,1.57103e+08,0.999817,0.00956832,1.00009,0.999908,5.39754e+06,0,0,1.00003,0,0,1.15545e+09,0.999786,1,1.26214,1,1,1,1
0,36522.5,1.79015e+08,0.999695,0.0123526,1.00015,0.999847,5.22123e+06,0,0.00012207,1.00003,0,0,1.19656e+09,0.999725,0.999723,1.26214,1,1,1,1
0,34778.4,1.49578e+08,0.999878,0.0078125,1.00006,0.999939,6.23429e+06,0,0.000183105,1.00003,0,0,1.13961e+09,0.999817,1,1.26214,1,1,1,1
0,34476.6,1.54256e+08,0.999878,0.0078125,1.00006,0.999939,6.17714e+06,0,0.000183105,1.00003,0,0,1.12972e+09,0.999817,1,1.26214,1,1,1,1
0,34037.8,1.6571e+08,0.999878,0.0078125,1.00006,0.999939,5.32105e+06,0,0.000183105,1.00003,0,0,1.11534e+09,0.999817,0.999769,1.28102,1.00883,1,1,1
0,33707,1.70684e+08,0.999878,0.0078125,1.00006,0.999939,5.2825e+06,0,0.00012207,1.00003,0,0,1.1045e+09,0.999817,0.999925,1.26214,1,1,1,1
0,34482.4,2.07972e+08,0.999756,0.0110485,1.00012,0.999878,5.36862e+06,0,0,1.00003,0,0,1.12978e+09,0.999756,0.999777,1.26214,1,1,1,1
0,38489.7,2.62019e+08,0.999786,0.0135319,1.00012,0.999878,5.06497e+06,0,0.000213623,1.00003,0,0,1.26089e+09,0.999207,1,1.26214,1,1,1,1
0,48672.8,4.77461e+08,0.999634,0.0135316,1.00018,0.999817,2.83708e+06,0,0.00201416,1.00003,0,0,1.59476e+09,0.999695,0.999728,1.26214,1,1,1,1
0,36210,5.01958e+08,0.848907,0.276146,1.08199,0.924225,5.91271e+06,0,0.0957031,1.00003,0,0,1.02525e+09,0.873322,0.955167,1.11214,1.02214,1,1,1
0,20578.9,5.9065e+08,0.83429,0.416102,1.09292,0.914978,5.87526e+06,0,0.0305176,1.00003,0,0,5.67822e+08,0.903656,0.930545,1.11214,1.02214,1,1,1
0,30649.1,3.92442e+08,0.975677,0.110618,1.01233,0.987823,5.89065e+06,0,0.0180054,1.00003,0,0,9.76724e+08,0.977112,0.997338,1.06814,1,1,1,1
0,31392.2,3.61498e+07,0.998871,0.0253161,1.00058,0.99942,6.59772e+06,0,0.011261,1.00003,0,0,1.02952e+09,0.993439,0.999575,1,1.17848,1,1,1
0,26265.9,3.44952e+08,0.912842,0.37075,1.04791,0.954285,5.61311e+06,0,0.0346985,1.00003,0,0,7.94957e+08,0.942719,0.984792,1.15061,1,1,1,1
0,60730.8,2.7114e+08,0.999603,0.0253174,1.00027,0.999725,286586,0,0.000732422,1.00003,0,0,1.98999e+09,0.998993,0.999796,1.219,1.01887,1,1,1
0,34223.1,2.20774e+08,0.96936,0.124381,1.01559,0.98465,6.78095e+06,0,0.0125732,1.00003,0,0,1.08835e+09,0.984253,0.994755,1.219,1.01887,1,1,1
0,35438.5,2.65489e+08,0.985565,0.0854035,1.00729,0.992767,5.89005e+06,0,0.00790405,1.00003,0,0,1.14917e+09,0.983612,0.997313,1.219,1.01887,1,1,1
0,37297.5,2.6639e+08,0.987244,0.0808164,1.00645,0.993591,5.84533e+06,0,0.00500488,1.00003,0,0,1.21934e+09,0.992859,0.996294,1.219,1.01887,1,1,1
0,31964.1,2.197e+07,0.999817,0.00956832,1.00009,0.999908,6.59185e+06,0,3.05176e-05,1.00003,0,0,1.04739e+09,0.999786,0.999758,1.219,1.01887,1,1,1
0,31843.1,2.48593e+07,0.999878,0.0078125,1.00006,0.999939,6.57238e+06,0,0,1.00003,0,0,1.04343e+09,0.999786,0.999801,1.219,1.01887,1,1,1
0,31600.2,3.38751e+07,0.999176,0.0220977,1.00043,0.999573,6.36679e+06,0,9.15527e-05,1.00003,0,0,1.03502e+09,0.999298,0.99956,1.219,1.01887,1,1,1
0,35664.2,1.16735e+08,0.999756,0.0110485,1.00012,0.999878,5.93095e+06,0,0.000244141,1.00003,0,0,1.16863e+09,0.999756,1,1.219,1.01887,1,1,1
0,37661.1,1.66628e+08,0.999023,0.0220971,1.00049,0.999512,5.24649e+06,0,0.000244141,1.00003,0,0,1.23309e+09,0.999329,0.99945,1.219,1.01887,1,1,1
0,37102.9,2.25329e+08,0.999634,0.0135316,1.00018,0.999817,5.27761e+06,0,6.10352e-05,1.00003,0,0,1.21552e+09,0.999634,0.999712,1.219,1.01887,1,1,1
0,36846.9,2.80968e+08,0.999146,0.0206699,1.00043,0.999573,5.09547e+06,0,0.000610352,1.00003,0,0,1.20686e+09,0.998444,0.999846,1.219,1.01887,1,1,1
0,50059.6,3.79059e+08,0.998657,0.0259111,1.00067,0.999329,3.24374e+06,0,9.15527e-05,1.00003,0,0,1.63916e+09,0.999207,0.999163,1.219,1.01887,1,1,1
0,50030.9,3.85619e+08,0.997559,0.03706,1.00125,0.998749,3.07568e+06,0,0.00131226,1.00003,0,0,1.63829e+09,0.996246,0.999589,1.219,1.01887,1,1,1
0,43294.9,6.35396e+08,0.973022,0.435948,1.01676,0.983521,5.75436e+06,0,0.000213623,1.00003,0,0,1.40041e+09,0.983215,0.994875,1.219,1.01887,1,1,1
0,47981.9,5.71845e+08,0.978485,0.116654,1.01108,0.989044,5.12933e+06,0,0.0122375,1.00003,0,0,1.55153e+09,0.983337,0.991983,1.219,1.01887,1,1,1
0,43134.8,6.50047e+08,0.936462,0.179455,1.03291,0.96814,3.98667e+06,0,0.0143433,1.00003,0,0,1.36161e+09,0.965668,0.985984,1.219,1.01887,1,1,1
0,31852.5,2.39496e+07,0.998047,0.03125,1.00098,0.999023,6.59061e+06,0,0.000549316,1.00003,0,0,1.04353e+09,0.997162,0.998431,1.11448,1,1,1,1
0,37119.1,4.61402e+08,0.849976,0.276224,1.08149,0.924652,5.91501e+06,0,0.072113,1.00003,0,0,1.06599e+09,0.890656,0.955903,1.11448,1,1,1,1
0,6790.67,1.09921e+08,0.543243,2.85089,1.3497,0.740906,2.38527e+06,0,0.0187378,1.00003,0,0,1.33183e+08,0.737305,0.74847,1.14606,1.00684,1,1,1
0,28929.1,4.39446e+08,0.822479,0.298423,1.09757,0.911102,4.905e+06,0,0.15155,1.00003,0,0,8.97998e+08,0.861603,0.987993,1.08077,1.00408,1,1,1
0,35012.2,2.25736e+08,0.985962,0.0837776,1.00707,0.992981,7.15869e+06,0,0.00720215,1.00003,0,0,1.13202e+09,0.992767,0.99985,1.32507,1.02943,1,1,1
0,38004.4,6.93756e+08,0.87912,0.254309,1.06507,0.938904,5.12918e+06,0,0.0539246,1.00003,0,0,1.13249e+09,0.931244,0.989038,1.32507,1.02943,1,1,1
0,33408.8,2.47571e+08,0.975159,0.112129,1.01261,0.987549,6.86663e+06,0,0.0155029,1.00003,0,0,1.08529e+09,0.985321,0.99979,1.32507,1.02943,1,1,1
0,31138.2,3.80468e+08,0.960175,0.166615,1.02078,0.979645,5.19935e+06,0,0.0128784,1.00003,0,0,9.85832e+08,0.972443,0.996466,1.32507,1.02943,1,1,1
0,31611.8,5.06948e+08,0.793823,0.32406,1.11558,0.896393,5.99332e+06,0,0.0207825,1.00003,0,0,8.47849e+08,0.877319,0.925441,1.32507,1.02943,1,1,1
0,32341.8,7.55456e+07,0.9776,0.105823,1.01133,0.9888,6.23933e+06,0,0.00158691,1.00003,0,0,1.03622e+09,0.988647,0.986216,1.32507,1.02943,1,1,1
0,32355.4,3.65055e+07,0.999481,0.0183224,1.00027,0.999725,6.27401e+06,0,0.000823975,1.00003,0,0,1.05979e+09,0.998474,0.999693,1.32507,1.02943,1,1,1
0,32262.8,3.53757e+07,0.999878,0.0078125,1.00006,0.999939,6.296e+06,0,0,1.00003,0,0,1.05718e+09,0.999817,0.999809,1.32507,1.02943,1,1,1
0,32355.1,3.93996e+07,0.999878,0.0078125,1.00006,0.999939,6.22259e+06,0,0,1.00003,0,0,1.06021e+09,0.999817,0.999859,1.32507,1.02943,1,1,1
0,35926.2,1.30498e+08,0.999817,0.00956832,1.00009,0.999908,5.74868e+06,0,6.10352e-05,1.00003,0,0,1.17716e+09,0.999756,0.999847,1.32507,1.02943,1,1,1
0,36349.5,1.5738e+08,0.998962,0.0227772,1.00052,0.999481,5.72257e+06,0,0.000213623,1.00003,0,0,1.18999e+09,0.999298,0.999408,1.32507,1.02943,1,1,1
0,36018.7,1.3964e+08,0.999268,0.0191366,1.00037,0.999634,5.7942e+06,0,0.00012207,1.00003,0,0,1.17972e+09,0.999512,0.999629,1.32507,1.02943,1,1,1
0,35607.5,1.55157e+08,0.99939,0.0174693,1.00031,0.999695,5.46086e+06,0,0.000183105,1.00003,0,0,1.16626e+09,0.999573,0.999879,1.32507,1.02943,1,1,1
0,34797.7,1.64254e+08,0.999664,0.0156254,1.00018,0.999817,5.43857e+06,0,3.05176e-05,1.00003,0,0,1.14022e+09,0.999695,0.999774,1.32507,1.02943,1,1,1
0,36742.9,2.20751e+08,0.999207,0.019918,1.0004,0.999603,5.5924e+06,0,6.10352e-05,1.00003,0,0,1.20351e+09,0.999451,0.999466,1.32507,1.02943,1,1,1
0,37684.8,2.25194e+08,0.99939,0.0174693,1.00031,0.999695,4.89092e+06,0,0.000244141,1.00003,0,0,1.23432e+09,0.999451,0.999543,1.32507,1.02943,1,1,1
0,35990.7,1.94491e+08,0.999878,0.0078125,1.00006,0.999939,5.32518e+06,0,0,1.00003,0,0,1.17921e+09,0.999817,0.999856,1.32507,1.02943,1,1,1
0,34603.4,2.24185e+08,0.999512,0.015625,1.00024,0.999756,5.15905e+06,0,0.000732422,1.00003,0,0,1.13355e+09,0.99823,0.999823,1.32507,1.02943,1,1,1
0,35333.5,2.25831e+08,0.999573,0.0146158,1.00021,0.999786,5.26149e+06,0,0.000152588,1.00003,0,0,1.15747e+09,0.999542,0.999732,1.32507,1.02943,1,1,1
0,35790.4,2.34635e+08,0.999939,0.00552427,1.00003,0.999969,5.16446e+06,0,3.05176e-05,1.00003,0,0,1.17271e+09,0.999817,0.999885,1.32507,1.02943,1,1,1
0,42119.5,5.30992e+08,0.989929,0.0709596,1.00506,0.994965,3.77708e+06,0,0.00469971,1.00003,0,0,1.37612e+09,0.991394,0.999375,1.32507,1.02943,1,1,1
0,35279.3,2.07409e+08,0.99646,0.0420715,1.00177,0.99823,7.10373e+06,0,0.0183411,1.00003,0,0,1.14351e+09,0.991455,0.998639,1.32507,1.02943,1,1,1
0,41213.2,3.04355e+08,0.995728,0.0462193,1.00214,0.997864,7.0317e+06,0,3.05176e-05,1.00003,0,0,1.34577e+09,0.99762,0.996961,1.32507,1.02943,1,1,1
0,44190.2,6.22044e+08,0.967712,0.127041,1.01641,0.983856,6.52666e+06,0,0.011322,1.00003,0,0,1.42158e+09,0.979187,0.988086,1.32507,1.02943,1,1,1
0,41609.7,6.37846e+08,0.94104,0.172526,1.03044,0.970459,4.59125e+06,0,0.0201111,1.00003,0,0,1.30221e+09,0.961334,0.982804,1.32507,1.02943,1,1,1
0,64602.6,5.5664e+07,0.99823,0.0322135,1.00092,0.999084,2.21782e+06,0,0.00665283,1.00003,0,0,2.11652e+09,0.998077,0.998869,1.32507,1.02943,1,1,1
0,32178.6,1.57749e+07,0.99649,0.0452229,1.0018,0.998199,6.44607e+06,0,0.000274658,1.00003,0,0,1.05412e+09,0.997986,0.997433,1.32507,1.02943,1,1,1
0,13123.7,3.37873e+08,0.692383,8.8333,1.28175,0.780182,2.22884e+06,0,0.217987,1.00003,0,0,3.671e+08,0.765228,0.808237,1.26966,1.06571,1.01358,1.0002,1.00256
0,7415.75,1.41159e+08,0.69339,2.08849,1.21394,0.823761,721210,0,0.00997925,1.00003,0,0,1.90662e+08,0.819366,0.754829,1.12815,1.07732,1,1.0001,1.00955
0,31412.7,3.749e+07,0.998322,0.0302585,1.00086,0.999146,6.30234e+06,0,0.0134583,1.00003,0,0,1.02876e+09,0.994507,0.999471,1,1.1777,1,1,1
0,42411.4,3.6592e+08,0.888763,0.242601,1.05963,0.943726,7.98479e+06,0,0.135559,1.00003,0,0,1.25066e+09,0.861786,0.994549,1,1.1777,1,1,1
0,34323.7,2.20146e+08,0.975952,0.109646,1.01217,0.987976,6.99945e+06,0,0.0133362,1.00003,0,0,1.09619e+09,0.986511,0.999879,1,1.1777,1,1,1
0,36867.8,2.65098e+08,0.990295,0.0696576,1.00488,0.995148,5.9129e+06,0,0.0105591,1.00003,0,0,1.20508e+09,0.988403,0.995717,1,1.1777,1,1,1
0,32473.2,7.25229e+07,0.980347,0.0991246,1.00992,0.990173,6.43287e+06,0,0.00161743,1.00003,0,0,1.04455e+09,0.990051,0.990753,1,1.1777,1,1,1
0,32192.5,5.33281e+07,0.999786,0.0135319,1.00012,0.999878,6.21322e+06,0,0.000518799,1.00003,0,0,1.05443e+09,0.999084,0.999784,1,1.1777,1,1,1
0,36325.2,1.22158e+08,0.999878,0.0078125,1.00006,0.999939,5.93217e+06,0,0.000183105,1.00003,0,0,1.1903e+09,0.999817,1,1,1.1777,1,1,1
0,34608.4,1.13933e+08,0.999878,0.0078125,1.00006,0.999939,6.10336e+06,0,0.000152588,1.00003,0,0,1.13398e+09,0.999786,1,1,1.1777,1,1,1
0,35837.9,1.44949e+08,0.997253,0.0370579,1.00138,0.998627,6.18765e+06,0,0.00134277,1.00003,0,0,1.17145e+09,0.998474,0.999921,1,1.1777,1,1,1
0,34977.1,1.62102e+08,0.999756,0.0110485,1.00012,0.999878,5.60743e+06,0,6.10352e-05,1.00003,0,0,1.14599e+09,0.999756,0.999795,1,1.1777,1,1,1
0,35519.5,1.7376e+08,0.999451,0.0165728,1.00027,0.999725,5.66646e+06,0,0.000274658,1.00003,0,0,1.16331e+09,0.999603,0.99989,1,1.1777,1,1,1
0,36260.5,1.95199e+08,0.999695,0.0123526,1.00015,0.999847,5.42029e+06,0,0.000244141,1.00003,0,0,1.18767e+09,0.999634,0.999823,1,1.1777,1,1,1
0,37489.4,2.25652e+08,0.999634,0.0135316,1.00018,0.999817,5.1484e+06,0,0.000152588,1.00003,0,0,1.22806e+09,0.999695,0.999892,1,1.1777,1,1,1
0,36034.4,2.04837e+08,0.999329,0.0183219,1.00034,0.999664,5.30389e+06,0,0.000335693,1.00003,0,0,1.18005e+09,0.999542,0.999788,1,1.1777,1,1,1
0,35934.3,2.1376e+08,0.999573,0.0146158,1.00021,0.999786,5.30152e+06,0,0.000274658,1.00003,0,0,1.17691e+09,0.999603,0.999856,1,1.1777,1,1,1
0,34362.5,1.97297e+08,0.999695,0.0123526,1.00015,0.999847,5.50236e+06,0,0.00012207,1.00003,0,0,1.12573e+09,0.999695,0.999795,1,1.1777,1,1,1
0,34616.3,1.94358e+08,0.999451,0.0165728,1.00027,0.999725,5.64214e+06,0,0.000213623,1.00003,0,0,1.13384e+09,0.999603,0.999826,1,1.1777,1,1,1
0,42329.7,5.45451e+08,0.999329,0.0183219,1.00034,0.999664,3.09943e+06,0,0.000732422,1.00003,0,0,1.38646e+09,0.999481,0.999707,1,1.1777,1,1,1
0,47009,4.06084e+08,0.998535,0.0270633,1.00073,0.999268,2.87796e+06,0,0.000396729,1.00003,0,0,1.53918e+09,0.999115,0.999207,1,1.1777,1,1,1
0,38159.6,5.90052e+08,0.632965,0.747493,1.23174,0.811859,5.59731e+06,0,0.138885,1.00003,0,0,8.91363e+08,0.810028,0.941638,1,1.1777,1,1,1
0,35084.9,1.79617e+08,0.998596,0.0264935,1.0007,0.999298,7.60487e+06,0,0.000152588,1.00003,0,0,1.14809e+09,0.999084,0.997602,1,1.1777,1,1,1
0,36706.6,2.29464e+08,0.998779,0.0247053,1.00061,0.99939,7.24859e+06,0,0.000946045,1.00003,0,0,1.19952e+09,0.99826,0.998046,1,1.1777,1,1,1
0,42897.9,5.76844e+08,0.96286,0.138781,1.01906,0.981293,6.83043e+06,0,0.021759,1.00003,0,0,1.3572e+09,0.971008,0.995201,1,1.1777,1,1,1
0,64192.5,7.99259e+07,0.993988,0.0568805,1.00306,0.996948,2.0627e+06,0,0.00106812,1.00003,0,0,2.10073e+09,0.994934,0.99848,1,1.1777,1,1,1
0,65160.3,2.26623e+07,0.997864,0.037877,1.00113,0.998871,2.25832e+06,0,0.00128174,1.00003,0,0,2.13489e+09,0.997925,0.998933,1,1.1777,1,1,1
0,39188.8,5.30173e+08,0.794556,0.326199,1.11562,0.896362,5.95825e+06,0,0.10788,1.00003,0,0,1.06098e+09,0.816223,0.945168,1,1.1777,1,1,1
0,8127.45,1.64303e+08,0.566406,4.16252,1.33333,0.75,3.52202e+06,0,0.0213013,1.00003,0,0,1.57047e+08,0.728821,0.762115,1.16366,1,1,1,1
0,32728.1,6.39959e+08,0.761047,9.20318,1.2721,0.786102,4144.88,0,0.0264282,1.00003,0,0,1.02117e+09,0.734161,0.712937,1,1,1,1,1
0,55417.8,3.69472e+08,0.242828,4.51362,2.90961,0.343689,11882.3,0,0.0910645,1.00003,0,0,6.57257e+08,0.246857,0.482167,1,1,1,1,1
0,12725.4,3.35848e+08,0.247955,38.8473,3.04847,0.328033,33824.3,0,0.0228577,1.00003,0,0,2.6626e+08,0.274078,0.341101,1.47621,1.12341,1.04162,1.04087,1.01204
0,54435,3.92594e+08,0.172089,5.27542,3.54747,0.281891,35340.1,0,0.0612793,1.00003,0,0,5.10114e+08,0.170105,0.505558,1.1335,1.09329,1.00001,1,1
0,26966,8.00078e+08,0.299042,28.9355,2.66125,0.375763,60344.7,0,0.00891113,1.00003,0,0,5.54299e+08,0.316681,0.254136,1.8612,1.16998,1.00805,1.03957,1.01243
0,7163.41,9.1465e+07,0.116486,53.2653,5.09453,0.196289,19575,0,0.0517273,1.00003,0,0,8.70456e+07,0.122253,0.170294,1.25484,1.22504,1,1.07886,1
0,9691.89,2.30551e+08,0.158234,44.3601,4.36035,0.22934,55678.9,0,0.0288086,1.00003,0,0,1.75045e+08,0.158417,0.203151,1.24856,1.095,1.04705,1.00695,1.00795
0,27127.9,8.09268e+08,0.314026,27.3504,2.38313,0.419617,157751,0,0.0509033,1.00003,0,0,6.34247e+08,0.374878,0.243012,1.22509,1,1.04896,1.03064,1.01758
0,6215.39,3.23329e+07,0.0968008,61.9848,7.03033,0.142241,383.285,0,0,1.00005,0,0,3.60376e+07,0.142241,0.132835,1,1,1,1,1
0,7259.23,1.01211e+08,0.120453,54.2455,5.77715,0.173096,983.656,0,0.00894165,1.00003,0,0,9.64014e+07,0.146576,0.158367,1,1,1,1,1
0,6373.22,3.31442e+07,0.0948486,90.0558,8.48033,0.11792,1697.11,0,0.020874,1.00003,0,0,5.34446e+07,0.101471,0.101534,1,1,1,1,1
0,6389.8,3.53219e+07,0.103821,80.2401,7.50011,0.133331,4096.47,0,0.0340271,1.00003,0,0,5.55684e+07,0.11731,0.111265,1,1,1,1,1
0,6500.28,3.69985e+07,0.0939026,85.9732,8.27684,0.120819,9211.78,0,0.0234375,1.00003,0,0,5.62903e+07,0.10437,0.110288,1,1,1,1,1
0,6376.11,1.02734e+08,0.103638,81.6468,7.64179,0.130859,10425,0,0.0299988,1.00003,0,0,5.67818e+07,0.114746,0.116999,1,1,1,1,1
0,6350.64,3.53942e+07,0.114594,72.1138,6.54705,0.15274,13162.3,0,0.0471497,1.00003,0,0,5.84535e+07,0.137146,0.123676,1,1,1,1,1
0,8132.11,9.97595e+07,0.171356,53.7414,4.60354,0.217224,21399.1,0,0.0305786,1.00003,0,0,1.28348e+08,0.194885,0.105236,1,1,1,1,1
0,6604.84,4.66764e+07,0.123291,72.4088,6.5003,0.153839,18112.5,0,0.0276489,1.00003,0,0,6.68544e+07,0.136719,0.141249,1,1,1,1,1
0,7350.2,1.02664e+08,0.117096,57.9333,5.81096,0.172089,20813.4,0,0.0339966,1.00003,0,0,9.17709e+07,0.14975,0.102185,2.11687,1.25904,1.08932,1.05984,1
0,7176.06,9.88499e+07,0.11734,58.0167,5.9883,0.166992,25670.3,0,0.022644,1.00003,0,0,9.39064e+07,0.117798,0.103647,2.11687,1.25904,1.08932,1.05984,1
0,6109.47,3.00027e+07,0.111389,71.7555,6.85954,0.145782,18437.7,0,0.0263367,1.00003,0,0,5.58111e+07,0.129456,0.0906647,1.856,1.00003,1.21991,1,1
0,6201.78,3.43052e+07,0.112122,72.8684,6.7927,0.147217,18950.2,0,0.0255432,1.00003,0,0,5.71479e+07,0.127869,0.0925882,1.856,1.00003,1.21991,1,1
0,5750.42,1.5324e+08,0.098114,75.1272,7.48128,0.133667,25064.7,0,0.00305176,1.00003,0,0,3.44684e+07,0.096344,0.0969507,3.13378,1.01401,1.00148,1.00043,1.00005
0,5865.17,2.3353e+07,0.0952759,87.4423,8.3252,0.120117,29567.4,0,0.000823975,1.00003,0,0,3.05193e+07,0.103271,0.101544,3.13378,1.01401,1.00148,1.00043,1.00005
0,7419.38,2.13509e+08,0.133759,58.6959,5.45406,0.18335,29941,0,0.00778198,1.00003,0,0,8.45266e+07,0.165039,0.0976659,3.13378,1.01401,1.00148,1.00043,1.00005
0,6893.09,4.42282e+07,0.104309,83.3925,7.79263,0.128326,21170.7,0,0.0230713,1.00003,0,0,6.41679e+07,0.111816,0.103029,1.86226,1.23728,1.11136,1.03045,1.00585
0,6599.34,4.09699e+07,0.107391,74.9233,7.11265,0.140594,21157,0,0.0201721,1.00003,0,0,6.02598e+07,0.122375,0.0929036,1.54438,1.20344,1.04058,1,1
0,7806.25,9.40491e+07,0.109772,60.3736,5.90202,0.169434,27228.8,0,0.0210266,1.00003,0,0,9.41798e+07,0.13382,0.100854,1.46264,1.21068,1.05078,1,1
0,7728.19,7.21091e+07,0.135071,67.8038,5.79349,0.172607,29283.2,0,0.0183716,1.00003,0,0,9.82077e+07,0.140411,0.134247,1.47925,1.17819,1.05516,1,1
0,6928.08,4.62787e+07,0.106598,81.1065,7.54675,0.132507,21195.6,0,0.023407,1.00003,0,0,6.5364e+07,0.114258,0.110149,1.44292,1.20174,1.04164,1,1
0,7204.14,7.35429e+07,0.11615,66.9903,6.50288,0.153778,22657.9,0,0.0269165,1.00003,0,0,8.05581e+07,0.136322,0.0953607,2.61895,1.08344,1.00369,1,1
0,8277.17,1.13315e+08,0.138855,60.4973,5.46771,0.182892,39041.9,0,0.0196838,1.00003,0,0,1.2011e+08,0.148743,0.108655,2.36811,1.50909,1.00039,1,1
0,6773.59,4.8366e+07,0.101959,75.232,7.19543,0.138977,21569.4,0,0.0198669,1.00003,0,0,6.47736e+07,0.121796,0.0906246,2.36811,1.50909,1.00039,1,1
0,6838.47,4.56908e+07,0.102051,85.408,7.98635,0.125214,20233.2,0,0.0248718,1.00003,0,0,6.45581e+07,0.108765,0.0858015,2.36811,1.50909,1.00039,1,1
0,6767.72,4.56545e+07,0.103058,77.1033,7.31102,0.13678,21005.5,0,0.0260315,1.00003,0,0,6.34404e+07,0.120544,0.0911603,2.06797,1.13501,1.31023,1.00038,1
0,65160.8,2.08046e+07,0.999268,0.0552562,1.00061,0.99939,52270.9,0,0.000732422,1.00003,0,0,2.13511e+09,0.999237,1,1,1,1,1,1
0,64773.2,3.61053e+07,0.999359,0.0472088,1.00052,0.999481,82892.9,0,0.000518799,1.00003,0,0,2.12242e+09,0.999359,0.99995,1,1,1,1,1
0,64435.7,5.01114e+07,0.999329,0.0500351,1.00055,0.999451,78726.4,0,0.000183105,1.00003,0,0,2.11136e+09,0.999329,0.999319,1,1,1,1,1
0,63402.5,1.01905e+08,0.999207,0.0610344,1.00067,0.999329,101970,0,0.00012207,1.00003,0,0,2.07748e+09,0.999207,0.999472,1,1,1,1,1
0,61367.8,1.67048e+08,0.999268,0.0503398,1.00058,0.99942,108358,0,0,1.00003,0,0,2.0108e+09,0.999298,0.999312,1,1,1,1,1
0,65345.4,9.86438e+06,0.999329,0.0500351,1.00055,0.999451,278525,0,0,1.00003,0,0,2.14116e+09,0.999329,0.999324,1,1,1,1,1
0,64876.4,3.02453e+07,0.999329,0.0500351,1.00055,0.999451,278468,0,0,1.00003,0,0,2.1258e+09,0.999329,0.999298,1,1,1,1,1
0,63461.4,9.8301e+07,0.999451,0.0390685,1.00043,0.999573,278425,0,0,1.00003,0,0,2.07944e+09,0.999451,0.999538,1,1,1,1,1
0,61837.6,1.49298e+08,0.999329,0.0500351,1.00055,0.999451,278345,0,0,1.00003,0,0,2.02622e+09,0.999329,0.999118,1,1,1,1,1
0,61437,2.09888e+08,0.988586,0.282798,1.00747,0.992584,297265,0,9.15527e-05,1.00003,0,0,2.01202e+09,0.992432,0.994986,1,1,1,1,1
0,48135.1,7.18133e+08,0.857941,0.786717,1.0822,0.924042,260689,0,0.0283813,1.00003,0,0,1.56605e+09,0.889404,0.994632,1,1,1,1,1
0,7759.56,1.57926e+08,0.53239,4.01856,1.36565,0.732254,343.962,0,0,1.00005,0,0,1.00495e+08,0.732254,0.733382,1,1,1,1,1
0,7582.88,1.44135e+08,0.533569,5.06539,1.37519,0.727173,4002.6,0,0.000366211,1.00003,0,0,1.54685e+08,0.725739,0.721735,1,1,1,1,1
0,7214.62,1.26198e+08,0.486938,5.18231,1.42575,0.701385,5557.72,0,0.000366211,1.00003,0,0,1.51392e+08,0.698151,0.682426,1,1,1,1,1
0,131072,0,1,0,1,1,128930,0,6.10352e-05,1.00003,0,0,4.29145e+09,0.999146,1,1.05988,1,1,1,1
0,131072,0,1,0,1,1,0,0,0,1.00003,0,0,4.29497e+09,1,0.99999,1.05988,1,1,1,1
0,86230.4,1.12275e+09,0.924957,0.432388,1.0426,0.959137,128030,0,0.00115967,1.00003,0,0,2.75623e+09,0.959137,0.952639,1.08929,1,1,1,1
0,65108,2.46085e+07,0.999268,0.0503398,1.00058,0.99942,158600,0,0,1.00003,0,0,2.13595e+09,0.996338,0.999273,1.09932,1,1,1,1
0,65388.9,8.47908e+06,0.999207,0.0506426,1.00061,0.99939,118942,0,0.000305176,1.00003,0,0,2.14301e+09,0.998962,0.999335,1.01806,1,1,1,1
0,65381.5,8.89918e+06,0.999054,0.0590001,1.00073,0.999268,226502,0,0.000366211,1.00003,0,0,2.14281e+09,0.998779,0.999299,1.02526,1,1,1,1
0,65284.1,1.44175e+07,0.998596,0.0535765,1.00092,0.999084,169229,0,0.000518799,1.00003,0,0,2.13966e+09,0.998413,0.999232,1.03217,1,1,1,1
0,64757.3,4.41866e+07,0.995178,0.253606,1.0038,0.996216,222856,0,0.000946045,1.00003,0,0,2.1216e+09,0.9953,0.998191,1.06223,1,1,1,1
0,64682.7,4.81885e+07,0.998077,0.0535783,1.00116,0.99884,573446,0,0.000335693,1.00003,0,0,2.12301e+09,0.994904,0.999463,1.04695,1,1,1,1
0,64842.3,3.96812e+07,0.99884,0.0625209,1.00086,0.999146,514905,0,6.10352e-05,1.00003,0,0,2.12803e+09,0.994781,0.991444,1.08439,1,1,1,1
0,65380.2,8.97113e+06,0.999084,0.0560805,1.0007,0.999298,324568,0,0.000274658,1.00003,0,0,2.14277e+09,0.99881,0.999319,1.06562,1,1,1,1
0,65387,8.56118e+06,0.998779,0.0527135,1.00082,0.999176,478657,0,0.000396729,1.00003,0,0,2.14275e+09,0.998871,0.999308,1.0557,1,1,1,1
0,65405,7.64161e+06,0.998871,0.0547034,1.00079,0.999207,314961,0,0.000305176,1.00003,0,0,2.14323e+09,0.998962,0.999275,1.10213,1,1,1,1
0,65319,1.23307e+07,0.998535,0.0538611,1.00095,0.999054,289126,0,0.000457764,1.00003,0,0,2.14078e+09,0.998474,0.999366,1.08649,1,1,1,1
0,65293,1.41015e+07,0.998962,0.0518361,1.00073,0.999268,336354,0,0.000183105,1.00003,0,0,2.1403e+09,0.998322,0.998521,1.71207,1.01999,1.00222,1.00039,1.03894
0,96767,1.26447e+09,0.972229,0.441193,1.0184,0.981934,678791,0,0.0015564,1.00003,0,0,3.15502e+09,0.981018,0.980714,1.09955,1,1,1,1
0,39397.2,9.38936e+08,0.883423,0.613071,1.07236,0.932526,136575,0,0.0359802,1.00003,0,0,1.28165e+09,0.911469,0.996313,1.08889,1,1,1,1
0,9091.18,3.39836e+08,0.112485,39.7057,4.8609,0.205723,1086.04,0,0.0242197,1.00004,0,0,1.15334e+08,0.205723,0.224842,1,1,1,1,1
0,9490.02,2.34933e+08,0.114716,60.1132,5.80273,0.172333,2144.18,0,0.0312195,1.00003,0,0,1.45777e+08,0.123657,0.187473,1,1,1,1,1
0,8957.92,1.77315e+08,0.118622,61.9204,6.02021,0.166107,3023.92,0,0.0232544,1.00003,0,0,1.30564e+08,0.126801,0.145964,1,1,1,1,1
0,8921.36,1.79174e+08,0.0995483,67.3069,6.81531,0.146729,4305.78,0,0.025238,1.00003,0,0,1.23762e+08,0.109039,0.133099,1,1,1,1,1
0,8864.73,2.50213e+08,0.156525,40.4444,4.02506,0.248444,14209.9,0,0.0264893,1.00003,0,0,1.37543e+08,0.205719,0.156223,1,1,1,1,1
0,8697.94,1.81479e+08,0.118866,56.5228,5.8577,0.170715,8428.8,0,0.0210571,1.00003,0,0,1.20842e+08,0.128601,0.160994,1,1,1,1,1
0,8659.33,1.73829e+08,0.106537,62.0589,6.16056,0.162323,11580.8,0,0.0227661,1.00003,0,0,1.26684e+08,0.122284,0.120186,1,1,1,1,1
0,8959.25,1.8106e+08,0.115936,64.0861,6.23203,0.160461,13839.8,0,0.0215759,1.00003,0,0,1.34187e+08,0.126892,0.110877,1,1,1,1,1
0,8989.09,1.81979e+08,0.106628,65.3876,6.49514,0.153961,14363.5,0,0.0220642,1.00003,0,0,1.34205e+08,0.119415,0.117824,1,1,1,1,1
0,8924.83,3.22314e+08,0.111237,43.5804,5.10564,0.195862,26877.3,0,0.0289307,1.00003,0,0,1.2485e+08,0.166229,0.122328,1,1,1,1,1
0,8792.22,1.71864e+08,0.107178,65.1472,6.60113,0.151489,17095.5,0,0.014801,1.00003,0,0,1.24329e+08,0.11496,0.116433,1,1,1,1,1
0,8747.31,1.75717e+08,0.10202,63.1606,6.46439,0.154694,17622.5,0,0.0148315,1.00003,0,0,1.20431e+08,0.118073,0.107833,1,1,1,1,1
0,8996.44,1.7722e+08,0.130371,54.562,5.26225,0.190033,20683.1,0,0.0177917,1.00003,0,0,1.35983e+08,0.153961,0.123604,1,1,1,1,1
0,9144.03,2.78677e+08,0.124054,50.7032,5.08425,0.196686,33343.1,0,0.0153809,1.00003,0,0,1.22192e+08,0.145691,0.127471,1.60166,1.37376,1,1.00005,1
0,9361.45,2.03265e+08,0.113312,62.6089,6.31855,0.158264,25786.6,0,0.0203857,1.00003,0,0,1.29264e+08,0.121857,0.125288,1.60166,1.37376,1,1.00005,1
0,8948.97,1.75223e+08,0.0987549,66.4782,6.82951,0.146423,26248,0,0.0212097,1.00003,0,0,1.18692e+08,0.111481,0.114282,1.60166,1.37376,1,1.00005,1
0,30000.5,8.15667e+08,0.955048,0.454555,1.02824,0.972534,194613,0,0.0110168,1.00003,0,0,9.76203e+08,0.958771,0.961864,1.60166,1.37376,1,1.00005,1
0,39641.9,5.22732e+08,0.963409,0.49738,1.02349,0.977051,123745,0,0.00137329,1.00003,0,0,1.28809e+09,0.972229,0.963998,1.60166,1.37376,1,1.00005,1
0,46034.3,6.35094e+08,0.965424,0.489969,1.02295,0.97757,138311,0,0.00357056,1.00003,0,0,1.50333e+09,0.974426,0.966785,1.60166,1.37376,1,1.00005,1
0,9297.14,2.98401e+08,0.1185,50.522,5.02885,0.198853,57760.1,0,0.0135498,1.00003,0,0,1.27149e+08,0.165588,0.141077,1.50082,1.24014,1.00002,1.00966,1
0,9533.41,3.09703e+08,0.117889,56.2366,5.54826,0.180237,46659.9,0,0.0172119,1.00003,0,0,1.30627e+08,0.129333,0.113613,1.54624,1.23448,1,1,1
0,9158.81,1.97832e+08,0.102661,66.5475,6.78989,0.147278,43888.4,0,0.0177917,1.00003,0,0,1.22209e+08,0.112427,0.12488,1.54624,1.23448,1,1,1
0,10556.4,1.5414e+09,0.14679,50.0619,4.91348,0.203522,48440.3,0,0.0192871,1.00003,0,0,1.67244e+08,0.165955,0.133032,1.54624,1.23448,1,1,1
0,9199.03,1.99882e+08,0.112488,61.6887,6.17565,0.161926,36242.6,0,0.019104,1.00003,0,0,1.31105e+08,0.12738,0.126694,1.32868,1.11131,1.03977,1.05023,1
0,11022.5,4.50225e+08,0.128143,43.9735,4.6912,0.213165,52637.6,0,0.0202332,1.00003,0,0,1.86231e+08,0.178589,0.126233,1.31198,1.08579,1.11312,1.01421,1
0,9282.89,2.07704e+08,0.104187,67.3742,6.75629,0.14801,41811.5,0,0.0290833,1.00003,0,0,1.27849e+08,0.114899,0.131916,1.04343,1.01189,1.00903,1.00043,1.02467
0,9205.23,2.05066e+08,0.12915,55.6248,5.29199,0.188965,61833.4,0,0.0203552,1.00003,0,0,1.38255e+08,0.154572,0.1386,1.1394,1.05547,1.02765,1,1
0,9376.98,2.18307e+08,0.112793,64.9123,6.39126,0.156464,33558.3,0,0.0336914,1.00003,0,0,1.33458e+08,0.121338,0.13693,1.12499,1.06503,1,1.00242,1.02277
0,10115,3.87229e+08,0.117859,61.5578,5.9589,0.167816,32834.1,0,0.0312195,1.00003,0,0,1.4205e+08,0.122681,0.148356,1.46592,1.19864,1.01006,1.00044,1
0,15720.4,4.9312e+08,0.166138,45.1191,4.38309,0.228149,47686.4,0,0.0314026,1.00003,0,0,2.76968e+08,0.188904,0.154708,1.09066,1.01734,1.01309,1.00824,1
0,9201.91,3.30922e+08,0.125702,45.8026,4.83161,0.20697,40742.7,0,0.0266418,1.00003,0,0,1.35148e+08,0.164825,0.162191,1.47001,1.15157,1.06479,1.00705,1.00022
0,8987.22,2.03499e+08,0.118988,56.1296,5.63121,0.177582,35462.7,0,0.0421448,1.00003,0,0,1.27781e+08,0.126801,0.15525,1.95454,1.142,1.00297,1.01222,1
0,9419.58,2.23958e+08,0.111145,63.2078,6.21666,0.160858,34647.9,0,0.0333862,1.00003,0,0,1.37519e+08,0.123474,0.134838,1.48492,1.11849,1.02423,1.01736,1
0,8646.81,3.02218e+08,0.143341,36.6095,4.33267,0.230804,50513.1,0,0.0173035,1.00003,0,0,1.12453e+08,0.18335,0.125675,1.18587,1.20078,1.00053,1,1
0,7215.5,1.01075e+08,0.0827637,24.4659,7.22877,0.138336,2605.53,0,0.0179138,1.00003,0,0,8.58532e+07,0.0628662,0.177125,1,1,1,1,1
0,8500.17,1.8276e+08,0.0928345,24.8803,6.47461,0.154449,3199.61,0,0.0215454,1.00003,0,0,1.29452e+08,0.0971069,0.0987096,1,1,1,1,1
0,6853.81,7.66429e+07,0.0582275,26.8437,8.90919,0.112244,3724.2,0,0.00717163,1.00003,0,0,7.02935e+07,0.0589905,0.0590968,1,1,1,1,1
0,55554.6,4.82232e+08,0.997192,0.148379,1.0022,0.997803,112999,0,0.000518799,1.00003,0,0,1.82011e+09,0.997528,0.998263,1,1,1,1,1
0,58855.2,3.62852e+08,0.996948,0.146621,1.00229,0.997711,129248,0,0.000427246,1.00003,0,0,1.92826e+09,0.997498,0.997971,1,1,1,1,1
0,64265.8,6.86167e+07,0.997467,0.119862,1.0019,0.998108,121699,0,0.000427246,1.00003,0,0,2.1056e+09,0.997437,0.998549,1,1,1,1,1
0,64288.7,6.87048e+07,0.996796,0.14282,1.00236,0.99765,137425,0,0.000488281,1.00003,0,0,2.10628e+09,0.997253,0.997561,1,1,1,1,1
0,63848.3,9.07614e+07,0.996613,0.151864,1.00257,0.997437,174553,0,0.000518799,1.00003,0,0,2.09179e+09,0.997101,0.997473,1,1,1,1,1
0,63974.9,8.4599e+07,0.996918,0.151853,1.00239,0.99762,174712,0,0.000488281,1.00003,0,0,2.09595e+09,0.997375,0.998032,1,1,1,1,1
0,64144.2,7.80761e+07,0.997101,0.153253,1.00232,0.997681,146380,0,0.000518799,1.00003,0,0,2.10154e+09,0.997406,0.997902,1,1,1,1,1
0,64196.5,7.5012e+07,0.996857,0.160192,1.00248,0.997528,156213,0,0.000488281,1.00003,0,0,2.10325e+09,0.997253,0.997583,1,1,1,1,1
0,59098.5,3.38442e+08,0.998596,0.100558,1.00119,0.99881,239655,0,0.000152588,1.00003,0,0,1.9364e+09,0.998566,0.99841,1,1,1,1,1
0,61577.7,2.10522e+08,0.997284,0.146717,1.00214,0.997864,279844,0,0.000396729,1.00003,0,0,2.01746e+09,0.997559,0.998099,1,1,1,1,1
0,50870.1,6.61797e+08,0.996002,0.149642,1.00275,0.997253,423109,0,0.000946045,1.00003,0,0,1.66646e+09,0.997009,0.998074,1,1,1,1,1
0,51813.2,6.10358e+08,0.995544,0.195213,1.00328,0.996735,319118,0,0.0010376,1.00003,0,0,1.69733e+09,0.996521,0.997514,1,1,1,1,1
0,57388.7,4.24992e+08,0.993713,0.219249,1.00432,0.995697,243427,0,0.00186157,1.00003,0,0,1.87989e+09,0.995209,0.997645,1,1,1,1,1
0,59216.2,3.21944e+08,0.996826,0.167381,1.00245,0.997559,408551,0,0.000305176,1.00003,0,0,1.94006e+09,0.997009,0.997411,1,1,1,1,1
0,53969.3,5.35833e+08,0.996124,0.185701,1.00291,0.997101,649035,0,0.000366211,1.00003,0,0,1.76806e+09,0.996735,0.99753,1,1,1,1,1
0,54895.6,5.02877e+08,0.998138,0.147417,1.00168,0.998322,468426,0,3.05176e-05,1.00003,0,0,1.79859e+09,0.998199,0.998,1,1,1,1,1
0,59594.2,3.26778e+08,0.998199,0.137209,1.00159,0.998413,483915,0,6.10352e-05,1.00003,0,0,1.95257e+09,0.998291,0.998246,1,1,1,1,1
0,64716.6,4.19264e+07,0.998688,0.107887,1.00119,0.99881,432646,0,0,1.00003,0,0,2.12047e+09,0.998688,0.998445,1,1,1,1,1
0,63354.8,1.18337e+08,0.998138,0.148037,1.00168,0.998322,466745,0,0.000152588,1.00003,0,0,2.07578e+09,0.998016,0.998224,1,1,1,1,1
0,64305.4,6.66042e+07,0.997467,0.1428,1.00199,0.998016,499900,0,0.000274658,1.00003,0,0,2.10688e+09,0.997894,0.998021,1,1,1,1,1
0,64393.8,6.27697e+07,0.996918,0.141632,1.00226,0.997742,443480,0,0.000427246,1.00003,0,0,2.10973e+09,0.997528,0.997668,1,1,1,1,1
0,57284.9,4.04839e+08,0.998169,0.118305,1.00153,0.998474,976732,0,0.000366211,1.00003,0,0,1.87695e+09,0.997345,0.998014,1,1,1,1,1
0,61875.3,1.95066e+08,0.996887,0.125239,1.00217,0.997833,464307,0,0.000640869,1.00003,0,0,2.02717e+09,0.997192,0.997495,1,1,1,1,1
0,52502.7,5.59962e+08,0.995941,0.14759,1.00288,0.997131,760056,0,0.000396729,1.00003,0,0,1.71999e+09,0.996887,0.993116,1,1,1,1,1
0,8475.58,1.67976e+08,0.0812988,24.267,7.30939,0.13681,60001.8,0,0.00997925,1.00003,0,0,1.25834e+08,0.0787659,0.060243,1.71264,1.08939,1,1,1
0,8251.2,1.00019e+08,0.281097,11.5256,2.87187,0.348206,42469.2,0,0.0852966,1.00003,0,0,1.56855e+08,0.294525,0.068396,1.71264,1.08939,1,1,1
0,7416.2,1.06122e+08,0.0880127,23.7413,6.72302,0.148743,46364,0,0.0357666,1.00003,0,0,9.45567e+07,0.0923462,0.072581,1.71264,1.08939,1,1,1
0,7151.12,9.87399e+07,0.182709,15.8341,4.15363,0.240753,40052.5,0,0.0441895,1.00003,0,0,1.01923e+08,0.160309,0.0687543,1.71264,1.08939,1,1,1
0,7035.27,8.49243e+07,0.0683594,26.4286,7.90162,0.126556,32837.7,0,0.0255737,1.00003,0,0,7.94962e+07,0.0700684,0.0685945,1.71264,1.08939,1,1,1
0,7497.88,1.05283e+08,0.0896912,25.799,6.82098,0.146606,32510.7,0,0.0360718,1.00003,0,0,9.72334e+07,0.083252,0.0695939,1.71264,1.08939,1,1,1
0,10799.5,2.88241e+08,0.256897,18.3459,3.01315,0.331879,38849.7,0,0.0476379,1.00003,0,0,2.44613e+08,0.266449,0.0996579,2.22625,1.32571,1,1,1
0,7671.75,1.11973e+08,0.0966797,32.7794,5.98502,0.167084,24563.2,0,0.0510254,1.00003,0,0,1.10148e+08,0.102661,0.104247,1.50206,1.18559,1.02588,1.00934,1
0,10796.5,1.17434e+09,0.154284,22.4053,3.33754,0.299622,1180.42,0,0.0115294,1.00005,0,0,1.08466e+08,0.299622,0.293846,1,1,1,1,1
0,10898.1,9.04163e+08,0.112976,39.0338,4.4323,0.225616,3855.39,0,0.0404968,1.00003,0,0,1.58832e+08,0.127289,0.215928,1,1,1,1,1
0,9351.17,3.59205e+08,0.139038,54.454,4.8944,0.204315,1864.17,0,0.0178833,1.00003,0,0,1.4637e+08,0.138153,0.143964,1,1,1,1,1
0,8611.06,1.44957e+08,0.096344,81.2432,7.75941,0.128876,2933.87,0,0.0170288,1.00003,0,0,1.18364e+08,0.103302,0.109117,1,1,1,1,1
0,8494.62,1.42176e+08,0.0922852,74.4089,7.17652,0.139343,4553.59,0,0.0174866,1.00003,0,0,1.13018e+08,0.114136,0.121145,1,1,1,1,1
0,10026.1,7.36505e+08,0.133484,46.8696,4.33095,0.230896,14572.3,0,0.0209656,1.00003,0,0,1.50698e+08,0.177246,0.154506,1,1,1,1,1
0,8345.78,1.34576e+08,0.0891113,80.5852,7.82239,0.127838,11142.6,0,0.010376,1.00003,0,0,1.08628e+08,0.10495,0.103961,1,1,1,1,1
0,8533.98,1.41561e+08,0.0882263,82.8623,8.10888,0.123322,11027.3,0,0.0166626,1.00003,0,0,1.10368e+08,0.0976257,0.108324,1,1,1,1,1
0,10062.4,8.79718e+08,0.137482,40.5109,4.05645,0.246521,19388.4,0,0.0133972,1.00003,0,0,1.41491e+08,0.192383,0.126749,1,1,1,1,1
0,8367.39,1.30999e+08,0.0976868,75.5318,7.04991,0.141846,13170.7,0,0.0255432,1.00003,0,0,1.08836e+08,0.116669,0.104564,1,1,1,1,1
0,8547.14,1.45401e+08,0.11438,70.4849,6.34793,0.157532,15369,0,0.0205383,1.00003,0,0,1.19884e+08,0.132202,0.142069,1,1,1,1,1
0,9506.83,1.67063e+08,0.128906,68.6189,5.92871,0.168671,17215.1,0,0.0136719,1.00003,0,0,1.50958e+08,0.144196,0.172422,1.50606,1.33242,1,1,1
0,9767.78,1.79423e+08,0.132538,69.9319,6.08392,0.164368,16667.8,0,0.0186157,1.00003,0,0,1.60881e+08,0.14032,0.114615,1.50606,1.33242,1,1,1
0,8470.61,1.39367e+08,0.0930176,75.8562,7.24315,0.138062,16436.9,0,0.0196533,1.00003,0,0,1.11501e+08,0.114471,0.108684,1.50606,1.33242,1,1,1
0,10992.2,8.70698e+08,0.123108,38.1098,4.3679,0.228943,30426.6,0,0.0263977,1.00003,0,0,1.5762e+08,0.17395,0.136852,1.79439,1.39457,1,1,1
0,11448.5,1.22351e+09,0.125122,31.675,3.92619,0.2547,28449.2,0,0.0705261,1.00003,0,0,1.51992e+08,0.15921,0.131213,1.79439,1.39457,1,1,1
0,8327.36,1.34533e+08,0.109161,75.4496,6.93649,0.144165,20054.5,0,0.0136108,1.00003,0,0,1.14519e+08,0.118561,0.095139,1.79439,1.39457,1,1,1
0,8278.75,1.36046e+08,0.0892029,78.6483,7.70106,0.129852,17977.2,0,0.0199585,1.00003,0,0,1.10321e+08,0.107605,0.0990282,1.79439,1.39457,1,1,1
0,9711.42,6.4546e+08,0.164154,37.3693,3.89678,0.256622,36208.8,0,0.0145264,1.00003,0,0,1.5251e+08,0.233856,0.129434,1.65284,1.40229,1,1.00072,1
0,8258.33,1.31695e+08,0.0862732,87.9683,8.57352,0.116638,18000.3,0,0.0296631,1.00003,0,0,1.06869e+08,0.0951233,0.102115,1.36401,1.19759,1,1.00018,1
0,10110.3,8.7047e+08,0.181732,27.3744,3.36151,0.297485,49652.3,0,0.0245056,1.00003,0,0,1.53559e+08,0.275146,0.157717,1.4469,1.00217,1.20384,1.01504,1
0,8503.23,4.93083e+08,0.174957,46.8221,4.2075,0.237671,37427.7,0,0.0144653,1.00003,0,0,1.09947e+08,0.173309,0.166955,1.4469,1.00217,1.20384,1.01504,1
0,10017.3,9.38922e+08,0.148682,29.8304,3.77903,0.264618,29821,0,0.0879211,1.00003,0,0,1.27965e+08,0.238739,0.147529,1.4469,1.00217,1.20384,1.01504,1
0,6397.47,2.84067e+07,0.120178,70.0278,6.34301,0.157654,26756,0,0.0284424,1.00003,0,0,5.69221e+07,0.138672,0.135127,1.10735,1.07347,1.01726,1.00003,1
0,6503.95,3.02511e+07,0.106781,74.8091,6.9838,0.143188,24079.5,0,0.0310974,1.00003,0,0,5.97489e+07,0.123413,0.0999422,1.12403,1.10555,1.00979,1.0145,1
0,11798.6,9.13555e+08,0.162964,28.7758,3.61837,0.276367,62520.9,0,0.0415039,1.00003,0,0,1.65918e+08,0.24118,0.171079,1.06245,1.01182,1.00315,1.03409,1.00113
0,8537.8,6.86741e+08,0.111847,41.7339,4.39839,0.227356,34639.7,0,0.0517578,1.00003,0,0,1.00164e+08,0.132324,0.119484,1.06245,1.01182,1.00315,1.03409,1.00113
0,6347.11,2.79404e+07,0.102509,78.268,7.63289,0.131012,26110.6,0,0.0227966,1.00003,0,0,5.13244e+07,0.110748,0.096984,1.13455,1.02766,1.08054,1.00027,1.00001
0,6441.92,2.85405e+07,0.105743,79.6645,7.45405,0.134155,22350.8,0,0.0338135,1.00003,0,0,5.38783e+07,0.115326,0.105358,1.16226,1.09501,1.01144,1,1
0,6466.58,3.24105e+07,0.1008,81.0314,7.70649,0.129761,23107.7,0,0.0430298,1.00003,0,0,5.2226e+07,0.108887,0.109484,1.22289,1.14857,1.01523,1,1
0,8900.63,1.30369e+08,0.311394,27.4716,2.72387,0.367124,285.845,0,0,1.00005,0,0,7.12556e+07,0.367124,0.386223,1,1,1,1,1
0,9390.59,1.3104e+08,0.159027,58.6606,4.78924,0.208801,4762.59,0,0.0334167,1.00003,0,0,8.42225e+07,0.163696,0.222191,1,1,1,1,1
0,42274.3,8.25557e+08,0.0455933,33.0671,10.7015,0.0934448,3793.01,0,0.0105286,1.00003,0,0,6.28618e+07,0.0593872,0.0749532,1,1,1,1,1
0,39205.9,8.625e+08,0.0879517,24.0474,6.37634,0.15683,9335.67,0,0.0108948,1.00003,0,0,8.45153e+07,0.11795,0.0809121,1,1,1,1,1
0,8093.7,1.10982e+08,0.224823,24.9299,2.77061,0.360931,41227.4,0,0.0431519,1.00003,0,0,1.05376e+08,0.308777,0.290842,1.29647,1.08404,1.10377,1.0003,1
0,10771.5,2.17436e+08,0.188019,38.0775,3.48447,0.286987,30131.5,0,0.0366821,1.00003,0,0,1.4639e+08,0.249878,0.269771,1.68935,1.51137,1.17675,1,1
0,41942.1,8.34138e+08,0.0508423,36.7329,10.6632,0.0937805,8712.96,0,0.00466919,1.00003,0,0,7.56654e+07,0.0611572,0.0641463,1.24682,1.0985,1.00008,1.00144,1.00006
0,41684.1,8.38371e+08,0.0459595,38.5187,11.3423,0.0881653,9503.28,0,0.00460815,1.00003,0,0,6.7777e+07,0.0548706,0.0667271,1.24682,1.0985,1.00008,1.00144,1.00006
0,9327.39,1.31006e+08,0.107239,73.36,6.51451,0.153503,20555.4,0,0.00811768,1.00003,0,0,6.25838e+07,0.134552,0.144898,1.27419,1.05798,1.12898,1.00068,1
0,9356.31,1.27175e+08,0.10553,74.4829,6.56147,0.152405,20210.5,0,0.00457764,1.00003,0,0,6.35013e+07,0.137024,0.137758,1.52734,1.04911,1.04597,1.03099,1
0,41327.5,8.42029e+08,0.0455933,40.2931,11.5625,0.0864868,9869.13,0,0.00152588,1.00003,0,0,7.11777e+07,0.0533752,0.0547863,1.35393,1.02222,1.10329,1,1
0,9796.38,1.54843e+08,0.136475,61.1257,5.23618,0.190979,38963,0,0.00991821,1.00003,0,0,8.93015e+07,0.175354,0.185806,1.19002,1.05463,1.00232,1,1.00007
0,9622.58,1.72244e+08,0.129639,51.7414,5.15139,0.194122,39513.4,0,0.013916,1.00003,0,0,9.73957e+07,0.175079,0.189429,1.79208,1.17486,1.41516,1,1
0,41235.1,8.354e+08,0.0762939,31.8107,8.2456,0.121277,19206.1,0,0.00704956,1.00003,0,0,1.0357e+08,0.087677,0.0828094,1.03185,1.14746,1.01091,1.01621,1.00475
0,34549.4,9.26194e+08,0.129822,21.4277,4.70872,0.212372,71727.3,0,0.0101013,1.00003,0,0,1.13559e+08,0.172821,0.138822,1.03185,1.14746,1.01091,1.01621,1.00475
0,9683.69,2.4382e+08,0.25061,45.5923,3.17028,0.31543,55587.8,0,0.0531006,1.00003,0,0,1.22884e+08,0.239136,0.190386,3.48286,1.55643,1,1,1
0,46973.2,7.53626e+08,0.0362854,34.2747,12.8301,0.0779419,10468,0,0.000762939,1.00003,0,0,6.4215e+07,0.0464783,0.0431881,3.45117,1.31438,1,1,1
0,47651.7,7.37672e+08,0.0404968,31.8063,12.384,0.0807495,12069.4,0,0.0010376,1.00003,0,0,6.89111e+07,0.0506897,0.0452508,3.45117,1.31438,1,1,1
0,10298.1,1.72597e+08,0.176208,53.7426,4.05494,0.246613,48365.4,0,0.0260925,1.00003,0,0,1.16536e+08,0.214447,0.211805,2.01681,1.17005,1.07468,1,1
0,43638.8,8.19506e+08,0.0465088,36.6363,10.8972,0.0917664,13446,0,0.00262451,1.00003,0,0,7.11265e+07,0.059021,0.0544913,1.11073,1.03527,1.00044,1.02146,1
0,44702.3,8.00761e+08,0.0445862,36.3444,11.4855,0.0870667,12976.8,0,0.00140381,1.00003,0,0,6.62922e+07,0.0560608,0.0614765,1.11073,1.03527,1.00044,1.02146,1
0,9316.98,1.48272e+08,0.175934,44.4745,3.75694,0.266174,45061.8,0,0.0357056,1.00003,0,0,1.02268e+08,0.229156,0.266042,1.25089,1.11411,1.05472,1,1
0,43800.8,8.10856e+08,0.0516357,32.8635,9.86691,0.101349,15304.6,0,0.00991821,1.00003,0,0,7.59757e+07,0.0703125,0.0769933,1.09664,1.01444,1,1,1
0,37808.5,8.82509e+08,0.10257,22.548,5.47136,0.18277,55976.1,0,0.00421143,1.00003,0,0,8.74834e+07,0.144012,0.0471901,1.09664,1.01444,1,1,1
0,31012.6,7.64165e+08,0.667975,3.61502,1.30649,0.76541,951.589,0,0.0111505,1.00005,0,0,6.24362e+08,0.76541,0.80416,1,1,1,1,1
0,13155.4,4.0319e+08,0.676666,4.73744,1.28896,0.775818,6161.12,0,0.0158386,1.00003,0,0,3.95694e+08,0.750092,0.807933,1,1,1,1,1
0,51982.9,6.45037e+08,0.961578,0.168496,1.02021,0.980194,245920,0,0.00772095,1.00003,0,0,1.69871e+09,0.976959,0.973882,1.61784,1.00107,1,1,1
0,45267.9,8.27318e+08,0.889374,0.369334,1.06504,0.938934,156195,0,0.0383911,1.00003,0,0,1.47148e+09,0.937714,0.989884,1.12999,1.04742,1,1,1
0,38891.3,9.15242e+08,0.800171,0.424869,1.11752,0.894836,30165.5,0,0.0242615,1.00003,0,0,1.25277e+09,0.866333,0.981691,1.07889,1,1,1,1
0,58047.5,3.95415e+08,0.972595,0.148913,1.01433,0.98587,203560,0,0.0141602,1.00003,0,0,1.89806e+09,0.975616,0.998713,1.01806,1,1,1,1
0,63856,9.86271e+07,0.993286,0.110218,1.00401,0.996002,553351,0,0.000610352,1.00003,0,0,2.09186e+09,0.995575,0.995323,1.0929,1.04933,1,1,1
0,48167.8,7.47669e+08,0.875854,1.79161,1.09731,0.911316,289643,0,0.00253296,1.00003,0,0,1.56398e+09,0.891785,0.981044,1.0929,1.04933,1,1,1
0,56304.7,4.76815e+08,0.982788,0.119191,1.00905,0.991028,599235,0,0.00204468,1.00003,0,0,1.84362e+09,0.989624,0.99162,1.0929,1.04933,1,1,1
0,65155.5,2.18518e+07,0.996918,0.158751,1.00245,0.997559,165870,0,0.000244141,1.00003,0,0,2.13469e+09,0.997223,0.997551,1.0929,1.04933,1,1,1
0,65065.6,2.80887e+07,0.99585,0.0999922,1.0026,0.997406,482374,0,0.000518799,1.00003,0,0,2.13172e+09,0.997101,0.997526,1.0929,1.04933,1,1,1
0,62426.6,1.69929e+08,0.986053,0.152091,1.00818,0.991882,240457,0,0.00100708,1.00003,0,0,2.04374e+09,0.990234,0.995029,1.0929,1.04933,1,1,1
0,64703.2,4.74148e+07,0.997345,0.077783,1.00183,0.998169,390048,0,0.000366211,1.00003,0,0,2.11995e+09,0.997528,0.997687,1.0929,1.04933,1,1,1
0,64449.8,6.17965e+07,0.992706,0.245104,1.00537,0.994659,359014,0,0.00201416,1.00003,0,0,2.11127e+09,0.992584,0.99601,1.0929,1.04933,1,1,1
0,55812.2,4.66084e+08,0.977356,0.129658,1.01201,0.988129,257688,0,0.00283813,1.00003,0,0,1.82256e+09,0.985687,0.988548,1.0929,1.04933,1,1,1
0,54566.1,5.17653e+08,0.965668,0.184819,1.01878,0.981567,308281,0,0.00476074,1.00003,0,0,1.77846e+09,0.979095,0.994551,1.0929,1.04933,1,1,1
0,65234.2,1.76687e+07,0.996735,0.091852,1.00226,0.997742,407234,0,0.000152588,1.00003,0,0,2.13592e+09,0.997253,0.997337,1.0929,1.04933,1,1,1
0,60073,2.71409e+08,0.987396,0.12201,1.00707,0.992981,375278,0,0.00308228,1.00003,0,0,1.96666e+09,0.991028,0.994377,1.0929,1.04933,1,1,1
0,58773.5,3.27089e+08,0.97937,0.176202,1.0118,0.988342,456705,0,0.00259399,1.00003,0,0,1.92272e+09,0.987579,0.988611,1.0929,1.04933,1,1,1
0,61359,2.23512e+08,0.980682,0.135048,1.01064,0.989471,626280,0,0.00448608,1.00003,0,0,2.00652e+09,0.987671,0.991192,1.0929,1.04933,1,1,1
0,47939.6,6.84959e+08,0.970581,0.160496,1.01584,0.984406,550464,0,0.00445557,1.00003,0,0,1.56797e+09,0.981232,0.984414,1.0929,1.04933,1,1,1
0,57408,3.82624e+08,0.988159,0.149097,1.00685,0.993195,606665,0,0,1.00003,0,0,1.87976e+09,0.992432,0.989009,1.0929,1.04933,1,1,1
0,65308.8,1.36802e+07,0.998322,0.0703448,1.00122,0.998779,570520,0,3.05176e-05,1.00003,0,0,2.13988e+09,0.998383,0.998795,1.0929,1.04933,1,1,1
0,65358.5,1.06316e+07,0.998291,0.0785545,1.00128,0.998718,385443,0,0,1.00003,0,0,2.1415e+09,0.998474,0.998371,1.0929,1.04933,1,1,1
0,65379,9.3861e+06,0.99884,0.0587431,1.00089,0.999115,733683,0,0,1.00003,0,0,2.14222e+09,0.99884,0.998255,1.0929,1.04933,1,1,1
0,65397.6,8.39716e+06,0.999054,0.0687986,1.00076,0.999237,649402,0,0,1.00003,0,0,2.14284e+09,0.999054,0.998992,1.0929,1.04933,1,1,1
0,58905.6,3.41053e+08,0.99054,0.140029,1.00546,0.994568,1.38293e+06,0,0.000183105,1.00003,0,0,1.92925e+09,0.991608,0.992046,1.0929,1.04933,1,1,1
0,59758.9,3.08791e+08,0.983856,0.140751,1.00899,0.991089,1.63319e+06,0,0.00552368,1.00003,0,0,1.95539e+09,0.987976,0.995089,1.0929,1.04933,1,1,1
0,56835.4,4.37937e+08,0.986877,0.107836,1.00707,0.992981,776942,0,0.00393677,1.00003,0,0,1.86131e+09,0.991302,0.995343,1.0929,1.04933,1,1,1
0,62706.9,1.53678e+08,0.992645,0.119948,1.00448,0.995544,619599,0,0.00219727,1.00003,0,0,2.05406e+09,0.994934,0.998029,1.0929,1.04933,1,1,1
0,33539.4,8.93868e+08,0.997009,0.0926728,1.00193,0.998077,656982,0,0.000427246,1.00003,0,0,1.09876e+09,0.997681,0.997809,1.0929,1.04933,1,1,1
0,64298.1,6.82344e+07,0.997345,0.0518393,1.00153,0.998474,824539,0,6.10352e-05,1.00003,0,0,2.10669e+09,0.998077,0.998687,1.0929,1.04933,1,1,1
0,65345.9,1.13324e+07,0.998596,0.0887749,1.0011,0.998901,300333,0,6.10352e-05,1.00003,0,0,2.14111e+09,0.998779,0.998839,1.0929,1.04933,1,1,1
0,64662.8,4.98527e+07,0.997375,0.0712156,1.00171,0.998291,567364,0,0.000366211,1.00003,0,0,2.11864e+09,0.998138,0.998101,1.0929,1.04933,1,1,1
0,63503.9,1.02351e+08,0.994446,0.0861936,1.00328,0.996735,350784,0,0.00152588,1.00003,0,0,2.08022e+09,0.996338,0.997436,1.0929,1.04933,1,1,1
0,65435.5,5.93489e+06,0.999084,0.059771,1.0007,0.999298,649541,0,6.10352e-05,1.00003,0,0,2.1441e+09,0.999176,0.999354,1.0929,1.04933,1,1,1
0,65347.2,1.12941e+07,0.998505,0.0660863,1.00101,0.998993,1.34339e+06,0,0.000305176,1.00003,0,0,2.14116e+09,0.99884,0.99891,1.0929,1.04933,1,1,1
0,64898,3.79551e+07,0.99881,0.0579583,1.00092,0.999084,1.59395e+06,0,6.10352e-05,1.00003,0,0,2.12645e+09,0.998718,0.998427,1.136,1.05228,1.00065,1,1.0007
0,65486.8,2.95181e+06,0.999603,0.0264957,1.00027,0.999725,390448,0,3.05176e-05,1.00003,0,0,2.14583e+09,0.999542,0.999663,1.0929,1.04933,1,1,1
0,65445.1,5.43059e+06,0.999176,0.0452275,1.00058,0.99942,428483,0,3.05176e-05,1.00003,0,0,2.14443e+09,0.999298,0.999202,1.0929,1.04933,1,1,1
0,65460.1,4.49523e+06,0.999207,0.0345041,1.00052,0.999481,287412,0,9.15527e-05,1.00003,0,0,2.14493e+09,0.999359,0.999342,1.0929,1.04933,1,1,1
0,39703.2,6.5749e+08,0.987823,0.182736,1.00732,0.992737,2.07357e+06,0,0.000488281,1.00003,0,0,1.29997e+09,0.991852,0.990987,1.0929,1.04933,1,1,1
0,35649,6.97663e+08,0.987244,0.172265,1.00747,0.992584,1.66068e+06,0,0.000457764,1.00003,0,0,1.16708e+09,0.992065,0.993319,1.0929,1.04933,1,1,1
0,59420.4,3.15416e+08,0.980225,0.142276,1.01086,0.989258,1.69679e+06,0,0.00445557,1.00003,0,0,1.94539e+09,0.987915,0.996844,1.0929,1.04933,1,1,1
0,50629.1,6.28079e+08,0.971588,0.1564,1.01521,0.985016,1.72932e+06,0,0.00482178,1.00003,0,0,1.65632e+09,0.984558,0.991795,1.0929,1.04933,1,1,1
0,60638.1,2.60336e+08,0.986572,0.101522,1.00716,0.992889,1.3768e+06,0,0.00436401,1.00003,0,0,1.98583e+09,0.992371,0.995778,1.0929,1.04933,1,1,1
0,62505.3,1.65333e+08,0.993744,0.0906966,1.00364,0.996368,926233,0,0.00149536,1.00003,0,0,2.04764e+09,0.995575,0.997528,1.0929,1.04933,1,1,1
0,63927.5,8.1235e+07,0.998718,0.0478542,1.00082,0.999176,477956,0,0.000640869,1.00003,0,0,2.09465e+09,0.998322,0.998693,1.0929,1.04933,1,1,1
0,64101.1,7.57235e+07,0.995544,0.0806874,1.00266,0.997345,439809,0,0.00146484,1.00003,0,0,2.10007e+09,0.996704,0.998199,1.0929,1.04933,1,1,1
0,62383.8,1.72891e+08,0.987549,0.0965697,1.0066,0.993439,2.84818e+06,0,0.000213623,1.00003,0,0,2.04309e+09,0.991547,0.990611,1.0929,1.04933,1,1,1
0,63257.8,1.2301e+08,0.991455,0.154201,1.00522,0.994812,504812,0,0.00213623,1.00003,0,0,2.07196e+09,0.994049,0.997986,1.0929,1.04933,1,1,1
0,58681.4,3.42985e+08,0.981934,0.132405,1.0098,0.990295,3.73318e+06,0,0.000640869,1.00003,0,0,1.92084e+09,0.989685,0.992143,1.0929,1.04933,1,1,1
0,61624.5,1.87727e+08,0.99585,0.0905159,1.00257,0.997437,4.52794e+06,0,6.10352e-05,1.00003,0,0,2.01894e+09,0.996765,0.997337,1.0929,1.04933,1,1,1
0,57695.2,4.02873e+08,0.989807,0.126208,1.00602,0.994019,473754,0,0.00204468,1.00003,0,0,1.88967e+09,0.993134,0.996832,1.0929,1.04933,1,1,1
0,60913.6,2.37762e+08,0.990051,0.135361,1.00596,0.99408,740888,0,0.00250244,1.00003,0,0,1.99509e+09,0.992889,0.993553,1.0929,1.04933,1,1,1
0,57431.2,3.81147e+08,0.988007,0.138633,1.00691,0.993134,2.63631e+06,0,0.00280762,1.00003,0,0,1.8807e+09,0.991699,0.99635,1.0929,1.04933,1,1,1
0,53159.2,5.56597e+08,0.979462,0.138205,1.01101,0.989105,2.86602e+06,0,0.00213623,1.00003,0,0,1.73999e+09,0.988434,0.992371,1.0929,1.04933,1,1,1
0,63647,9.80668e+07,0.996552,0.067922,1.00205,0.997955,2.50811e+06,0,0.000915527,1.00003,0,0,2.08527e+09,0.997192,0.99756,1.72966,1.05452,1.00222,1.00039,1.03894
0,63957,8.25505e+07,0.995636,0.0781831,1.00257,0.997437,2.66021e+06,0,0.00149536,1.00003,0,0,2.09535e+09,0.996521,0.998033,1.0929,1.04933,1,1,1
0,55490.3,4.73431e+08,0.965393,0.155815,1.01821,0.982117,246351,0,0.00088501,1.00003,0,0,1.81451e+09,0.975555,0.978459,1.0929,1.04933,1,1,1
0,52011.8,5.70919e+08,0.981812,0.1786,1.01036,0.989746,1.0793e+06,0,0.00128174,1.00003,0,0,1.70248e+09,0.987366,0.991321,1.0929,1.04933,1,1,1
0,31587.7,8.23789e+08,0.946594,0.255034,1.02915,0.97168,1.30682e+06,0,0.00289917,1.00003,0,0,1.02954e+09,0.967712,0.96682,1.0929,1.04933,1,1,1
0,61422.1,2.11348e+08,0.984528,0.164171,1.00874,0.991333,1.94884e+06,0,0.00320435,1.00003,0,0,2.01135e+09,0.989197,0.994398,1.0929,1.04933,1,1,1
0,58329.5,3.69133e+08,0.976685,0.15018,1.01264,0.987518,1.59834e+06,0,0.00210571,1.00003,0,0,1.90905e+09,0.986053,0.986055,1.0929,1.04933,1,1,1
0,61560,1.96746e+08,0.990356,0.127771,1.00555,0.994476,1.99752e+06,0,0.000976562,1.00003,0,0,2.01642e+09,0.992584,0.99287,1.0929,1.04933,1,1,1
0,55774.2,4.24314e+08,0.986328,0.137084,1.00766,0.992401,1.66424e+06,0,0.00265503,1.00003,0,0,1.82647e+09,0.990021,0.99041,1.0929,1.04933,1,1,1
0,64566.9,5.79722e+07,0.993164,0.0998617,1.00392,0.996094,2.03349e+06,0,0.000762939,1.00003,0,0,2.11519e+09,0.99469,0.993329,1.0929,1.04933,1,1,1
0,55334.5,4.53164e+08,0.971863,0.175004,1.01524,0.984985,477325,0,0.00100708,1.00003,0,0,1.81027e+09,0.981628,0.984522,1.0929,1.04933,1,1,1
0,58653.8,3.17496e+08,0.990662,0.120729,1.00534,0.99469,657100,0,0.000305176,1.00003,0,0,1.92099e+09,0.993713,0.994397,1.0929,1.04933,1,1,1
0,65273.9,1.46732e+07,0.998413,0.0527155,1.00107,0.998932,402384,0,0.000213623,1.00003,0,0,2.13874e+09,0.998566,0.999121,1.0929,1.04933,1,1,1
0,9073.98,2.12166e+08,0.678162,3.9944,1.31403,0.761017,2.57713e+06,0,0.0163574,1.00003,0,0,2.56558e+08,0.731049,0.784164,1.70472,1.0037,1.00024,1.00013,1
0,37387.1,9.27858e+08,0.921478,0.220854,1.04168,0.959991,5.69424e+06,0,0.0057373,1.00003,0,0,1.21471e+09,0.936829,0.945319,1.13379,1.05037,1.00123,1.00182,1
0,4476.3,1.24441e+07,0.821594,0.314486,1.09897,0.909943,6.02057e+06,0,0.00790405,1.00003,0,0,1.28153e+08,0.887512,0.977935,2.22521,1.01173,1,1.00001,1.00008
0,58933.5,3.58178e+08,0.958679,0.185765,1.02215,0.978333,1.35711e+06,0,0.0153809,1.00003,0,0,1.92726e+09,0.976929,0.992158,1.06714,1,1,1,1
0,33039.5,9.27207e+08,0.811707,0.377498,1.10602,0.904144,898851,0,0.00488281,1.00003,0,0,1.06425e+09,0.887665,0.973801,1.5862,1.0826,1,1,1
0,50730,6.79078e+08,0.853485,0.363208,1.0822,0.924042,8.46241e+06,0,0.0351562,1.00003,0,0,1.6472e+09,0.918121,0.990506,1.5862,1.0826,1,1,1
0,4524.45,1.97288e+07,0.954865,0.170552,1.02358,0.976959,9.79995e+06,0,0.0137634,1.00003,0,0,1.4267e+08,0.967346,0.950552,2.64383,1.02733,1,1,1
0,37485.6,9.21466e+08,0.849792,0.317494,1.08281,0.923523,9.24013e+06,0,0.0144348,1.00003,0,0,1.21233e+09,0.913116,0.855186,1.07198,1,1,1,1
0,11816,3.27874e+08,0.726105,2.95627,1.21914,0.820251,1.38075e+06,0,0.0329895,1.00003,0,0,3.5983e+08,0.803711,0.773678,1.13836,1.10575,1,1.00001,1
0,14551.8,4.56663e+08,0.285614,22.3974,2.441,0.409668,2.13419e+06,0,0.130737,1.00003,0,0,3.82061e+08,0.310944,0.344865,1.34065,1.11884,1,1,1
0,9223.48,1.97611e+08,0.168945,24.7751,3.4112,0.293152,576123,0,0.0686035,1.00003,0,0,1.85961e+08,0.183655,0.247992,1.28663,1.08792,1.00567,1.0015,1.00067
0,8506.53,1.73244e+08,0.192596,25.9483,3.15867,0.316589,1.10592e+06,0,0.105225,1.00003,0,0,1.72881e+08,0.218048,0.244329,1.42227,1.17496,1,1.00002,1.00001
0,35962.7,9.38227e+08,0.956299,0.1607,1.02279,0.977722,7.30202e+06,0,0.023468,1.00003,0,0,1.17317e+09,0.955505,0.976677,1.56468,1.36044,1,1,1.00001
0,30124.1,9.12674e+08,0.811401,0.389545,1.10665,0.903625,6.66764e+06,0,0.0352478,1.00003,0,0,9.68674e+08,0.89624,0.922383,1.56468,1.36044,1,1,1.00001
0,59541.6,3.30399e+08,0.970093,0.128558,1.0154,0.984833,7.58453e+06,0,0.00863647,1.00003,0,0,1.9482e+09,0.982727,0.99133,1.06779,1,1,1,1
0,55097.8,5.27705e+08,0.960693,0.144417,1.02021,0.980194,7.00088e+06,0,0.0155029,1.00003,0,0,1.80115e+09,0.979797,0.991156,1.10271,1.01376,1,1,1
0,42966.9,8.70631e+08,0.84436,0.290362,1.08521,0.921478,6.71698e+06,0,0.0193787,1.00003,0,0,1.39334e+09,0.908051,0.990263,1.05724,1.01305,1,1,1
0,53967,5.67996e+08,0.890076,0.252934,1.05884,0.944427,7.25647e+06,0,0.0185852,1.00003,0,0,1.75642e+09,0.931366,0.997436,1.05724,1.01305,1,1,1
0,49181,7.31165e+08,0.92099,0.208949,1.04164,0.960022,1.08445e+07,0,0.0150757,1.00003,0,0,1.60305e+09,0.95932,0.960569,1.05724,1.01305,1,1,1
0,58161.1,3.95623e+08,0.968903,0.139945,1.01625,0.984009,1.70736e+07,0,0.0107422,1.00003,0,0,1.90172e+09,0.977051,0.997209,1.05724,1.01305,1,1,1
0,5650.7,6.38672e+07,0.655121,3.22782,1.29415,0.772705,3.04899e+06,0,0.0206909,1.00003,0,0,1.37555e+08,0.755188,0.695728,1.64667,1.37654,1.00006,1,1
0,6551.97,1.55008e+08,0.519073,2.65739,1.40094,0.713806,2.5187e+06,0,0.026825,1.00003,0,0,1.54909e+08,0.686554,0.735191,1.64667,1.37654,1.00006,1,1
0,5573.95,6.16512e+07,0.597443,2.51623,1.31114,0.762695,2.28262e+06,0,0.0209045,1.00003,0,0,1.41532e+08,0.734436,0.688388,4.813,1,1,1,1
0,61702.5,2.13802e+08,0.579468,0.755797,1.33938,0.746613,148418,0,0.0792236,1.00003,0,0,1.49308e+09,0.72644,0.761694,1.0702,1.00935,1,1.0002,1.00002
0,56478.1,4.53364e+08,0.572571,1.08617,1.35865,0.736023,387417,0,0.0501404,1.00003,0,0,1.35865e+09,0.723755,0.763548,1.0702,1.00935,1,1.0002,1.00002
0,61527.7,2.27917e+08,0.977142,0.160331,1.01226,0.987885,5.17172e+06,0,0.0071106,1.00003,0,0,2.01417e+09,0.983704,0.996666,1.0702,1.00935,1,1.0002,1.00002
0,51668.9,6.49365e+08,0.869476,0.271991,1.07067,0.93399,4.44444e+06,0,0.0124207,1.00003,0,0,1.67919e+09,0.930084,0.887683,1.0702,1.00935,1,1.0002,1.00002
0,53491.2,5.83245e+08,0.888458,0.258935,1.06004,0.943359,4.60239e+06,0,0.0169678,1.00003,0,0,1.7405e+09,0.929779,0.99162,1.0702,1.00935,1,1.0002,1.00002
0,21217.9,7.40838e+08,0.71521,0.42855,1.16887,0.85553,2.38491e+06,0,0.0126343,1.00003,0,0,6.6674e+08,0.84256,0.827528,1.0702,1.00935,1,1.0002,1.00002
0,34071.2,9.38114e+08,0.930298,0.203762,1.0368,0.964508,4.3281e+06,0,0.00906372,1.00003,0,0,1.10947e+09,0.96106,0.954045,1.0702,1.00935,1,1.0002,1.00002
0,4633.05,2.84865e+07,0.940399,0.180315,1.03109,0.969849,3.99873e+06,0,0.0127869,1.00003,0,0,1.46049e+08,0.957703,0.964887,1.0702,1.00935,1,1.0002,1.00002
0,45565.3,8.18872e+08,0.892426,0.256634,1.05799,0.94519,6.21369e+06,0,0.00970459,1.00003,0,0,1.48164e+09,0.941406,0.981276,1.0702,1.00935,1,1.0002,1.00002
0,56271.1,4.51149e+08,0.800232,0.356964,1.11217,0.899139,317681,0,0.119446,1.00003,0,0,1.64549e+09,0.871002,0.991352,1.97275,1.5817,1.00368,1.0012,1.00022
0,64938.2,3.57433e+07,0.715088,0.395367,1.16695,0.856934,87540.9,0,0.111023,1.00003,0,0,1.82742e+09,0.856384,0.99979,1.0275,1,1,1,1
0,64473.6,6.33219e+07,0.549805,0.515704,1.29318,0.773285,37396.3,0,0.859985,1.00003,0,0,1.63803e+09,0.136108,0.999536,1,1,1.01693,1,1.00668
0,64985.6,3.31371e+07,0.522461,0.49181,1.31546,0.760193,33001.3,0,0.877686,1.00003,0,0,1.62159e+09,0.119019,0.997101,1,1,1.02419,1,1
0,64683.3,5.1158e+07,0.542511,0.53105,1.29923,0.769684,34908.5,0,0.859039,1.00003,0,0,1.63766e+09,0.132233,0.994392,1,1,1,1.00384,1
0,64757.1,4.67359e+07,0.540741,0.51606,1.30068,0.768829,36795.6,0,0.807526,1.00003,0,0,1.63714e+09,0.131653,0.947233,1,1,1,1.00488,1
0,64980.6,3.34787e+07,0.518829,0.488564,1.31847,0.758453,33211.5,0,0.849304,1.00003,0,0,1.61739e+09,0.11911,0.964179,1,1,1,1.00488,1
0,63899.3,9.70057e+07,0.565887,0.533181,1.28005,0.781219,46608.3,0,0.822937,1.00003,0,0,1.63958e+09,0.143738,0.971968,1,1,1,1.00488,1
0,64610.1,5.51565e+07,0.545929,0.53947,1.29697,0.771027,40517,0,0.854767,1.00003,0,0,1.63923e+09,0.133789,0.993402,1,1,1,1,1.01536
0,64709.6,4.92965e+07,0.541779,0.5253,1.30001,0.769226,34014.1,0,0.15567,1.00003,0,0,1.63742e+09,0.131989,0.954882,1,1,1,1,1.01621
0,63853.4,9.92316e+07,0.567688,0.558045,1.27935,0.781647,53321.9,0,0.119354,1.00003,0,0,1.64012e+09,0.144043,0.998135,1,1,1,1,1.01621
0,64777.4,4.554e+07,0.540558,0.51856,1.30078,0.768768,35252.2,0,0.135529,1.00003,0,0,1.63718e+09,0.131439,0.960803,1,1,1,1,1.01621
0,64627.2,5.43815e+07,0.544189,0.553539,1.29867,0.77002,38482,0,0.09552,1.00003,0,0,1.63796e+09,0.132416,0.96452,1,1,1,1,1.01621
0,64870.2,4.00485e+07,0.54071,0.471382,1.29918,0.769714,33099.4,0,0.0945435,1.00003,0,0,1.63697e+09,0.127228,0.998051,1,1,1,1,1.01621
0,63726.7,1.06238e+08,0.571655,0.626912,1.27726,0.782928,54679.7,0,0.0888062,1.00003,0,0,1.641e+09,0.14505,0.994649,1,1,1,1,1.01621
0,64553.2,5.87053e+07,0.546082,0.55068,1.29687,0.771088,39477.9,0,0.0970459,1.00003,0,0,1.63813e+09,0.133728,0.964575,1,1,1,1,1.01621
0,64419.4,6.66911e+07,0.552216,0.534498,1.29104,0.774567,39818.6,0,0.086792,1.00003,0,0,1.63882e+09,0.137329,0.997244,1,1,1,1,1.01621
0,60830.5,2.64842e+08,0.644165,0.569496,1.22351,0.817322,175732,0,0.0988464,1.00003,0,0,1.64529e+09,0.179779,0.963778,1.02359,1,1,1,1
0,65072.6,2.79906e+07,0.518341,0.480049,1.31837,0.758514,32468.7,0,0.115906,1.00003,0,0,1.6185e+09,0.118744,0.999801,1.02187,1,1,1,1
0,64074.8,8.66432e+07,0.562439,0.506893,1.28316,0.779327,38495.2,0,0.0889587,1.00003,0,0,1.63756e+09,0.141998,0.955839,1.02403,1,1,1,1
0,63664.6,1.09963e+08,0.570587,0.619634,1.278,0.782471,54114.8,0,0.116791,1.00003,0,0,1.64036e+09,0.144775,0.998296,1.03258,1,1,1,1
0,64952.7,3.49466e+07,0.518311,0.481805,1.31858,0.758392,37702.9,0,0.0961914,1.00003,0,0,1.6153e+09,0.100494,0.995651,1,1.05933,1,1,1
0,65115.8,2.5478e+07,0.513885,0.471306,1.32161,0.756653,31109.7,0,0.0924683,1.00003,0,0,1.61451e+09,0.0948181,0.998275,1,1.05933,1,1,1
0,63366.1,1.26403e+08,0.581879,0.524054,1.26723,0.789124,71426.6,0,0.116302,1.00003,0,0,1.64143e+09,0.151245,0.997822,1.0351,1,1,1,1
0,63821.4,1.00651e+08,0.568024,0.601545,1.2799,0.781311,51780.3,0,0.0911255,1.00003,0,0,1.63898e+09,0.143494,0.968976,1.0351,1,1,1,1
0,64566.7,5.75703e+07,0.545319,0.548588,1.29769,0.770599,41595.4,0,0.115784,1.00003,0,0,1.6371e+09,0.133118,0.999301,1.03857,1,1,1,1
0,64963.6,3.45081e+07,0.53653,0.480869,1.30301,0.767456,31799.1,0,0.115753,1.00003,0,0,1.63604e+09,0.120422,0.999166,1.05757,1,1,1,1
0,64515.2,6.06934e+07,0.544464,0.577797,1.29918,0.769714,36437.9,0,0.121521,1.00003,0,0,1.63695e+09,0.132324,0.998907,1.02788,1,1,1,1
0,60506.9,2.80568e+08,0.960999,0.159953,1.02046,0.97995,2.11992e+07,0,0.0151672,1.00003,0,0,1.97764e+09,0.979126,0.997727,1.04123,1,1,1,1
0,39961.5,9.09942e+08,0.91507,0.227524,1.0452,0.956757,3.78148e+06,0,0.0259094,1.00003,0,0,1.29996e+09,0.943024,0.97561,1.14698,1,1,1,1
0,49778.3,7.04002e+08,0.856232,0.347454,1.07917,0.926636,4.17414e+06,0,0.00952148,1.00003,0,0,1.61639e+09,0.924835,0.980493,1.04882,1,1,1,1
0,42691.6,8.76547e+08,0.942627,0.183512,1.02999,0.970886,4.31191e+06,0,0.0010376,1.00003,0,0,1.39204e+09,0.950958,0.946224,1.04882,1,1,1,1
0,4993.45,4.70358e+07,0.900116,0.248522,1.05343,0.94928,3.77137e+06,0,0.00967407,1.00003,0,0,1.53754e+08,0.936523,0.934828,1.04882,1,1,1,1
0,38071.7,9.2083e+08,0.804993,0.32948,1.10943,0.901367,3.81825e+06,0,0.00531006,1.00003,0,0,1.22693e+09,0.875549,0.970001,1.04882,1,1,1,1
0,49075.7,7.02638e+08,0.911896,0.967548,1.05638,0.946625,2.18774e+07,0,0.043335,1.00003,0,0,1.59898e+09,0.929413,0.959578,1.04147,1,1,1,1
0,20159.3,6.03638e+08,0.838776,1.06855,1.11025,0.900696,1.77703e+06,0,0.055481,1.00003,0,0,6.35018e+08,0.874512,0.807303,1.36862,1.05888,1.00086,1,1.00004
0,42573.9,7.81135e+08,0.918549,0.263565,1.04536,0.956604,715634,0,0.0792847,1.00003,0,0,1.38471e+09,0.929199,0.995743,1.22884,1.00018,1,1.00005,1
0,42019.4,8.7103e+08,0.978241,0.262478,1.01455,0.985657,4.24481e+06,0,0.00973511,1.00003,0,0,1.37431e+09,0.98288,0.99656,1.05081,1,1,1,1
0,41609.8,7.96106e+08,0.96582,0.287285,1.02097,0.979462,1.00786e+06,0,0.0112,1.00003,0,0,1.35989e+09,0.97644,0.992952,1.05242,1,1,1,1
0,55639.2,4.4774e+08,0.986725,0.283565,1.00899,0.991089,1.63703e+06,0,0.000183105,1.00003,0,0,1.82172e+09,0.990021,0.991274,1.13254,1,1,1,1
0,57859.8,3.85771e+08,0.979248,0.300427,1.01302,0.987152,6.42496e+06,0,0.00158691,1.00003,0,0,1.89364e+09,0.985229,0.987798,1.13254,1,1,1,1
0,52465.5,5.96794e+08,0.989685,0.166778,1.00636,0.993683,9.80359e+06,0,0.00256348,1.00003,0,0,1.71829e+09,0.993073,0.989703,1.13254,1,1,1,1
0,55720.9,4.83166e+08,0.985474,0.26644,1.00964,0.990448,7.53998e+06,0,0.000518799,1.00003,0,0,1.82435e+09,0.989777,0.991238,1.13254,1,1,1,1
0,61081.5,2.34065e+08,0.994232,0.200874,1.00444,0.995575,6.5577e+06,0,0.000366211,1.00003,0,0,2.00092e+09,0.994934,0.992615,1.13254,1,1,1,1
0,61479,2.2282e+08,0.979675,0.205699,1.01151,0.988617,6.23157e+06,0,0.00119019,1.00003,0,0,2.01273e+09,0.987671,0.99351,1.13254,1,1,1,1
0,55912.3,4.66614e+08,0.991821,0.222892,1.00552,0.994507,8.40524e+06,0,0.000976562,1.00003,0,0,1.83135e+09,0.993896,0.988366,1.13254,1,1,1,1
0,51833.7,5.98195e+08,0.988007,0.195659,1.00741,0.992645,8.07318e+06,0,0.000396729,1.00003,0,0,1.69654e+09,0.991913,0.987553,1.13254,1,1,1,1
0,57532.8,3.59369e+08,0.984619,0.270085,1.00992,0.990173,7.38897e+06,0,0.000457764,1.00003,0,0,1.88241e+09,0.988129,0.992547,1.13254,1,1,1,1
0,64715.5,4.68089e+07,0.993591,0.197728,1.00454,0.995483,1.25696e+07,0,0.00012207,1.00003,0,0,2.11997e+09,0.994476,0.994733,1.13254,1,1,1,1
0,59163.3,3.01426e+08,0.995087,0.163744,1.00337,0.996643,1.14833e+07,0,9.15527e-05,1.00003,0,0,1.93821e+09,0.995667,0.997374,1.13254,1,1,1,1
0,58366.9,3.7111e+08,0.990631,0.149977,1.00552,0.994507,7.43377e+06,0,0.00256348,1.00003,0,0,1.91175e+09,0.993866,0.995763,1.13254,1,1,1,1
0,54198.3,5.53856e+08,0.938263,0.20172,1.03262,0.968414,6.7495e+06,0,0.014801,1.00003,0,0,1.76494e+09,0.957367,0.9775,1.13254,1,1,1,1
0,58356.7,3.54819e+08,0.985657,0.191986,1.00843,0.991638,6.92491e+06,0,0.00491333,1.00003,0,0,1.91088e+09,0.990143,0.994178,1.13254,1,1,1,1
0,56456.3,4.53582e+08,0.952972,0.179506,1.02483,0.975769,6.13436e+06,0,0.0140076,1.00003,0,0,1.84404e+09,0.972351,0.996498,1.13254,1,1,1,1
0,41066.4,8.90082e+08,0.944702,0.188626,1.02928,0.971558,4.56788e+06,0,0.0101013,1.00003,0,0,1.34106e+09,0.969666,0.987248,1.13254,1,1,1,1
0,49674.1,6.92586e+08,0.99054,0.14947,1.00568,0.994354,5.86698e+06,0,0.00308228,1.00003,0,0,1.62689e+09,0.993622,0.995615,1.13254,1,1,1,1
0,54554,5.13684e+08,0.974518,0.203772,1.01443,0.985779,3.73184e+06,0,0.00189209,1.00003,0,0,1.78478e+09,0.980896,0.986187,1.13254,1,1,1,1
0,49458.9,6.87583e+08,0.972839,0.193338,1.01505,0.985168,6.33143e+06,0,0.00280762,1.00003,0,0,1.61125e+09,0.982147,0.993554,1.13254,1,1,1,1
0,44604.6,7.32732e+08,0.968781,0.229153,1.01742,0.98288,4.9757e+06,0,0.00256348,1.00003,0,0,1.45874e+09,0.981934,0.993852,1.13254,1,1,1,1
0,45675.6,6.56661e+08,0.976898,0.194563,1.01292,0.987244,5.15615e+06,0,0.000671387,1.00003,0,0,1.49469e+09,0.986298,0.978867,1.13254,1,1,1,1
0,54511,4.90185e+08,0.983246,0.150994,1.0094,0.990692,5.6593e+06,0,0.000183105,1.00003,0,0,1.78464e+09,0.988373,0.990944,1.13254,1,1,1,1
0,59135.1,3.07166e+08,0.98938,0.132033,1.00599,0.994049,5.02435e+06,0,0.000427246,1.00003,0,0,1.93673e+09,0.992004,0.990753,1.13254,1,1,1,1
0,57278.7,4.01264e+08,0.981415,0.172093,1.0103,0.989807,5.45805e+06,0,0.000793457,1.00003,0,0,1.87513e+09,0.989044,0.987774,1.13254,1,1,1,1
0,50832.1,6.42702e+08,0.9888,0.146062,1.00626,0.993774,7.30473e+06,0,6.10352e-05,1.00003,0,0,1.66463e+09,0.991669,0.990572,1.13254,1,1,1,1
0,61933.5,1.94439e+08,0.993073,0.146403,1.00417,0.99585,4.06313e+06,0,0.000701904,1.00003,0,0,2.02885e+09,0.995453,0.995439,1.13254,1,1,1,1
0,46378.6,6.69372e+08,0.990204,0.205926,1.00645,0.993591,7.3842e+06,0,0.000244141,1.00003,0,0,1.51885e+09,0.993103,0.992659,1.13254,1,1,1,1
0,64616.2,5.45337e+07,0.992462,0.185512,1.00488,0.995148,7.91966e+06,0,0.000152588,1.00003,0,0,2.11663e+09,0.994873,0.993639,1.13254,1,1,1,1
0,63332,1.23763e+08,0.995148,0.182995,1.00337,0.996643,4.65494e+06,0,0.00100708,1.00003,0,0,2.07479e+09,0.995728,0.995991,1.13254,1,1,1,1
0,64018.9,8.70314e+07,0.99704,0.120507,1.00211,0.997894,4.88926e+06,0,0.000396729,1.00003,0,0,2.09749e+09,0.997253,0.997882,1.13254,1,1,1,1
0,36479.3,7.4763e+08,0.994781,0.172238,1.00364,0.996368,5.76031e+06,0,0,1.00003,0,0,1.19486e+09,0.995667,0.996223,1.13254,1,1,1,1
0,63254.1,1.32324e+08,0.994598,0.143193,1.00337,0.996643,1.27748e+06,0,0.0015564,1.00003,0,0,2.07221e+09,0.995148,0.994102,1.13254,1,1,1,1
0,65273.9,1.47769e+07,0.998474,0.0672336,1.0011,0.998901,2.4812e+06,0,6.10352e-05,1.00003,0,0,2.13875e+09,0.998627,0.998164,1.13254,1,1,1,1
0,57078.5,4.1361e+08,0.982025,0.167087,1.01002,0.990082,5.03622e+06,0,0.00332642,1.00003,0,0,1.86858e+09,0.987732,0.991606,1.13254,1,1,1,1
0,64372.7,6.80113e+07,0.996338,0.131107,1.00263,0.997375,5.49792e+06,0,0.00012207,1.00003,0,0,2.10897e+09,0.996979,0.995535,1.13254,1,1,1,1
0,58352.7,3.72833e+08,0.984711,0.144307,1.00828,0.991791,5.49972e+06,0,0.000823975,1.00003,0,0,1.91043e+09,0.99118,0.995524,1.13254,1,1,1,1
0,55880.2,4.57077e+08,0.985413,0.143556,1.00812,0.991943,5.14841e+06,0,0.00119019,1.00003,0,0,1.82975e+09,0.990631,0.99104,1.13254,1,1,1,1
0,59320.8,3.19268e+08,0.992615,0.111743,1.00435,0.995667,7.97069e+06,0,0.000823975,1.00003,0,0,1.94304e+09,0.994659,0.996703,1.13254,1,1,1,1
0,57055.7,4.27348e+08,0.979401,0.193011,1.01176,0.988373,9.58814e+06,0,0.000732422,1.00003,0,0,1.86677e+09,0.987518,0.990439,1.13254,1,1,1,1
0,51362.5,6.24995e+08,0.980835,0.149568,1.01045,0.989655,5.95026e+06,0,0.00231934,1.00003,0,0,1.68117e+09,0.98877,0.989878,1.13254,1,1,1,1
0,51103.1,6.11901e+08,0.972534,0.22764,1.01531,0.984924,1.19858e+07,0,0.000640869,1.00003,0,0,1.67172e+09,0.984344,0.982374,1.13254,1,1,1,1
0,58506.8,3.39975e+08,0.977112,0.19794,1.01264,0.987518,1.05856e+07,0,0.0015564,1.00003,0,0,1.9151e+09,0.986267,0.992295,1.13254,1,1,1,1
0,4810.08,8.4795e+07,0.968872,0.129368,1.01594,0.984314,7.35973e+06,0,0.000854492,1.00003,0,0,1.5461e+08,0.978577,0.971433,1.13254,1,1,1,1
0,48194.3,7.0602e+08,0.96756,0.256801,1.01818,0.982147,6.17143e+06,0,0.00634766,1.00003,0,0,1.57513e+09,0.981049,0.991815,1.13254,1,1,1,1
0,60463.3,2.40623e+08,0.996674,0.0840237,1.00211,0.997894,7.58965e+06,0,0.000823975,1.00003,0,0,1.98096e+09,0.997314,0.997547,1.13254,1,1,1,1
0,64827.5,4.01348e+07,0.99585,0.130419,1.00294,0.99707,6.85139e+06,0,0.000518799,1.00003,0,0,2.12387e+09,0.996643,0.995633,1.13254,1,1,1,1
0,52068.7,6.06661e+08,0.974182,0.172776,1.01414,0.986053,6.49062e+06,0,0.000976562,1.00003,0,0,1.70374e+09,0.985382,0.983672,1.13254,1,1,1,1
0,62550.9,1.68155e+08,0.988556,0.145548,1.00673,0.993317,5.55382e+06,0,0.00167847,1.00003,0,0,2.04855e+09,0.992432,0.993809,1.13254,1,1,1,1
0,65066.3,2.74588e+07,0.996887,0.0797251,1.0019,0.998108,5.96849e+06,0,0.000640869,1.00003,0,0,2.13174e+09,0.997681,0.999127,1.13254,1,1,1,1
0,64913.6,3.63162e+07,0.997406,0.104606,1.0019,0.998108,6.09978e+06,0,0.000701904,1.00003,0,0,2.12682e+09,0.997223,0.998169,1.13254,1,1,1,1
0,65181.3,2.08892e+07,0.997559,0.101939,1.00183,0.998169,8.18196e+06,0,0.000152588,1.00003,0,0,2.13561e+09,0.997711,0.997399,1.13254,1,1,1,1
0,65326.8,1.21838e+07,0.998901,0.0773681,1.00086,0.999146,1.13407e+07,0,0.000549316,1.00003,0,0,2.1405e+09,0.998352,0.998651,1.13254,1,1,1,1
0,53996.6,5.49193e+08,0.980255,0.461398,1.01399,0.986206,5.73161e+06,0,0.00994873,1.00003,0,0,1.76748e+09,0.982086,0.976059,1.29274,1.00012,1.00795,1.00742,1
0,14706.7,5.3052e+08,0.396693,9.72082,1.97028,0.507541,1667.66,0,0.0612975,1.00005,0,0,2.43614e+08,0.507541,0.535001,1,1,1,1,1
0,37868,9.1728e+08,0.659637,4.54736,1.37912,0.725098,2821.71,0,0.0377502,1.00003,0,0,1.18195e+09,0.680023,0.787546,1,1,1,1,1
0,18439.3,6.4416e+08,0.733887,0.391752,1.15531,0.86557,45660.9,0,0.0600891,1.00003,0,0,5.75227e+08,0.856812,0.865551,1.74482,1.00654,1,1,1
0,8844.11,1.64033e+08,0.076416,23.2151,6.81956,0.146637,5299.39,0,0.0406799,1.00003,0,0,8.86738e+07,0.0716553,0.0730754,1.5646,1.31487,1.01334,1,1.00043
0,8890.16,1.65475e+08,0.0657959,23.3944,7.42197,0.134735,5140.55,0,0.00421143,1.00003,0,0,8.81101e+07,0.0682983,0.0740863,1.5646,1.31487,1.01334,1,1.00043
0,16599.2,5.16972e+08,0.418121,9.78642,1.93493,0.516815,59817.1,0,0.00897217,1.00003,0,0,4.47692e+08,0.440033,0.286396,6.99759,1.84021,1.01156,1.02919,1.00806
0,65476.4,3.27076e+06,0.999634,0.0135316,1.00018,0.999817,91771.2,0,3.05176e-05,1.00003,0,0,2.1455e+09,0.999664,0.999284,3.21543,1.06664,1.00741,1.00131,1.12979
0,63560,1.07026e+08,0.995941,0.0718615,1.00236,0.99765,318151,0,0.000671387,1.00003,0,0,2.08238e+09,0.997253,0.997908,3.21543,1.06664,1.00741,1.00131,1.12979
0,64151.3,7.29019e+07,0.997559,0.0524258,1.00141,0.998596,244812,0,0.000549316,1.00003,0,0,2.1019e+09,0.998047,0.998444,3.21543,1.06664,1.00741,1.00131,1.12979
0,62384.5,1.78261e+08,0.964844,0.144851,1.0184,0.981934,1.02642e+06,0,3.05176e-05,1.00003,0,0,2.03945e+09,0.96936,0.983278,3.21543,1.06664,1.00741,1.00131,1.12979
0,65090.6,2.40558e+07,0.998901,0.0349438,1.00067,0.999329,629011,0,0.000244141,1.00003,0,0,2.1328e+09,0.999146,0.998736,3.21543,1.06664,1.00741,1.00131,1.12979
0,65436.4,5.31277e+06,0.999481,0.027624,1.00034,0.999664,248768,0,3.05176e-05,1.00003,0,0,2.14417e+09,0.999512,0.999546,3.21543,1.06664,1.00741,1.00131,1.12979
0,65434.7,5.58276e+06,0.999268,0.0366496,1.00049,0.999512,200607,0,0,1.00003,0,0,2.1441e+09,0.99939,0.999191,3.21543,1.06664,1.00741,1.00131,1.12979
0,65470.6,3.54229e+06,0.999756,0.0110485,1.00012,0.999878,228910,0,0,1.00003,0,0,2.14532e+09,0.999725,0.999806,3.21543,1.06664,1.00741,1.00131,1.12979
0,65497.7,1.96114e+06,0.999817,0.00956832,1.00009,0.999908,368066,0,0,1.00003,0,0,2.14621e+09,0.999908,0.999756,3.21543,1.06664,1.00741,1.00131,1.12979
0,65498.1,1.96521e+06,0.999878,0.0078125,1.00006,0.999939,332174,0,0,1.00003,0,0,2.14623e+09,0.999847,0.999786,3.21543,1.06664,1.00741,1.00131,1.12979
0,65423.7,5.93931e+06,0.999451,0.0264958,1.00034,0.999664,355411,0,3.05176e-05,1.00003,0,0,2.14376e+09,0.999664,0.998539,3.21543,1.06664,1.00741,1.00131,1.12979
0,65486.5,2.58951e+06,0.999878,0.0078125,1.00006,0.999939,311204,0,3.05176e-05,1.00003,0,0,2.14585e+09,0.999908,0.999271,3.21543,1.06664,1.00741,1.00131,1.12979
0,65177.1,2.10957e+07,0.99704,0.0637407,1.00174,0.99826,262680,0,0.000244141,1.00003,0,0,2.13548e+09,0.997955,0.998673,3.21543,1.06664,1.00741,1.00131,1.12979
0,65351.3,1.04522e+07,0.998627,0.0500389,1.00092,0.999084,897622,0,6.10352e-05,1.00003,0,0,2.14131e+09,0.99884,0.998638,3.21543,1.06664,1.00741,1.00131,1.12979
0,51097.6,5.84524e+08,0.986908,0.11244,1.00716,0.992889,1.45413e+06,0,0.00314331,1.00003,0,0,1.67278e+09,0.990417,0.993545,3.21543,1.06664,1.00741,1.00131,1.12979
0,50060.4,6.48591e+08,0.983612,0.125239,1.00887,0.991211,1.34625e+06,0,0.00317383,1.00003,0,0,1.6389e+09,0.989075,0.994296,3.21543,1.06664,1.00741,1.00131,1.12979
0,65460.1,4.31763e+06,0.999451,0.0165728,1.00027,0.999725,287860,0,0,1.00003,0,0,2.14496e+09,0.999451,0.999525,3.21543,1.06664,1.00741,1.00131,1.12979
0,65502.8,1.79199e+06,0.999878,0.0078125,1.00006,0.999939,386192,0,0,1.00003,0,0,2.14639e+09,0.999908,0.999756,3.21543,1.06664,1.00741,1.00131,1.12979
0,65482.2,2.97346e+06,0.999817,0.00956832,1.00009,0.999908,401685,0,0,1.00003,0,0,2.14571e+09,0.999664,0.999534,3.21543,1.06664,1.00741,1.00131,1.12979
0,40995.4,8.37397e+08,0.970703,0.134455,1.01527,0.984955,1.82519e+06,0,9.15527e-05,1.00003,0,0,1.34032e+09,0.984833,0.977203,3.21543,1.06664,1.00741,1.00131,1.12979
0,45906.4,7.64307e+08,0.970673,0.150125,1.01553,0.984711,1.72107e+06,0,6.10352e-05,1.00003,0,0,1.50135e+09,0.982056,0.98304,3.21543,1.06664,1.00741,1.00131,1.12979
0,62852,1.5256e+08,0.960052,0.183629,1.02295,0.97757,199914,0,0.009552,1.00003,0,0,2.05448e+09,0.96756,0.991664,3.21543,1.06664,1.00741,1.00131,1.12979
0,4356.53,9.92204e+07,0.983704,0.10329,1.00853,0.991547,2.58495e+06,0,0.0017395,1.00003,0,0,1.41174e+08,0.988708,0.987645,3.21543,1.06664,1.00741,1.00131,1.12979
0,40628,8.78301e+08,0.974457,0.155827,1.01383,0.986359,2.29951e+06,0,0.000976562,1.00003,0,0,1.32767e+09,0.985321,0.9841,3.21543,1.06664,1.00741,1.00131,1.12979
0,65215.4,1.57344e+07,0.999451,0.0240814,1.00034,0.999664,722863,0,9.15527e-05,1.00003,0,0,2.13693e+09,0.99939,0.999238,3.21543,1.06664,1.00741,1.00131,1.12979
0,58710.2,3.43252e+08,0.971619,0.138334,1.01483,0.985382,1.26487e+06,0,0.00390625,1.00003,0,0,1.9201e+09,0.966858,0.991557,3.21543,1.06664,1.00741,1.00131,1.12979
0,41078.2,7.31118e+08,0.9953,0.0928571,1.00288,0.997131,3.0843e+06,0,0.000701904,1.00003,0,0,1.34544e+09,0.996399,0.996519,3.21543,1.06664,1.00741,1.00131,1.12979
0,64431.5,6.2253e+07,0.996155,0.087418,1.00239,0.99762,884527,0,0.000396729,1.00003,0,0,2.11097e+09,0.997192,0.997787,3.21543,1.06664,1.00741,1.00131,1.12979
0,65396.8,7.28587e+06,0.999329,0.0302611,1.00043,0.999573,760913,0,6.10352e-05,1.00003,0,0,2.14287e+09,0.999268,0.999223,3.21543,1.06664,1.00741,1.00131,1.12979
0,65354.1,1.03105e+07,0.999146,0.0488001,1.00061,0.99939,1.39132e+06,0,0,1.00003,0,0,2.14144e+09,0.999054,0.999146,3.21543,1.06664,1.00741,1.00131,1.12979
0,62610.4,1.63525e+08,0.964203,0.170979,1.01998,0.980408,465314,0,0.0101929,1.00003,0,0,2.04748e+09,0.971344,0.995369,3.21543,1.06664,1.00741,1.00131,1.12979
0,63915.8,7.39202e+07,0.998901,0.037474,1.00067,0.999329,2.16073e+06,0,3.05176e-05,1.00003,0,0,2.0943e+09,0.999023,0.998628,2.57744,1.04665,1.00518,1.00092,1.09085
0,64096.8,6.84219e+07,0.999146,0.0386768,1.00058,0.99942,2.00172e+06,0,6.10352e-05,1.00003,0,0,2.10025e+09,0.999176,0.999295,3.21543,1.06664,1.00741,1.00131,1.12979
0,65327.2,1.12969e+07,0.999054,0.0424415,1.00064,0.999359,978899,0,3.05176e-05,1.00003,0,0,2.14056e+09,0.999207,0.998859,2.62177,1.0644,1.00584,1.00092,1.09155
0,65393.4,8.2652e+06,0.999268,0.0340587,1.00049,0.999512,233782,0,0.00143433,1.00003,0,0,2.14274e+09,0.999298,0.999612,1.05262,1,1,1,1
0,8164.88,1.4712e+08,0.178741,11.4637,3.46275,0.288788,431832,0,0.0361938,1.00003,0,0,1.03883e+08,0.221039,0.20262,2.23738,1.10968,1.01656,1.01968,1.00673
0,9087.48,1.76866e+08,0.0750732,17.492,7.03478,0.142151,170625,0,0.00848389,1.00003,0,0,9.16413e+07,0.0793152,0.0773901,2.23738,1.10968,1.01656,1.01968,1.00673
0,13842.2,4.04702e+08,0.15976,14.449,4.33095,0.230896,398124,0,0.0112,1.00003,0,0,2.71533e+08,0.168274,0.0915576,2.23738,1.10968,1.01656,1.01968,1.00673
0,9122.91,2.01266e+08,0.068512,19.8263,7.33065,0.136414,116786,0,0.011322,1.00003,0,0,9.32603e+07,0.0715942,0.0630993,2.23738,1.10968,1.01656,1.01968,1.00673
0,9061.84,1.76572e+08,0.0632935,19.635,7.70468,0.129791,102882,0,0.0137329,1.00003,0,0,8.82109e+07,0.0635376,0.0578539,2.23738,1.10968,1.01656,1.01968,1.00673
0,9121.7,1.78672e+08,0.0645142,20.0267,7.71193,0.129669,99435.7,0,0.0158386,1.00003,0,0,8.96353e+07,0.0637817,0.0605838,2.23738,1.10968,1.01656,1.01968,1.00673
0,15599.9,4.75776e+08,0.243958,11.4901,3.15138,0.317322,647273,0,0.017334,1.00003,0,0,3.50316e+08,0.247528,0.132474,2.23738,1.10968,1.01656,1.01968,1.00673
0,8741.91,1.58927e+08,0.0619507,20.5039,7.77783,0.128571,84222.5,0,0.00408936,1.00003,0,0,7.9914e+07,0.0622559,0.0682166,1.86985,1.29529,1,1,1
0,47678.2,5.06933e+08,0.994568,0.080309,1.00303,0.996979,542820,0,0.00210571,1.00003,0,0,1.56184e+09,0.996246,0.996778,1.23655,1.05916,1.00217,1,1.00232
0,43772.8,7.04715e+08,0.994354,0.077792,1.00312,0.996887,647554,0,0.00152588,1.00003,0,0,1.43387e+09,0.996307,0.997114,1.23655,1.05916,1.00217,1,1.00232
0,47281.3,6.75718e+08,0.996979,0.0672418,1.00177,0.99823,643009,0,0.00140381,1.00003,0,0,1.54895e+09,0.997009,0.998783,1.23655,1.05916,1.00217,1,1.00232
0,54669.4,4.09841e+08,0.998322,0.0530047,1.0011,0.998901,445602,0,9.15527e-05,1.00003,0,0,1.79126e+09,0.998627,0.998548,1.23655,1.05916,1.00217,1,1.00232
0,61864.5,1.72467e+08,0.994232,0.0627655,1.00303,0.996979,743794,0,0.000579834,1.00003,0,0,2.02653e+09,0.996521,0.995962,1.23655,1.05916,1.00217,1,1.00232
0,52274.7,5.91799e+08,0.97522,0.139836,1.01305,0.987122,893006,0,0.0072937,1.00003,0,0,1.71051e+09,0.982727,0.995399,1.23655,1.05916,1.00217,1,1.00232
0,57783,3.16763e+08,0.998016,0.0484895,1.00119,0.99881,710706,0,9.15527e-05,1.00003,0,0,1.89317e+09,0.998566,0.998061,1.23655,1.05916,1.00217,1,1.00232
0,59322.4,3.31864e+08,0.979645,0.152834,1.01095,0.989166,1.07581e+06,0,0.000762939,1.00003,0,0,1.94078e+09,0.988525,0.98877,1.23655,1.05916,1.00217,1,1.00232
0,60135.6,2.83542e+08,0.988831,0.088972,1.00586,0.994171,1.18867e+06,0,0.000396729,1.00003,0,0,1.96849e+09,0.992065,0.99706,1.23655,1.05916,1.00217,1,1.00232
0,62363.2,1.73536e+08,0.967285,0.141111,1.01723,0.983063,262541,0,0.000305176,1.00003,0,0,2.03933e+09,0.967438,0.991184,1.23655,1.05916,1.00217,1,1.00232
0,64681,4.08804e+07,0.998566,0.0829015,1.00107,0.998932,635010,0,0.00012207,1.00003,0,0,2.11932e+09,0.998688,0.998725,1.23655,1.05916,1.00217,1,1.00232
0,64880.2,3.02742e+07,0.999542,0.0270657,1.00031,0.999695,914877,0,9.15527e-05,1.00003,0,0,2.12596e+09,0.999573,0.999872,1.23655,1.05916,1.00217,1,1.00232
0,63624.4,8.55506e+07,0.999298,0.0445466,1.00052,0.999481,1.02809e+06,0,0,1.00003,0,0,2.08477e+09,0.999359,0.999236,1.23655,1.05916,1.00217,1,1.00232
0,65057.8,2.74751e+07,0.998993,0.0524219,1.00073,0.999268,923169,0,6.10352e-05,1.00003,0,0,2.13172e+09,0.999054,0.999022,1.23655,1.05916,1.00217,1,1.00232
0,55870.4,3.78701e+08,0.962006,0.182041,1.02189,0.978577,556732,0,0.00952148,1.00003,0,0,1.82525e+09,0.967316,0.994495,1.23655,1.05916,1.00217,1,1.00232
0,59070.4,2.48639e+08,0.999481,0.0234391,1.00031,0.999695,928735,0,0.000244141,1.00003,0,0,1.93558e+09,0.999573,0.999278,1.23655,1.05916,1.00217,1,1.00232
0,63405.4,1.03687e+08,0.993256,0.108396,1.00404,0.995972,523104,0,0.00210571,1.00003,0,0,2.07691e+09,0.993134,0.996763,1.23655,1.05916,1.00217,1,1.00232
0,62743.9,1.16434e+08,0.999084,0.0345042,1.00058,0.99942,690037,0,6.10352e-05,1.00003,0,0,2.05592e+09,0.998444,0.999235,1.23655,1.05916,1.00217,1,1.00232
0,62378.5,1.45648e+08,0.999298,0.0374734,1.00049,0.999512,1.40168e+06,0,0,1.00003,0,0,2.04395e+09,0.99939,0.999607,1.23655,1.05916,1.00217,1,1.00232
0,62842.7,1.31398e+08,0.997131,0.0722811,1.00174,0.99826,371333,0,0.000244141,1.00003,0,0,2.059e+09,0.99585,0.998122,1.23655,1.05916,1.00217,1,1.00232
0,62721.3,1.29329e+08,0.999695,0.0123526,1.00015,0.999847,1.53854e+06,0,0,1.00003,0,0,2.05524e+09,0.999725,0.999622,1.23655,1.05916,1.00217,1,1.00232
0,61489.2,1.84065e+08,0.996704,0.0797279,1.00208,0.997925,373545,0,0.00012207,1.00003,0,0,2.0146e+09,0.995209,0.996508,1.23655,1.05916,1.00217,1,1.00232
0,60105.7,2.63434e+08,0.948486,0.247772,1.0333,0.967773,330401,0,0.00317383,1.00003,0,0,1.96125e+09,0.96524,0.996325,1.23655,1.05916,1.00217,1,1.00232
0,64285,5.50307e+07,0.998566,0.0566265,1.00101,0.998993,1.00217e+06,0,3.05176e-05,1.00003,0,0,2.10636e+09,0.998962,0.997823,1.23655,1.05916,1.00217,1,1.00232
0,61997,1.59843e+08,0.999146,0.037879,1.00058,0.99942,692104,0,6.10352e-05,1.00003,0,0,2.03144e+09,0.999176,0.997972,1.23655,1.05916,1.00217,1,1.00232
0,63485.3,9.95742e+07,0.996582,0.115987,1.00226,0.997742,571211,0,0,1.00003,0,0,2.07998e+09,0.997467,0.991794,1.23655,1.05916,1.00217,1,1.00232
0,64450,5.3904e+07,0.999817,0.00956832,1.00009,0.999908,2.11667e+06,0,3.05176e-05,1.00003,0,0,2.11188e+09,0.999786,0.999754,1.23655,1.05916,1.00217,1,1.00232
0,65351,9.56242e+06,0.999176,0.0326864,1.00052,0.999481,1.28593e+06,0,6.10352e-05,1.00003,0,0,2.14135e+09,0.999298,0.998911,1.23655,1.05916,1.00217,1,1.00232
0,58731.9,3.96269e+08,0.992065,0.105391,1.00444,0.995575,1.88042e+06,0,0.00323486,1.00003,0,0,1.92384e+09,0.993835,0.998462,1.06438,1,1,1,1
0,58081.6,3.73171e+08,0.99707,0.065398,1.00177,0.99823,2.48503e+06,0,0.00125122,1.00003,0,0,1.90276e+09,0.997833,0.999076,1.06811,1,1,1,1
0,50303.1,6.65696e+08,0.996674,0.0767976,1.00211,0.997894,2.60258e+06,0,0.00125122,1.00003,0,0,1.64782e+09,0.997559,0.998893,1.07108,1,1,1,1
0,55322.6,4.35741e+08,0.990814,0.099251,1.00509,0.994934,2.26815e+06,0,0.00402832,1.00003,0,0,1.81203e+09,0.994202,0.99919,1.0749,1,1,1,1
0,58531,3.24579e+08,0.99704,0.0646928,1.00174,0.99826,2.73591e+06,0,0.00158691,1.00003,0,0,1.9177e+09,0.99762,0.998993,1.10437,1,1,1,1
0,9001.86,2.10268e+08,0.0911865,19.0251,5.72667,0.174622,297927,0,0.00256348,1.00003,0,0,1.11463e+08,0.105316,0.151385,1.13522,1,1,1,1
0,30589.2,2.87268e+09,0.413422,9.62114,1.95642,0.511139,234460,0,0.0796814,1.00003,0,0,8.8944e+08,0.411926,0.380556,1.13522,1,1,1,1
0,9124.86,2.18268e+08,0.0690613,22.1014,6.90289,0.144867,152230,0,0.00723267,1.00003,0,0,1.02099e+08,0.0724487,0.0694664,1.13522,1,1,1,1
0,9291.16,2.05981e+08,0.0723877,23.6566,6.7244,0.148712,151749,0,0.0108337,1.00003,0,0,1.10088e+08,0.076416,0.0769933,1.13522,1,1,1,1
0,42154.8,5.81527e+08,0.90683,0.517644,1.05874,0.944519,2.47163e+06,0,0.0258789,1.00003,0,0,1.36232e+09,0.937683,0.919779,1.61655,1.15121,1.03419,1.00235,1
0,45114,5.06123e+08,0.949219,0.582274,1.0321,0.968903,2.60672e+06,0,0.0111084,1.00003,0,0,1.46537e+09,0.965149,0.963013,1.61655,1.15121,1.03419,1.00235,1
0,8759.44,1.83757e+08,0.0704956,20.8834,6.74933,0.148163,120297,0,0.0128174,1.00003,0,0,9.16147e+07,0.0756836,0.0680838,1.61655,1.15121,1.03419,1.00235,1
0,8976.91,1.71743e+08,0.0614014,22.44,7.61515,0.131317,109790,0,0.00830078,1.00003,0,0,8.79708e+07,0.0617676,0.0565118,1.61655,1.15121,1.03419,1.00235,1
0,9101.67,7.99855e+08,0.141449,51.7098,4.50357,0.222046,3114.53,0,0.0567932,1.00003,0,0,1.20938e+08,0.148285,0.213788,1,1,1,1,1
0,8481.56,3.20174e+08,0.15332,60.995,4.85812,0.205841,3500.84,0,0.0398254,1.00003,0,0,1.21162e+08,0.128845,0.168791,1,1,1,1,1
0,10213.8,8.01965e+08,0.140839,40.1326,4.28564,0.233337,6827.11,0,0.0695801,1.00003,0,0,1.30851e+08,0.183899,0.227437,1,1,1,1,1
0,10282,7.95106e+08,0.117401,34.4481,4.68114,0.213623,11969,0,0.0542297,1.00003,0,0,1.29936e+08,0.174835,0.207831,1,1,1,1,1
0,8563.22,4.1856e+08,0.158264,65.912,4.84018,0.206604,14095.8,0,0.0282898,1.00003,0,0,1.10365e+08,0.151794,0.1445,1.87931,1.05609,1.0189,1.01816,1
0,9971.66,1.23325e+09,0.138763,42.0584,4.45096,0.22467,18272.1,0,0.035553,1.00003,0,0,1.14303e+08,0.189606,0.135273,1.76672,1.06676,1.06148,1.09241,1.00516
0,8282.27,4.38657e+08,0.134613,62.456,4.94761,0.202118,15383.4,0,0.0194092,1.00003,0,0,1.03835e+08,0.150757,0.114669,1.76672,1.06676,1.06148,1.09241,1.00516
0,9003.92,7.70576e+08,0.150299,54.8209,4.38192,0.22821,21338.4,0,0.0250244,1.00003,0,0,1.12045e+08,0.164825,0.131354,1.76672,1.06676,1.06148,1.09241,1.00516
0,8183.88,4.63089e+08,0.147461,63.5498,4.94164,0.202362,19077.1,0,0.0316772,1.00003,0,0,9.696e+07,0.153656,0.109853,1.6945,1.22735,1.0775,1.02108,1.00018
0,9837.09,1.08503e+09,0.130188,49.8687,4.58101,0.218292,23890.9,0,0.0253601,1.00003,0,0,1.24147e+08,0.147095,0.137737,1.57009,1.21388,1.11337,1.00334,1
0,8834.75,4.20206e+08,0.138916,48.3515,4.38309,0.228149,24051.2,0,0.0231323,1.00003,0,0,1.18003e+08,0.178345,0.137157,2.0879,1.5172,1.00209,1.00005,1
0,9812.55,4.49155e+08,0.222382,43.9278,3.51588,0.284424,29579.6,0,0.00820923,1.00003,0,0,1.71491e+08,0.242188,0.109256,1.516,1.23064,1.00516,1.00064,1
0,9258.31,8.29544e+08,0.149445,53.303,4.41796,0.226349,27676.2,0,0.0206299,1.00003,0,0,1.09126e+08,0.169281,0.133683,1.54783,1.11259,1.12257,1,1
0,8197.75,4.31324e+08,0.148041,57.5717,4.75036,0.21051,24402.5,0,0.0334167,1.00003,0,0,1.02008e+08,0.161346,0.121071,1.44669,1.18867,1.01829,1.00281,1.00001
0,8663.44,4.89047e+08,0.123901,50.7008,4.84161,0.206543,24576.7,0,0.0249939,1.00003,0,0,1.03842e+08,0.15683,0.105849,1.53096,1.21331,1.02161,1,1
0,10177.6,1.18125e+09,0.151093,41.0676,4.21616,0.237183,27998.7,0,0.0267944,1.00003,0,0,1.28727e+08,0.163116,0.138939,1.51455,1.26446,1.04477,1,1
0,8307.67,1.2736e+08,0.0743713,17.9753,5.98612,0.167053,3413.43,0,0.0083313,1.00003,0,0,1.00709e+08,0.0709229,0.0785641,1,1,1,1,1
0,8325.19,1.28227e+08,0.0746155,18.1969,5.96324,0.167694,5181.7,0,0.0193787,1.00003,0,0,1.01428e+08,0.0704651,0.0781072,1,1,1,1,1
0,8299.25,1.27704e+08,0.0732422,18.0048,6.04018,0.165558,5943.81,0,0.0170593,1.00003,0,0,1.00884e+08,0.0686951,0.0769048,1,1,1,1,1
0,11561.2,2.82056e+08,0.21487,42.3761,3.93946,0.253842,348.391,0,0.00448857,1.00005,0,0,1.24548e+08,0.253842,0.265948,1,1,1,1,1
0,11575,5.21859e+08,0.277161,26.7399,2.67123,0.374359,1121.26,0,0.0211792,1.00003,0,0,2.18463e+08,0.358521,0.390166,1,1,1,1,1
0,36839.8,5.9982e+08,0.91272,1.91997,1.06994,0.934631,23648.7,0,0.0266724,1.00003,0,0,1.1863e+09,0.909119,0.905763,1,1,1,1,1
0,14746.5,5.41767e+08,0.283051,36.267,2.77813,0.359955,12138.3,0,0.0162354,1.00003,0,0,3.08739e+08,0.311096,0.24566,1,1,1,1,1
0,8966.97,3.1858e+08,0.177063,60.0417,4.5945,0.217651,10178,0,0.0180054,1.00003,0,0,1.29378e+08,0.192993,0.128243,1,1,1,1,1
0,9309.05,5.18375e+08,0.127594,50.2155,4.78225,0.209106,13157.6,0,0.0640869,1.00003,0,0,1.31628e+08,0.137939,0.148479,1.32058,1.31866,1.00596,1.00398,1
0,9886.59,7.91568e+08,0.155945,34.9802,3.78514,0.264191,20301,0,0.0397644,1.00003,0,0,1.38526e+08,0.177246,0.131005,1.34044,1.38372,1.0001,1.00001,1
0,31464.6,7.53888e+08,0.961823,0.486885,1.02438,0.976196,205046,0,0.0065918,1.00003,0,0,1.02576e+09,0.96991,0.967111,1.21335,1.06598,1,1.00039,1.00002
0,42789.6,7.27287e+08,0.912415,1.17796,1.05731,0.945801,156080,0,0.0175171,1.00003,0,0,1.3715e+09,0.942047,0.98008,1.21335,1.06598,1,1.00039,1.00002
0,9155.59,5.57818e+08,0.168762,47.1815,4.0044,0.249725,55325,0,0.0142822,1.00003,0,0,1.3405e+08,0.222198,0.143777,1.21335,1.06598,1,1.00039,1.00002
0,7832.23,8.03883e+07,0.137329,73.5708,5.93193,0.168579,26512.6,0,0.0240784,1.00003,0,0,9.61951e+07,0.141449,0.152414,1.21335,1.06598,1,1.00039,1.00002
0,12643.2,2.59746e+08,0.221588,52.6554,3.81245,0.262299,43366.7,0,0.0246277,1.00003,0,0,2.27598e+08,0.238708,0.17405,1.25807,1.00242,1.14316,1.0214,1.00089
0,8163.11,9.76519e+07,0.141663,71.5986,5.70672,0.175232,27799.4,0,0.0137939,1.00003,0,0,1.0511e+08,0.145508,0.161106,1.41394,1.11046,1.11903,1.00401,1
0,9518.31,6.5524e+08,0.183319,49.9656,3.95749,0.252686,53346.7,0,0.00756836,1.00003,0,0,1.47171e+08,0.231628,0.150421,1.41394,1.11046,1.11903,1.00401,1
0,11118.5,5.86325e+08,0.207275,35.7558,3.4366,0.290985,88274.8,0,0.0200195,1.00003,0,0,1.89234e+08,0.259705,0.210484,1.41394,1.11046,1.11903,1.00401,1
0,13597.4,2.81078e+08,0.240356,47.0476,3.42153,0.292267,58167.7,0,0.01474,1.00003,0,0,2.58191e+08,0.27652,0.199672,1.41394,1.11046,1.11903,1.00401,1
0,11242.5,6.07894e+08,0.316162,32.4625,2.56561,0.389771,86354.3,0,0.0105591,1.00003,0,0,2.28992e+08,0.350861,0.19025,1.41394,1.11046,1.11903,1.00401,1
0,9348.67,3.4557e+08,0.294403,40.2592,2.96489,0.33728,102333,0,0.00973511,1.00003,0,0,1.67645e+08,0.307922,0.127278,1.41394,1.11046,1.11903,1.00401,1
0,9074.34,4.42447e+08,0.151093,54.3635,4.49924,0.22226,36718.9,0,0.011261,1.00003,0,0,1.26212e+08,0.205719,0.183711,1.41394,1.11046,1.11903,1.00401,1
0,7665.97,7.53697e+07,0.12796,81.1595,6.49772,0.1539,41120.7,0,0.0191345,1.00003,0,0,8.68321e+07,0.125977,0.160598,1.41394,1.11046,1.11903,1.00401,1
0,8969.44,4.55451e+08,0.168945,43.0379,3.9888,0.250702,47513.7,0,0.023468,1.00003,0,0,1.24439e+08,0.22403,0.134379,1.41394,1.11046,1.11903,1.00401,1
0,9766.39,1.63917e+08,0.188812,49.8461,3.99902,0.250061,51489.1,0,0.0177612,1.00003,0,0,1.61888e+08,0.187408,0.209488,1.70885,1.03578,1.28094,1,1
0,12229.9,2.51076e+08,0.222809,52.0219,3.79215,0.263702,58096.3,0,0.0207825,1.00003,0,0,2.17625e+08,0.2258,0.176546,1.31554,1.00003,1.00132,1.0024,1.16113
0,7532.86,6.78922e+07,0.119263,82.0154,6.80257,0.147003,29383.3,0,0.0136414,1.00003,0,0,8.02529e+07,0.121063,0.128153,1.31554,1.00003,1.00132,1.0024,1.16113
0,8804.55,5.52837e+08,0.14325,51.9941,4.66648,0.214294,43091.7,0,0.0198059,1.00003,0,0,1.19334e+08,0.192749,0.159988,2.16134,1.4372,1.04165,1.00038,1
0,13954.9,5.18477e+08,0.24942,37.3566,2.98406,0.335114,86235.1,0,0.0319519,1.00003,0,0,2.66885e+08,0.309113,0.239508,2.16134,1.4372,1.04165,1.00038,1
0,7674.56,7.82396e+07,0.12854,78.0818,6.20724,0.161102,32221.2,0,0.0234985,1.00003,0,0,8.48814e+07,0.139954,0.128413,2.16134,1.4372,1.04165,1.00038,1
0,8642.97,6.2271e+08,0.136932,52.6548,4.59966,0.217407,43128.1,0,0.0342102,1.00003,0,0,1.07253e+08,0.188629,0.112066,2.16134,1.4372,1.04165,1.00038,1
0,29866.8,8.54753e+08,0.470307,15.8639,2.04303,0.489468,365.168,0,0.00143812,1.00004,0,0,6.34953e+08,0.489468,0.503712,1,1,1,1,1
0,10279.3,2.5644e+08,0.110962,39.7541,4.68315,0.213531,5662.89,0,0.0473328,1.00003,0,0,1.76868e+08,0.115723,0.245198,1,1,1,1,1
0,65278,1.15548e+07,1,0,1,1,0,0,0,1.00003,0,0,2.13903e+09,1,1,1,1,1,1,1
0,65304,1.0521e+07,1,0,1,1,0,0,0,1.00003,0,0,2.13988e+09,1,1,1,1,1,1,1
0,65374.4,7.36255e+06,1,0,1,1,62680.7,0,3.05176e-05,1.00003,0,0,2.14219e+09,0.999939,1,1,1,1,1,1
0,65424.8,5.23743e+06,1,0,1,1,0,0,0,1.00003,0,0,2.14384e+09,1,1,1,1,1,1,1
0,28990.3,1.40456e+09,0.998657,0.0259111,1.00067,0.999329,200902,0,0,1.00003,0,0,9.49902e+08,0.999329,0.999349,1,1,1,1,1
0,65427,5.3549e+06,1,0,1,1,74907.7,0,6.10352e-05,1.00003,0,0,2.14391e+09,0.999878,0.999945,1,1,1,1,1
0,65460.5,3.31923e+06,1,0,1,1,12450.8,0,0.00012207,1.00003,0,0,2.14501e+09,0.999878,1,1,1,1,1,1
0,35513.5,9.8156e+07,1,0,1,1,98984.5,0,0,1.00003,0,0,1.16371e+09,1,1,1,1,1,1,1
0,33580.4,4.35733e+07,1,0,1,1,0,0,0,1.00003,0,0,1.10036e+09,1,1,1,1,1,1,1
0,33570,4.36683e+07,1,0,1,1,43989.7,0,0.00012207,1.00003,0,0,1.10002e+09,0.999878,1,1,1,1,1,1
0,33597.2,4.42434e+07,1,0,1,1,0,0,0,1.00003,0,0,1.10091e+09,1,1,1,1,1,1,1
0,5303.66,1.2584e+08,0.894714,7.19009,1.11403,0.897644,558179,0,0.000274658,1.00003,0,0,1.59688e+08,0.897369,1,1,1,1,1,1
0,5991.83,5.27006e+09,0.995789,0.189893,1.00337,0.996643,547217,0,0.000457764,1.00003,0,0,1.95851e+08,0.996552,0.99398,1,1,1,1,1
0,34721.4,2.87609e+09,0.995239,0.216318,1.0038,0.996216,557017,0,0.000335693,1.00003,0,0,1.13723e+09,0.996033,0.999108,1,1,1,1,1
0,65536,0,1,0,1,1,0,0,0,1.00003,0,0,2.14748e+09,1,1,1,1,1,1,1
0,64358.1,5.04149e+07,0.999878,0.0078125,1.00006,0.999939,1.30134e+06,0,0,1.00003,0,0,2.10888e+09,0.999939,0.999933,1,1,1,1,1
0,65097.3,1.98308e+07,0.999603,0.020671,1.00024,0.999756,1.30507e+06,0,0.000183105,1.00003,0,0,2.13307e+09,0.999756,0.999957,1,1,1,1,1
0,65290,1.09721e+07,1,0,1,1,1.30625e+06,0,0,1.00003,0,0,2.13942e+09,1,1,1,1,1,1,1
0,65336,9.18726e+06,1,0,1,1,1.30606e+06,0,0,1.00003,0,0,2.14093e+09,1,1,1,1,1,1,1
0,65366,7.72688e+06,1,0,1,1,1.30586e+06,0,0,1.00003,0,0,2.14191e+09,1,1,1,1,1,1,1
0,65006,1.86723e+07,0.99939,0.0174693,1.00031,0.999695,1.27358e+06,0,0,1.00003,0,0,2.12974e+09,0.999695,0.999695,1,1,1,1,1
0,64874.2,2.36251e+07,0.999756,0.0110485,1.00012,0.999878,1.27553e+06,0,0,1.00003,0,0,2.12567e+09,0.999878,1,1,1,1,1,1
0,64998.6,1.88913e+07,0.999756,0.0110485,1.00012,0.999878,1.27667e+06,0,0,1.00003,0,0,2.12974e+09,0.999878,0.999887,1,1,1,1,1
0,65001.9,1.7667e+07,0.999756,0.0110485,1.00012,0.999878,1.27748e+06,0,0,1.00003,0,0,2.12984e+09,0.999878,0.999828,1,1,1,1,1
0,33595.4,4.29824e+07,1,0,1,1,1.26267e+06,0,3.05176e-05,1.00003,0,0,1.10085e+09,1,0.999981,1,1,1,1,1
0,33660,4.35456e+07,1,0,1,1,1.27298e+06,0,0,1.00003,0,0,1.10297e+09,1,1,1,1,1,1,1
0,33562.8,4.27901e+07,0.999786,0.0135319,1.00012,0.999878,1.28174e+06,0,0,1.00003,0,0,1.09965e+09,0.999878,1,1,1,1,1,1
0,36118.5,1.19398e+08,0.997162,0.159716,1.00251,0.997498,364111,0,0.00216675,1.00003,0,0,1.18318e+09,0.997437,0.998897,1,1,1,1,1
0,33563.9,4.54776e+07,0.99826,0.0988828,1.00147,0.998535,340192,0,0.00143433,1.00003,0,0,1.09962e+09,0.99823,0.999645,1,1,1,1,1
0,33647.5,4.35309e+07,1,0,1,1,340416,0,0,1.00003,0,0,1.10256e+09,1,1,1,1,1,1,1
0,33568.5,4.39387e+07,0.999329,0.0253173,1.0004,0.999603,339961,0,0.000305176,1.00003,0,0,1.09992e+09,0.999603,0.999407,1,1,1,1,1
0,33460.2,4.75905e+07,0.99527,0.273938,1.00432,0.995697,338062,0,0.00283813,1.00003,0,0,1.09583e+09,0.995392,0.997959,1,1,1,1,1
0,33386.1,4.95419e+07,0.993286,0.417019,1.00633,0.993713,337222,0,0.00384521,1.00003,0,0,1.0931e+09,0.993439,0.997694,1,1,1,1,1
0,13801.7,5.57242e+09,0.997742,0.074362,1.0015,0.998505,1.2904e+06,0,0.0010376,1.00003,0,0,4.52039e+08,0.998413,0.999211,1,1,1,1,1
0,19818.3,2.95674e+08,0.996704,0.181443,1.00282,0.997192,890729,0,0.00198364,1.00003,0,0,6.49015e+08,0.996857,0.998229,1,1,1,1,1
0,65326,9.67366e+06,1,0,1,1,1.32268e+06,0,0,1.00003,0,0,2.1406e+09,1,1,1,1,1,1,1
0,65351.3,8.6363e+06,0.999939,0.00552427,1.00003,0.999969,1.32207e+06,0,0,1.00003,0,0,2.14143e+09,0.999969,0.999968,1,1,1,1,1
0,65438,4.25945e+06,1,0,1,1,1.35441e+06,0,0,1.00003,0,0,2.14427e+09,1,1,1,1,1,1,1
0,65395.5,6.73486e+06,0.999878,0.0078125,1.00006,0.999939,1.3534e+06,0,0.000152588,1.00003,0,0,2.14287e+09,0.999847,1,1,1,1,1,1
0,65460,3.20344e+06,1,0,1,1,1.35274e+06,0,0,1.00003,0,0,2.14499e+09,1,1,1,1,1,1,1
0,31835.6,1.01396e+09,0.891205,7.48846,1.11893,0.893707,573257,0,0.000183105,1.00003,0,0,1.02852e+09,0.893372,0.940768,1,1,1,1,1
0,64451.3,4.64048e+07,1,0,1,1,632460,0,0.000549316,1.00003,0,0,2.11194e+09,1,0.999817,1,1,1,1,1
0,65290,1.09772e+07,1,0,1,1,634737,0,0,1.00003,0,0,2.13942e+09,1,1,1,1,1,1,1
0,65340,8.96473e+06,0.999756,0.0110485,1.00012,0.999878,634527,0,0.00012207,1.00003,0,0,2.14105e+09,0.999878,1,1,1,1,1,1
0,65366,7.72688e+06,1,0,1,1,634756,0,0,1.00003,0,0,2.14191e+09,1,1,1,1,1,1,1
0,65424,4.91392e+06,1,0,1,1,608902,0,0,1.00003,0,0,2.14381e+09,1,1,1,1,1,1,1
0,65403.4,6.5724e+06,0.999878,0.0078125,1.00006,0.999939,603074,0,0,1.00003,0,0,2.14313e+09,0.999939,1,1,1,1,1,1
0,65415.5,5.6276e+06,0.999878,0.0078125,1.00006,0.999939,635768,0,6.10352e-05,1.00003,0,0,2.14353e+09,0.999939,0.999846,1,1,1,1,1
0,65445.9,4.17257e+06,0.999817,0.00956832,1.00009,0.999908,635751,0,0,1.00003,0,0,2.14452e+09,0.999695,0.999576,1,1,1,1,1
0,65476,2.56357e+06,1,0,1,1,635944,0,0,1.00003,0,0,2.14552e+09,1,1,1,1,1,1,1
0,48050.5,7.87387e+08,0.891571,7.45676,1.11844,0.894104,564630,0,0,1.00003,0,0,1.55988e+09,0.893768,0.990248,1,1,1,1,1
0,64352.4,5.08896e+07,0.999878,0.0078125,1.00006,0.999939,633582,0,0.000762939,1.00003,0,0,2.10867e+09,0.999695,0.999794,1,1,1,1,1
0,65245,1.39437e+07,0.999207,0.0409769,1.00058,0.99942,635594,0,0,1.00003,0,0,2.13787e+09,0.999207,0.99928,1,1,1,1,1
0,65290,1.20654e+07,0.99942,0.0270658,1.00037,0.999634,635740,0,0,1.00003,0,0,2.13937e+09,0.99942,0.999653,1,1,1,1,1
0,65418,5.28835e+06,1,0,1,1,637129,0,0,1.00003,0,0,2.14362e+09,1,1,1,1,1,1,1
0,65411.5,5.87432e+06,0.999878,0.0078125,1.00006,0.999939,636959,0,0.000183105,1.00003,0,0,2.14339e+09,0.999939,0.999941,1,1,1,1,1
0,65440,4.51994e+06,1,0,1,1,637125,0,0,1.00003,0,0,2.14434e+09,1,1,1,1,1,1,1
0,65450,3.58582e+06,1,0,1,1,637323,0,0,1.00003,0,0,2.14467e+09,1,1,1,1,1,1,1
0,65444,3.92677e+06,1,0,1,1,637320,0,0,1.00003,0,0,2.14447e+09,1,1,1,1,1,1,1
0,64321.2,5.26135e+07,0.999451,0.0240814,1.00034,0.999664,635068,0,0.00430298,1.00003,0,0,2.10764e+09,0.999451,0.999446,1,1,1,1,1
0,65282,1.16634e+07,1,0,1,1,637796,0,0,1.00003,0,0,2.13916e+09,1,1,1,1,1,1,1
0,65324,9.16491e+06,1,0,1,1,637663,0,0,1.00003,0,0,2.14054e+09,1,1,1,1,1,1,1
0,65328,9.5721e+06,1,0,1,1,637658,0,0,1.00003,0,0,2.14067e+09,1,1,1,1,1,1,1
0,65370,7.49987e+06,1,0,1,1,637594,0,0,1.00003,0,0,2.14204e+09,1,1,1,1,1,1,1
0,65312,9.99091e+06,0.999878,0.0078125,1.00006,0.999939,640790,0,0.00012207,1.00003,0,0,2.14013e+09,0.999939,0.999959,1,1,1,1,1
0,65438,4.27276e+06,1,0,1,1,638872,0,0,1.00003,0,0,2.14427e+09,1,1,1,1,1,1,1
0,65448,3.73395e+06,1,0,1,1,638871,0,0,1.00003,0,0,2.1446e+09,1,1,1,1,1,1,1
