write_ratio,avg_request_size,size_variance,singleton_ratio,popularity_skewness,avg_frequency,object_diversity,avg_reuse_distance,sequentiality_ratio,out_cache_hit_rate,request_rate,burstiness_index,arrival_time_variance,working_set_byte_delta,scan_ratio
0,54619.5,4.05031e+10,0.866232,0.778892,1.1085,0.902121,26.5667,0.681892,0,0.250331,1.26333,25.4683,3.32406e+07,0.902121
0,37704.5,2.58306e+10,0.878578,0.633439,1.08691,0.920039,130.79,0.752221,0.000987167,0.283887,1.27668,20.2244,3.74252e+07,0.920039
0,26240.5,1.64406e+10,0.919162,0.508527,1.05563,0.947305,153.352,0.807784,0.0011976,0.339111,1.30224,14.7468,4.27694e+07,0.947305
0,18349.7,1.03982e+10,0.949317,0.404828,1.0342,0.96693,191.761,0.856219,0.00107836,0.431731,1.34913,9.76519,4.97224e+07,0.96693
0,14845.5,7.34425e+09,0.96344,0.360572,1.02449,0.976096,259.657,0.871807,0.000937427,0.529935,1.38103,6.79139,6.1204e+07,0.976096
0,13144.6,5.88614e+09,0.970454,0.327692,1.01954,0.98083,329.394,0.885332,0.000879353,0.612362,1.41045,5.30517,7.20538e+07,0.98083
0,12455.2,5.15426e+09,0.971888,0.302143,1.01815,0.982176,646.39,0.887842,0.00159397,0.685758,1.44627,4.44791,8.24356e+07,0.982176
0,11692.3,4.63353e+09,0.974223,0.299415,1.0167,0.983573,710.323,0.89209,0.0015163,0.739273,1.47084,3.95844,8.87281e+07,0.983573
0,11126.3,4.14058e+09,0.977282,0.28126,1.01461,0.985602,702.363,0.890785,0.00127986,0.797234,1.49366,3.51018,9.99788e+07,0.985602
0,10793.7,3.8152e+09,0.97743,0.271784,1.01428,0.985917,1311.2,0.891625,0.00130573,0.852926,1.5216,3.18256,1.1055e+08,0.985917
0,10404.9,3.49781e+09,0.97871,0.274332,1.01351,0.986673,1441.69,0.891923,0.00154396,0.912166,1.55298,2.89856,1.22292e+08,0.986673
0,9928.86,3.19385e+09,0.926633,2.4379,1.06714,0.937083,358.548,0.837518,0.00152395,0.947089,1.57012,2.74841,1.27932e+08,0.937083
0,9755.63,3.05193e+09,0.931092,2.3479,1.0627,0.941003,480.748,0.840755,0.00140628,0.967831,1.5809,2.66815,1.36297e+08,0.941003
0,9589.73,2.92818e+09,0.934206,2.27637,1.05934,0.943981,618.236,0.843286,0.00137853,1.00083,1.60104,2.55906,1.41857e+08,0.943981
0,7663.72,1.31338e+09,0.94397,2.13911,1.05127,0.951233,1117.61,0.849792,0.00140381,2.88366,0,0,1.13401e+08,0.948425
0,8379.91,1.44275e+09,0.910522,2.30529,1.07373,0.931335,1667.06,0.835022,0.00201416,0.99921,1.53486,2.35953,1.15293e+08,0.927429
0,9539.72,2.19127e+09,0.888855,2.50296,1.09132,0.916321,1855.48,0.819092,0.00305176,0.791199,1.41793,3.21172,1.27396e+08,0.910767
0,9718.22,2.2235e+09,0.88562,2.50553,1.09329,0.914673,2004.3,0.817871,0.00311279,0.817107,1.42075,3.02329,1.28146e+08,0.908142
0,9713.53,2.22125e+09,0.883972,2.51212,1.09453,0.913635,2176.88,0.815979,0.00317383,0.838929,1.42075,2.86805,1.28003e+08,0.905579
0,9695.03,2.21549e+09,0.883667,2.51453,1.09489,0.91333,2358.33,0.81366,0.00366211,0.856435,1.42075,2.752,1.2879e+08,0.903564
0,9694.5,2.20894e+09,0.88324,2.51653,1.09585,0.912537,2464.62,0.813232,0.00372314,0.877295,1.42632,2.64328,1.28764e+08,0.901917
0,9702.34,2.20175e+09,0.875122,2.76933,1.10397,0.905823,2448.87,0.802795,0.00408936,0.886285,1.42355,2.57987,1.28606e+08,0.894287
0,9705.47,2.2005e+09,0.875,2.77934,1.10434,0.905518,2616.49,0.802429,0.00415039,0.901377,1.42632,2.50392,1.28799e+08,0.892212
0,9769.28,2.2177e+09,0.875427,2.78216,1.10404,0.905762,2659.52,0.801941,0.00396729,0.909252,1.42355,2.45119,1.29476e+08,0.891052
0,9815.44,2.21879e+09,0.876648,2.77616,1.1036,0.906128,2799.64,0.800171,0.00372314,0.920454,1.42355,2.39189,1.29888e+08,0.889099
0,9958.12,2.25167e+09,0.885437,2.23496,1.09256,0.915283,3202.14,0.81073,0.00396729,0.935302,1.42906,2.33453,1.30985e+08,0.898438
0,9705.84,2.20517e+09,0.907654,1.41497,1.07001,0.93457,3866.7,0.829651,0.00415039,0.937836,1.42632,2.31302,1.31116e+08,0.91571
0,10060,2.28305e+09,0.911743,1.41082,1.06806,0.936279,3958.39,0.830017,0.00476074,0.951141,1.43178,2.26602,1.33007e+08,0.913635
0,10099.7,2.29425e+09,0.920654,1.40734,1.06327,0.940491,3935.64,0.833496,0.00524902,0.953237,1.42906,2.2475,1.33432e+08,0.913147
0,10140.8,2.32195e+09,0.923096,1.34009,1.06066,0.94281,4347.29,0.838013,0.00524902,0.958612,1.47119,2.35533,1.29418e+08,0.925171
0,8296.94,1.47578e+09,0.946838,1.53536,1.04556,0.956421,4423.21,0.848633,0.00463867,3.30121,0,0,1.16201e+08,0.93689
0,8981.72,1.80872e+09,0.913391,1.91465,1.0745,0.930664,3401.64,0.821289,0.00598145,0.82881,1.53034,3.40929,1.18829e+08,0.910828
0,9018.22,1.82118e+09,0.896912,2.27667,1.0911,0.916504,2921.65,0.799072,0.00598145,0.724676,1.40456,3.75656,1.19124e+08,0.896667
0,9131.38,1.8269e+09,0.884155,2.42804,1.10189,0.907532,2941.74,0.783569,0.00592041,0.763264,1.41245,3.42447,1.20886e+08,0.888672
0,9661.75,1.8894e+09,0.845032,3.1087,1.14023,0.877014,2602.13,0.747375,0.00512695,0.68578,2.74553,16.0282,1.2354e+08,0.858337
0,10253.5,1.99269e+09,0.832825,3.19778,1.1504,0.869263,2640.26,0.740662,0.00482178,0.732614,2.75475,14.1388,1.26577e+08,0.849915
0,11281,2.3274e+09,0.826904,3.07917,1.15372,0.86676,2840.61,0.745178,0.00500488,0.770818,2.751,12.7373,1.32814e+08,0.847778
0,12171.4,2.50902e+09,0.810364,3.10132,1.16529,0.858154,2804.44,0.739258,0.00500488,0.799687,2.76171,11.9266,1.36986e+08,0.839111
0,13423.2,2.76438e+09,0.801392,3.14353,1.17238,0.852966,2844.74,0.740356,0.0100098,0.829844,2.77823,11.2084,1.43196e+08,0.833923
0,14742.2,3.02644e+09,0.791138,3.18429,1.18006,0.847412,2832.96,0.740051,0.015686,0.85701,2.79292,10.6205,1.49439e+08,0.82843
0,15925.7,3.49364e+09,0.765015,3.27741,1.20258,0.831543,2677.2,0.738464,0.0232544,0.879744,2.80488,10.1652,1.55576e+08,0.812195
0,16308.6,3.59364e+09,0.761414,2.81252,1.19933,0.833801,2751.83,0.743347,0.0245361,0.913824,2.81301,9.47583,1.58001e+08,0.814026
0,17028.8,3.72651e+09,0.681946,4.49969,1.29324,0.773254,2508.19,0.68866,0.0443115,0.927286,2.69295,8.43393,1.57572e+08,0.75293
0,17967.3,4.00706e+09,0.622375,5.30197,1.37947,0.724915,2374.77,0.671021,0.0653076,0.93805,2.6967,8.26442,1.60989e+08,0.703857
0,23638.6,5.67449e+09,0.571899,5.56867,1.45752,0.686096,2464.73,0.649353,0.0953979,0.974713,2.72815,7.83397,1.75589e+08,0.664368
0,25289.5,6.00679e+09,0.541443,6.02764,1.51005,0.662231,2399.2,0.621582,0.105774,0.975951,2.61791,7.19535,1.80583e+08,0.638428
0,25949.2,5.99075e+09,0.491028,6.82846,1.59797,0.625793,2571.9,0.608521,0.122192,0.968511,2.63025,7.3754,1.75475e+08,0.608459
0,26718.2,6.114e+09,0.466736,6.2665,1.62604,0.61499,2790.96,0.623718,0.143616,1.05788,3.07046,8.42424,1.75247e+08,0.592407
0,27303,6.18721e+09,0.437378,6.71416,1.69501,0.589966,2733.83,0.607239,0.153015,0.93875,3.42076,13.2784,1.76666e+08,0.565979
0,27523.4,6.38949e+09,0.444336,6.38207,1.67714,0.596252,2764.04,0.627747,0.158325,0.877668,3.70542,17.8244,1.74625e+08,0.572388
0,32382.8,1.08469e+10,0.438904,6.39102,1.69466,0.590088,2750.5,0.630981,0.167603,0.329525,6.27162,362.229,2.49837e+08,0.563904
0,32616.8,1.0967e+10,0.44751,6.28619,1.67611,0.596619,2859.26,0.632507,0.16748,0.384452,6.20451,260.454,2.50212e+08,0.565735
0,31795.7,1.08823e+10,0.475464,6.16296,1.62588,0.615051,2876.83,0.640564,0.16748,0.440717,6.16181,195.477,2.48596e+08,0.570862
0,30292.9,1.07246e+10,0.509338,5.98615,1.5653,0.638855,2860.94,0.632935,0.162048,0.507804,6.09687,144.152,2.46803e+08,0.577637
0,28866.3,1.04904e+10,0.565063,5.74188,1.47126,0.679688,2892.19,0.627991,0.1521,0.566066,6.04354,113.985,2.46218e+08,0.591064
0,28105.6,1.0081e+10,0.599792,5.52446,1.41742,0.705505,3004.94,0.636658,0.148071,0.595575,5.9072,98.376,2.46499e+08,0.610596
0,27761.7,1.02052e+10,0.633179,4.97281,1.36841,0.730774,3069.9,0.662964,0.130005,0.575572,5.65547,96.5466,2.51217e+08,0.645935
0,27595,1.01509e+10,0.673584,3.89004,1.31208,0.762146,3346.89,0.67981,0.114319,0.625132,5.69688,83.0482,2.54817e+08,0.683472
0,25416.8,1.10485e+10,0.728394,3.70538,1.24764,0.801514,3631.31,0.680115,0.0883179,0.635095,5.57664,77.1024,2.82332e+08,0.723938
0,22679.5,1.01278e+10,0.777405,3.47784,1.1946,0.837097,3800.05,0.699524,0.0704346,0.611889,5.33444,76.0032,2.79917e+08,0.754639
0,21194.8,9.7212e+09,0.851562,2.24178,1.12435,0.889404,4091.72,0.743652,0.0526123,0.598205,5.08393,72.2269,2.79187e+08,0.812866
0,20511.6,9.57245e+09,0.882874,2.03214,1.09901,0.909912,4556.13,0.751282,0.0301514,0.543383,4.73191,75.8337,2.76158e+08,0.858887
0,19576.5,9.38301e+09,0.92041,1.52961,1.06438,0.939514,5412.94,0.778259,0.0169678,0.455992,4.13661,82.295,2.73467e+08,0.899902
0,13435.9,4.41719e+09,0.962952,0.962685,1.02837,0.972412,7777.35,0.796265,0.00482178,19.2832,0.276658,0.00020584,1.94009e+08,0.94165
0,12804.8,4.01429e+09,0.964233,0.959538,1.0276,0.973145,7724.51,0.786072,0.00274658,16.6045,0.27868,0.000281684,1.84988e+08,0.951965
0,12772.9,4.00021e+09,0.964294,0.963452,1.0276,0.973145,7808.28,0.783142,0.00280762,15.5437,0.27868,0.000321444,1.85468e+08,0.952332
0,12294.6,3.78337e+09,0.966736,0.958001,1.02618,0.974487,7873.35,0.787659,0.00231934,14.1277,0.280742,0.000394887,1.82797e+08,0.954956
0,12510.6,3.81533e+09,0.965454,0.959438,1.02715,0.973572,8050.2,0.788025,0.00231934,12.8944,0.27868,0.000467098,1.83701e+08,0.953979
0,12506.2,3.85556e+09,0.957642,0.974026,1.03187,0.969116,7756.58,0.772278,0.00274658,11.3042,0.257154,0.000517499,1.83523e+08,0.949707
0,28045.9,1.94563e+10,0.922485,1.39776,1.05812,0.945068,5581.39,0.761963,0.00805664,3.38952,1.03593,0.0934083,4.4021e+08,0.925659
0,30552,2.16122e+10,0.918335,1.34227,1.06052,0.942932,5463.96,0.750122,0.00909424,3.03281,0.941745,0.096422,4.79831e+08,0.924194
0,27986.2,1.9592e+10,0.933044,0.971216,1.0467,0.955383,6593.4,0.768982,0.00878906,2.74579,0.921917,0.112732,4.433e+08,0.937683
0,28710.6,2.00598e+10,0.92157,1.18309,1.05792,0.945251,5582.6,0.7677,0.00854492,2.51267,0.958676,0.145571,4.48329e+08,0.929016
0,31795,2.30885e+10,0.921448,1.18898,1.05806,0.945129,5614.5,0.760925,0.00866699,2.47657,0.966396,0.152268,4.98856e+08,0.928894
0,31909.4,2.31044e+10,0.91864,1.20228,1.05984,0.943542,5469.65,0.76416,0.00897217,2.33192,0.968234,0.172398,5.00436e+08,0.928162
0,31968.2,2.31147e+10,0.918335,1.20552,1.05997,0.94342,5492.84,0.779602,0.00897217,2.16792,0.976954,0.203078,5.01523e+08,0.92926
0,31829.8,2.30939e+10,0.918884,1.20058,1.05956,0.943787,5613.41,0.774353,0.00897217,2.00531,0.973347,0.235599,4.99796e+08,0.931335
0,31793.2,2.30831e+10,0.919312,1.19701,1.05908,0.944214,5567.43,0.778687,0.0088501,1.86533,0.973347,0.272284,4.99483e+08,0.932983
0,31936,2.31157e+10,0.919067,1.20409,1.05929,0.944031,5726.86,0.784729,0.00891113,1.79611,0.97874,0.296939,5.01552e+08,0.933472
0,31979.2,2.3131e+10,0.918213,1.21093,1.05997,0.94342,5800.39,0.783203,0.00927734,1.71958,0.97874,0.32396,5.02219e+08,0.933594
0,31936.6,2.31297e+10,0.917297,1.20665,1.0608,0.942688,5854.19,0.785461,0.00921631,1.66876,0.97874,0.343992,5.01729e+08,0.933716
0,31797.8,2.3118e+10,0.917419,1.20201,1.06066,0.94281,5881.95,0.78418,0.00921631,1.58526,0.980514,0.382567,4.99464e+08,0.934937
0,31849,2.31443e+10,0.946045,1.18611,1.0439,0.957947,5952.58,0.783142,0.00872803,1.53164,0.984028,0.412764,5.01987e+08,0.937012
0,31617.1,2.28462e+10,0.949585,1.15433,1.04131,0.960327,6976.46,0.797119,0.00866699,1.44804,0.987564,0.465127,5.01266e+08,0.951416
0,13650.7,5.35074e+09,0.971375,0.436337,1.01941,0.980957,11020.2,0.822571,0.00268555,1.98255,1.36383,0.473229,2.03824e+08,0.973389
0,13403.2,5.08699e+09,0.973511,0.425194,1.0184,0.981934,13692.3,0.823669,0.00262451,1.88706,1.36383,0.522335,2.01558e+08,0.973816
0,13381.3,5.08546e+09,0.973328,0.433203,1.01865,0.981689,13015.8,0.818054,0.00268555,1.84217,1.36661,0.550339,2.0063e+08,0.973511
0,9692.31,1.48456e+09,0.983765,0.17207,1.00949,0.990601,16975.6,0.826355,0.00158691,4.23738,0,0,1.42436e+08,0.982605
0,9606.81,1.47602e+09,0.986877,0.163763,1.00769,0.992371,18341.1,0.825256,0.00140381,3.86497,0,0,1.43908e+08,0.98291
0,9594.22,1.47282e+09,0.981506,0.224688,1.01123,0.988892,16575.8,0.813904,0.00305176,3.53819,0,0,1.43686e+08,0.978088
0,9669.94,1.48899e+09,0.970459,0.242496,1.01701,0.983276,14832.9,0.81488,0.00823975,3.27538,0,0,1.42432e+08,0.971802
0,9512.75,1.4533e+09,0.957214,0.257119,1.02394,0.976624,13063.5,0.809875,0.015625,3.0459,0,0,1.41794e+08,0.963684
0,9585.38,1.47129e+09,0.943604,0.283124,1.03141,0.969543,11881.6,0.809204,0.0219727,2.82583,0,0,1.41085e+08,0.955933
0,9670.06,1.48568e+09,0.942078,0.294409,1.03304,0.968018,11432.3,0.809082,0.0235596,2.60726,0,0,1.41729e+08,0.95282
0,9617.94,1.46545e+09,0.937744,0.317,1.03782,0.963562,11575.2,0.800842,0.0285645,2.45313,0,0,1.4099e+08,0.947632
0,9811.41,1.50544e+09,0.923035,0.391276,1.05269,0.949951,10786.1,0.797485,0.0415039,2.27278,0.129023,0.00322269,1.41874e+08,0.933655
0,10647,2.28009e+09,0.902222,0.49144,1.07008,0.934509,9246,0.786682,0.0477905,1.36821,0.806099,0.347115,1.54359e+08,0.917297
0,10827.3,2.31256e+09,0.899048,0.497628,1.07197,0.932861,9166.92,0.790039,0.0477905,1.34061,0.806099,0.361553,1.55727e+08,0.915283
0,10839,2.30656e+09,0.899231,0.505585,1.07197,0.932861,9129.91,0.787842,0.0477905,1.33132,0.806023,0.366546,1.56698e+08,0.915222
0,10794.4,2.28703e+09,0.900024,0.496965,1.0712,0.933533,9141.35,0.791626,0.0475464,1.29793,0.806023,0.38565,1.57007e+08,0.915771
0,11018.2,2.32697e+09,0.898987,0.501152,1.07183,0.932983,9095.06,0.787903,0.0474243,1.26356,0.806081,0.406971,1.58681e+08,0.91571
0,10794,2.26989e+09,0.9021,0.494709,1.06827,0.936096,7487.89,0.786377,0.0477905,1.24663,0.805927,0.417939,1.56777e+08,0.916199
0,10895.4,2.42991e+09,0.900024,0.624748,1.07043,0.934204,7174.04,0.778259,0.0488892,0.415315,5.65296,185.266,1.60531e+08,0.910767
0,11368.6,2.83167e+09,0.900085,0.846387,1.06868,0.93573,6400.4,0.778076,0.0487671,0.472629,5.27133,124.394,1.63558e+08,0.904175
0,12512.4,3.94732e+09,0.904175,0.810737,1.06314,0.940613,6387.61,0.777954,0.048584,0.543525,5.31954,95.7874,1.82781e+08,0.906067
0,12421,3.9254e+09,0.910461,0.795235,1.05751,0.945618,6471.37,0.783752,0.0443726,0.591823,5.30763,80.43,1.83776e+08,0.91156
0,12332.8,3.89966e+09,0.925232,0.781708,1.0475,0.954651,6655.42,0.779419,0.0361328,0.638511,5.30763,69.0978,1.84226e+08,0.92041
0,12311.6,3.88988e+09,0.940918,0.771503,1.03887,0.962585,6928.85,0.78241,0.0289307,0.673392,5.30763,62.1248,1.85596e+08,0.92804
0,12460.9,3.92057e+09,0.952637,0.763549,1.03226,0.96875,7031.87,0.788391,0.0283203,0.713671,5.33135,55.8058,1.87573e+08,0.928711
0,12437.7,3.92434e+09,0.957092,0.761148,1.02986,0.971008,7852.99,0.791565,0.0252686,0.738006,5.31954,51.9551,1.881e+08,0.931885
0,12365.6,3.9106e+09,0.964172,0.756142,1.02624,0.974426,7124.44,0.791016,0.0175781,0.772171,5.33135,47.6703,1.86995e+08,0.939209
0,13050.1,4.64699e+09,0.962524,0.786804,1.02753,0.973206,9401.16,0.792053,0.00378418,0.49213,4.32583,77.2643,1.95583e+08,0.959351
0,12941.5,4.62527e+09,0.964478,0.780803,1.02637,0.974304,9652.35,0.795837,0.00384521,0.559089,4.34938,60.519,1.9545e+08,0.960754
0,12883.7,4.62475e+09,0.964722,0.783401,1.02624,0.974426,9806.5,0.786194,0.00378418,0.600386,4.32583,51.9132,1.94651e+08,0.960632
0,12874,4.63194e+09,0.964783,0.781257,1.02618,0.974487,9902.86,0.793335,0.00384521,0.648383,4.33764,44.7552,1.94344e+08,0.960327
0,12851.8,4.62868e+09,0.964905,0.77074,1.02599,0.97467,9931.32,0.797546,0.00378418,0.664562,4.32583,42.3709,1.93919e+08,0.960388
0,12691.6,4.46523e+09,0.971558,0.4588,1.01948,0.980896,11220,0.806702,0.00280762,0.848391,4.49516,28.0735,1.90952e+08,0.965942
0,12754.9,4.4895e+09,0.972412,0.44528,1.01891,0.981445,11459.1,0.81189,0.00286865,0.863882,4.49516,27.0758,1.91111e+08,0.966309
0,11284,3.00137e+09,0.97876,0.257235,1.01292,0.987244,13360.4,0.822632,0.00292969,0.821006,4.53359,30.4925,1.69618e+08,0.971069
0,11199.2,3.00387e+09,0.979797,0.262787,1.01248,0.987671,13989.2,0.820007,0.00280762,0.83453,4.51398,29.2573,1.68864e+08,0.971252
0,11152,2.99926e+09,0.979309,0.260331,1.0128,0.987366,14261.4,0.818176,0.00311279,0.865799,4.55302,27.6545,1.68195e+08,0.97052
0,11298.4,3.04693e+09,0.979614,0.259722,1.01261,0.987549,22327.3,0.826538,0.00305176,0.862441,4.51398,27.3943,1.71488e+08,0.970337
0,11375.7,3.03632e+09,0.969421,0.519473,1.02196,0.978516,19986.3,0.811096,0.00366211,0.996032,4.00432,16.1626,1.73021e+08,0.960999
0,11561,3.50098e+09,0.968262,0.51616,1.02253,0.977966,20328.7,0.811157,0.00396729,0.992151,3.99568,16.2191,1.78373e+08,0.960266
0,11698.4,3.54623e+09,0.966858,0.521855,1.0233,0.977234,20116.3,0.813477,0.00402832,0.988108,3.98701,16.2811,1.77126e+08,0.95929
0,9962,1.99095e+09,0.970764,0.421813,1.01973,0.980652,20859.5,0.820862,0.00305176,1.69948,3.10142,3.33035,1.47464e+08,0.963135
0,9901.97,1.99345e+09,0.972717,0.419178,1.01853,0.981812,21479.5,0.827148,0.00299072,1.6613,3.10142,3.48518,1.47033e+08,0.964539
0,9763,1.98649e+09,0.972656,0.417182,1.01859,0.98175,21601.8,0.826233,0.00335693,1.59832,3.10781,3.78077,1.45829e+08,0.964355
0,9680.84,1.97445e+09,0.972961,0.416778,1.0184,0.981934,21453.4,0.828613,0.003479,1.54104,3.10781,4.06707,1.45442e+08,0.964478
0,9964.59,2.28271e+09,0.958252,0.782648,1.03187,0.969116,18773.9,0.815125,0.00482178,1.37513,2.38917,3.01859,1.44636e+08,0.951477
0,11263.4,2.67231e+09,0.944885,0.89938,1.04039,0.961182,17499.7,0.810303,0.00524902,1.38121,2.35317,2.90258,1.51269e+08,0.94342
0,12350.9,2.90105e+09,0.935974,0.943363,1.04563,0.95636,17289,0.815674,0.00628662,1.39859,2.39445,2.93111,1.56237e+08,0.938721
0,13747.7,3.56404e+09,0.926392,0.975448,1.05167,0.950867,16422.6,0.81311,0.0106812,1.40318,2.42351,2.98305,1.63577e+08,0.933044
0,14878.2,3.79686e+09,0.91394,1.01296,1.05929,0.944031,15725,0.817688,0.0174561,1.39488,2.44778,3.07945,1.67854e+08,0.92627
0,15633.9,3.95639e+09,0.894775,1.04304,1.07071,0.93396,14084.1,0.820312,0.0278931,1.3823,2.46638,3.18356,1.69949e+08,0.916138
0,17050.3,4.55575e+09,0.876038,1.12568,1.08763,0.919434,12757.2,0.820923,0.0418091,1.40456,2.50106,3.17078,1.75978e+08,0.901184
0,21242.9,6.89157e+09,0.822327,1.50868,1.13502,0.881042,9185.35,0.806213,0.0678711,1.41496,2.3723,2.81092,2.06276e+08,0.862854
0,24819,7.68072e+09,0.798889,1.64368,1.16174,0.860779,8551.67,0.802002,0.0807495,1.42073,2.40036,2.8545,2.1374e+08,0.84375
0,25969,7.49853e+09,0.746948,1.49712,1.21022,0.826294,8098.27,0.808411,0.113586,1.73946,1.44253,0.687731,2.05713e+08,0.8078
0,36452.3,1.57562e+10,0.696472,1.65056,1.27701,0.783081,7049.4,0.800415,0.140076,1.71434,1.45706,0.722365,3.39611e+08,0.765137
0,37277.7,1.58831e+10,0.668762,1.73227,1.31853,0.758423,6578.92,0.793091,0.163025,1.64851,1.45962,0.783971,3.40175e+08,0.740234
0,37740.9,1.59927e+10,0.645935,1.76201,1.34704,0.742371,6517.13,0.784912,0.177979,1.57622,1.45877,0.856532,3.40313e+08,0.72406
0,38063.6,1.61938e+10,0.633179,1.90546,1.36784,0.731079,6408.75,0.778198,0.179688,1.51697,1.45877,0.924746,3.40578e+08,0.712952
0,38366.4,1.62565e+10,0.624817,1.93176,1.3818,0.723694,6330.62,0.772827,0.183655,1.4486,1.45792,1.0129,3.41148e+08,0.705444
0,35247.4,1.53998e+10,0.66449,1.4305,1.32289,0.75592,5717.97,0.788452,0.179138,1.91172,0.920585,0.231887,3.31589e+08,0.731689
0,33728.3,1.47811e+10,0.691589,1.35078,1.29079,0.774719,5921.56,0.790344,0.174561,1.78604,0.92435,0.26785,3.31059e+08,0.737793
0,32619.2,1.45973e+10,0.713989,1.33356,1.26118,0.792908,6009.8,0.783691,0.164856,1.67502,0.922891,0.303572,3.30612e+08,0.7453
0,31841.2,1.46357e+10,0.727417,1.26772,1.24404,0.803833,6153.43,0.78125,0.156738,1.56862,0.919627,0.343705,3.32774e+08,0.752563
0,28809.8,1.29507e+10,0.772156,0.963941,1.1875,0.842102,6010.51,0.793091,0.13031,2.06343,1.04425,0.256109,3.09665e+08,0.78717
0,22976.1,1.11688e+10,0.816589,0.721601,1.13762,0.879028,6287.61,0.801575,0.105408,2.47812,0.113188,0.00208622,2.90129e+08,0.824524
0,21261.1,1.08522e+10,0.880188,0.539251,1.0738,0.931274,5132.27,0.807922,0.0730591,2.36626,0,0,2.89859e+08,0.868164
0,10843.3,2.29358e+09,0.961914,0.434593,1.02362,0.976929,6664.39,0.814819,0.0446777,2.23081,0,0,1.58007e+08,0.91333
0,10097.1,2.13205e+09,0.978333,0.420174,1.01518,0.985046,8361.61,0.820374,0.0202026,2.07849,0,0,1.54197e+08,0.938477
0,9741.06,1.96035e+09,0.966492,0.433011,1.02138,0.979065,8818.7,0.823853,0.0139771,1.95806,0,0,1.47336e+08,0.944641
0,9534.69,1.91498e+09,0.957825,0.288735,1.02419,0.976379,9852.9,0.826721,0.0141602,1.84548,0,0,1.42276e+08,0.956421
0,9414.06,1.86983e+09,0.943359,0.409856,1.03336,0.967712,8908.22,0.821411,0.0169067,1.75205,0,0,1.40058e+08,0.949036
0,9486.16,1.88406e+09,0.941956,0.417351,1.0348,0.96637,8963.55,0.819092,0.0170288,1.66215,0,0,1.40648e+08,0.948059
0,9387.94,1.86043e+09,0.937195,0.434301,1.03979,0.961731,8629.24,0.814636,0.0172119,1.58481,0,0,1.39789e+08,0.94342
0,9437.91,1.86653e+09,0.929993,0.459727,1.0475,0.954651,8788.15,0.810059,0.0175781,1.5219,0,0,1.39494e+08,0.936218
0,9670.34,1.9077e+09,0.916382,0.531271,1.0584,0.944824,8339.25,0.809875,0.0198975,1.47148,0,0,1.40517e+08,0.926575
0,9793.75,1.93967e+09,0.914246,0.443541,1.05853,0.944702,8279.34,0.814453,0.020813,1.42309,0,0,1.4013e+08,0.927002
0,9300.91,1.60154e+09,0.910034,0.471604,1.0639,0.939941,8355.37,0.809875,0.020752,1.37988,0,0,1.34072e+08,0.922546
0,9320.59,1.58984e+09,0.901611,0.52123,1.07345,0.93158,7946.47,0.807861,0.0209961,1.34315,0,0,1.32887e+08,0.914612
0,9280.69,1.58003e+09,0.895752,0.537278,1.08017,0.925781,7681.38,0.80896,0.0212402,1.30833,0,0,1.30906e+08,0.908752
0,9348.28,1.58622e+09,0.887146,0.53097,1.08388,0.922607,7257,0.806335,0.0239258,1.27297,0,0,1.31296e+08,0.901611
0,9431.97,1.61061e+09,0.888245,0.590475,1.08174,0.924438,7084.33,0.805603,0.024231,1.24514,0,0,1.32442e+08,0.899292
0,9269.44,1.56905e+09,0.886597,0.597034,1.08367,0.922791,6912.56,0.805969,0.0234375,1.21668,0,0,1.30775e+08,0.893433
0,9356.81,1.58644e+09,0.881165,0.623045,1.09023,0.917236,6805,0.805542,0.0205688,1.19312,0,0,1.30309e+08,0.888733
0,9271.16,1.4466e+09,0.877502,0.638242,1.09467,0.913513,6817.18,0.804016,0.017395,1.17235,0,0,1.2834e+08,0.884827
0,9287.66,1.44375e+09,0.870483,0.659833,1.09607,0.912354,6812.91,0.803589,0.0123901,1.15464,0,0,1.28914e+08,0.884399
0,9465.56,1.4997e+09,0.871582,0.57279,1.09504,0.913208,6970.48,0.807129,0.0117188,1.13899,0,0,1.30765e+08,0.882507
0,9228.34,1.44054e+09,0.868408,0.581829,1.09893,0.909973,6893.31,0.804138,0.0114746,1.12531,0,0,1.27152e+08,0.879395
0,9397.5,1.47704e+09,0.864197,0.604147,1.10412,0.905701,6871.71,0.808411,0.0112915,1.11265,0,0,1.28691e+08,0.875549
0,9442.34,1.47792e+09,0.856323,0.688629,1.11319,0.898315,7552.52,0.808228,0.0119629,1.1019,0,0,1.2886e+08,0.869202
0,9306.78,1.445e+09,0.855347,0.618544,1.10845,0.902161,7259.36,0.805969,0.0101318,1.09145,0,0,1.27647e+08,0.873779
0,9430.84,1.4815e+09,0.857605,0.608631,1.10546,0.904602,7549.51,0.80249,0.00909424,1.08265,0,0,1.29549e+08,0.870728
0,9455.72,1.48512e+09,0.850708,0.758343,1.11357,0.89801,7263.25,0.798706,0.00921631,1.07357,0,0,1.29263e+08,0.864563
0,9364.22,1.46155e+09,0.84613,0.781714,1.1189,0.893738,7180.63,0.798706,0.0090332,1.06494,0,0,1.26818e+08,0.860413
0,9326.56,1.45441e+09,0.834045,0.797609,1.1283,0.886292,7183.49,0.800598,0.00872803,1.05763,0,0,1.26344e+08,0.853027
0,9381.62,1.46899e+09,0.841309,0.674902,1.11623,0.895874,7440.6,0.802307,0.00604248,1.05214,0,0,1.2696e+08,0.859314
0,9426.97,1.47372e+09,0.839233,0.68798,1.11882,0.893799,7436.32,0.799744,0.0057373,1.04705,0,0,1.28135e+08,0.855164
0,9465.28,1.47683e+09,0.834778,0.703623,1.12458,0.889221,7430.29,0.80072,0.00634766,1.04216,0,0,1.27052e+08,0.85083
0,9432.81,1.46017e+09,0.829651,0.727299,1.1311,0.884094,7400.17,0.797424,0.00665283,1.03764,0,0,1.2711e+08,0.845581
0,9377.03,1.44244e+09,0.828308,0.762988,1.13173,0.883606,7421.82,0.797058,0.00634766,1.03394,0,0,1.26495e+08,0.84491
0,9468.25,1.46593e+09,0.827759,0.695641,1.12682,0.887451,7577.19,0.797974,0.00628662,1.0304,0,0,1.27452e+08,0.844666
0,9533.41,1.47676e+09,0.828857,0.68908,1.12566,0.888367,7653.93,0.801086,0.00622559,1.02751,0,0,1.28416e+08,0.843689
0,9443.66,1.45995e+09,0.831665,0.685269,1.12258,0.890808,7722.89,0.80072,0.00634766,1.02465,0,0,1.27437e+08,0.846069
0,9453.78,1.45297e+09,0.825745,0.859966,1.12962,0.885254,7738.6,0.798035,0.00683594,1.02197,0,0,1.27747e+08,0.840393
0,9351.94,1.43395e+09,0.826904,0.777113,1.12861,0.886047,7109.27,0.797791,0.00665283,1.01987,0,0,1.26432e+08,0.840942
0,9272.91,1.41729e+09,0.82428,0.921995,1.13087,0.884277,6904.99,0.794617,0.00683594,1.01789,0,0,1.2571e+08,0.832703
0,9178.34,1.38705e+09,0.814392,0.92652,1.13762,0.879028,6695.93,0.796753,0.00708008,1.01612,0,0,1.23074e+08,0.827026
0,9191.72,1.39751e+09,0.824585,0.805634,1.12419,0.889526,7156.72,0.796936,0.00714111,1.01458,0,0,1.23414e+08,0.83728
0,9492.69,1.46678e+09,0.818909,0.809037,1.13048,0.884583,7734.62,0.799438,0.0078125,1.01319,0,0,1.27987e+08,0.832458
0,9653.75,1.47962e+09,0.775574,0.951422,1.18006,0.847412,7256.74,0.798828,0.0150757,1.01191,0,0,1.23771e+08,0.79541
0,9648.72,1.46486e+09,0.756104,1.20982,1.20232,0.831726,6952.57,0.771912,0.0184326,1.01077,0,0,1.22873e+08,0.779236
0,9543.25,1.43797e+09,0.75647,1.21863,1.2017,0.832153,6816.82,0.771057,0.019043,1.00966,0,0,1.22655e+08,0.775085
0,9508.97,1.43738e+09,0.758789,1.21955,1.19871,0.834229,6878.44,0.771484,0.0203857,1.00873,0,0,1.22472e+08,0.776978
0,9440.66,1.41876e+09,0.760132,1.22014,1.19819,0.834595,6842.37,0.773926,0.0217285,1.0078,0,0,1.22312e+08,0.7771
0,9427.25,1.42354e+09,0.757629,1.17693,1.19827,0.834534,6963.77,0.773254,0.024292,1.00698,0,0,1.2266e+08,0.776855
0,9420.84,1.42434e+09,0.761658,1.16495,1.19035,0.840088,7011.59,0.77124,0.0241699,1.00624,0,0,1.22818e+08,0.781677
0,9383.16,1.41571e+09,0.758057,1.16509,1.19504,0.836792,7008.23,0.770935,0.0240479,1.00549,0,0,1.2167e+08,0.771912
0,9267.88,1.38156e+09,0.756104,1.17262,1.19898,0.834045,7067.62,0.771545,0.0253296,1.00487,0,0,1.20197e+08,0.768494
0,9342.47,1.39763e+09,0.755615,1.06467,1.19968,0.833557,7176.72,0.771484,0.0263062,1.00427,0,0,1.21233e+08,0.768188
0,9287.47,1.38153e+09,0.751648,1.05757,1.20179,0.832092,7214.04,0.776855,0.0262451,1.00385,0,0,1.20238e+08,0.766846
0,9276.53,1.38027e+09,0.736389,1.38354,1.21354,0.824036,6862.42,0.766174,0.0292969,1.00353,0,0,1.19891e+08,0.758545
0,9373.03,1.39719e+09,0.739563,1.37584,1.20835,0.827576,6907.35,0.768066,0.0292969,1.00319,0,0,1.21505e+08,0.761292
0,9318.53,1.37749e+09,0.734619,1.31895,1.21534,0.822815,6759.28,0.771729,0.0300293,1.0028,0,0,1.18631e+08,0.750916
0,9144.53,1.33691e+09,0.73291,1.3166,1.21769,0.821228,6590.17,0.770264,0.0300903,1.00262,0,0,1.15341e+08,0.749268
0,8956.56,1.31748e+09,0.781921,1.27891,1.16034,0.861816,6925.53,0.76825,0.0241089,1.00233,0,0,1.21042e+08,0.786011
0,9172.12,1.38064e+09,0.793701,1.02502,1.14445,0.873779,9373.02,0.792725,0.0206909,1.0021,0,0,1.24585e+08,0.797668
0,9302.81,1.41488e+09,0.786438,0.997739,1.14846,0.870728,9650.76,0.798645,0.0205688,1.0019,0,0,1.26014e+08,0.794739
0,9466.91,1.44679e+09,0.788574,0.988273,1.14662,0.872131,10092,0.798218,0.019165,1.00172,0,0,1.27504e+08,0.796448
0,9528.66,1.45915e+09,0.776001,1.37859,1.16157,0.860901,9913.05,0.790466,0.0175781,1.00154,0,0,1.26788e+08,0.785706
0,9314.75,1.41365e+09,0.783752,1.36094,1.15388,0.866638,10033.1,0.791138,0.0148926,1.00139,0,0,1.24906e+08,0.790771
0,9431.47,1.43775e+09,0.777588,1.36693,1.16067,0.861572,9993.32,0.793701,0.0151978,1.00125,0,0,1.25515e+08,0.78241
0,9441.53,1.43095e+09,0.765564,1.69063,1.17499,0.851074,9870.84,0.789673,0.0154419,1.00112,0,0,1.2617e+08,0.772278
0,9336,1.40315e+09,0.763367,1.84535,1.17837,0.848633,9716.82,0.787903,0.015564,1.00107,0,0,1.24318e+08,0.77002
0,9277.59,1.3967e+09,0.767578,1.8342,1.16962,0.85498,9849.32,0.786926,0.0137329,1.00093,0,0,1.24646e+08,0.777344
0,9415.34,1.42862e+09,0.772522,1.78754,1.16529,0.858154,9942.26,0.786316,0.0129395,1.00083,0,0,1.25563e+08,0.779785
0,9473.81,1.44123e+09,0.780701,1.93963,1.1605,0.861694,9871.89,0.781738,0.0125732,1.00075,0,0,1.26546e+08,0.778015
0,9508.75,1.45512e+09,0.79248,1.35657,1.14597,0.87262,10581.1,0.795593,0.00909424,1.00069,0,0,1.2804e+08,0.790222
0,9394.62,1.42366e+09,0.777344,1.4197,1.1624,0.860291,10450.6,0.794556,0.00891113,1.00062,0,0,1.23472e+08,0.778137
0,9336.31,1.41347e+09,0.777405,1.44346,1.16273,0.860046,10481.9,0.793152,0.00848389,1.00055,0,0,1.24655e+08,0.77832
0,9526.44,1.43044e+09,0.732971,1.49402,1.20817,0.827698,10041.4,0.798523,0.0107422,1.0005,0,0,1.20184e+08,0.746521
0,9572.94,1.44895e+09,0.741089,1.37591,1.19854,0.834351,10009.8,0.800476,0.0119019,1.00045,0,0,1.22041e+08,0.753784
0,11314.2,1.93166e+09,0.706116,2.12239,1.24084,0.805908,9588.93,0.779053,0.0209351,0.452825,1.46262,10.4328,1.41551e+08,0.724792
0,13594.6,2.7451e+09,0.700806,2.24961,1.24159,0.80542,17743.6,0.771851,0.0236206,0.508042,1.36038,7.17003,1.54168e+08,0.717163
0,17460.7,3.59606e+09,0.650452,2.58712,1.29446,0.772522,17310.9,0.749878,0.0392456,0.510573,1.37147,7.2153,1.62816e+08,0.68335
0,22404.4,5.08569e+09,0.628052,2.55999,1.32664,0.753784,17488.9,0.741211,0.0601196,0.597049,1.38176,5.35605,1.8082e+08,0.664124
0,26444,6.2983e+09,0.58252,2.84373,1.39237,0.718201,17302.7,0.727966,0.0826416,0.618427,1.40048,5.12833,1.89277e+08,0.628052
0,29106.3,6.82123e+09,0.550598,3.25951,1.45261,0.688416,16964,0.705322,0.0977173,0.631512,1.36246,4.65463,1.95214e+08,0.5979
0,32573.4,7.81497e+09,0.522339,3.6613,1.52779,0.654541,16289.7,0.683228,0.111755,0.666685,1.29764,3.78848,2.00782e+08,0.563538
0,34161.8,8.08654e+09,0.501831,3.61524,1.57979,0.632996,16013.1,0.676758,0.118652,0.706141,1.2847,3.30995,2.0354e+08,0.542908
0,36654.3,8.74188e+09,0.486328,4.03025,1.62491,0.615417,15965.6,0.654236,0.121887,0.724983,1.26825,3.06021,2.13966e+08,0.520081
0,37509.4,9.21322e+09,0.490601,4.02863,1.61833,0.61792,16050.4,0.65802,0.124695,0.753269,1.26868,2.83664,2.21231e+08,0.524597
0,38298.8,9.81423e+09,0.495422,3.99465,1.61212,0.6203,16557.4,0.657593,0.125183,0.750918,1.30629,3.02616,2.26707e+08,0.529419
0,39048.4,1.02267e+10,0.491638,4.17354,1.6254,0.615234,17032.5,0.64325,0.12677,0.775227,1.30383,2.82869,2.33351e+08,0.528931
0,39355.7,1.04875e+10,0.477539,4.34617,1.65012,0.606018,17256.7,0.637695,0.133667,0.796672,1.27251,2.55132,2.34863e+08,0.52832
0,39281.2,1.05817e+10,0.50415,4.30082,1.61705,0.618408,18186.6,0.638489,0.131104,0.825949,1.27333,2.37671,2.26485e+08,0.574768
0,39828,1.09444e+10,0.506104,4.30115,1.6161,0.618774,18289.1,0.638428,0.128967,0.832215,1.27333,2.34105,2.26585e+08,0.57843
0,40824.6,1.20081e+10,0.502625,4.36945,1.62138,0.61676,19234.2,0.642517,0.119141,0.823912,1.29262,2.46137,2.4476e+08,0.600891
0,37051.1,1.09806e+10,0.551331,3.63184,1.52254,0.656799,13493,0.660583,0.116577,0.828988,1.28965,2.42019,2.3269e+08,0.623108
0,32539.2,1.01984e+10,0.615662,2.9378,1.40214,0.713196,13260.6,0.691406,0.0982666,0.85358,1.29134,2.28873,2.22442e+08,0.671875
0,26935.8,8.67387e+09,0.685547,2.37738,1.29743,0.770752,12472.8,0.717163,0.0736694,0.846426,1.25353,2.19326,2.0827e+08,0.720642
0,22746.2,7.55833e+09,0.751648,1.92786,1.21318,0.82428,13156.9,0.742676,0.045166,0.864359,1.25134,2.09587,1.99114e+08,0.779968
0,19071.4,6.39597e+09,0.787598,2.40984,1.17431,0.851562,15267.8,0.743896,0.0292358,0.867577,1.30135,2.24994,1.92115e+08,0.8078
0,16510,5.91183e+09,0.832275,2.73425,1.13431,0.881592,17175.5,0.759094,0.019104,0.838295,1.31398,2.45687,1.84827e+08,0.850342
0,13437.4,4.85348e+09,0.879761,2.38212,1.09643,0.912048,18239.9,0.789429,0.0137329,0.819577,1.33947,2.67108,1.66983e+08,0.882568
0,13079.4,4.64895e+09,0.882202,2.37478,1.09475,0.913452,18216.3,0.790344,0.0114136,0.836071,1.33755,2.55939,1.62895e+08,0.886902
0,12507.2,4.12305e+09,0.887512,2.31382,1.08972,0.917664,17885.9,0.797424,0.0108643,0.952865,1.26751,1.76945,1.55196e+08,0.893616
0,12085.4,3.76734e+09,0.922363,2.16368,1.06514,0.938843,17779.4,0.812256,0.00897217,0.899715,1.31539,2.13747,1.51307e+08,0.907837
0,11643.3,3.48532e+09,0.930542,2.06928,1.05867,0.94458,18422.8,0.822266,0.00177002,0.890204,1.45053,2.65507,1.48381e+08,0.924988
0,11423.7,3.37486e+09,0.922791,2.0771,1.06307,0.940674,17914.7,0.821472,0.00415039,0.911186,1.45815,2.56089,1.47441e+08,0.921997
0,10930.7,2.98864e+09,0.914673,2.08636,1.0675,0.936768,17493,0.820129,0.00518799,0.916064,1.45437,2.52057,1.46383e+08,0.918091
0,9677.56,1.83156e+09,0.91095,1.89726,1.06639,0.937744,15038,0.829895,0.00531006,2.92337,0,0,1.23088e+08,0.919922
0,9511.69,1.75163e+09,0.872192,2.45254,1.10673,0.903564,14218.5,0.796692,0.00854492,0.510869,3.26238,40.7803,1.22271e+08,0.88623
0,13609,5.5002e+09,0.836243,3.57786,1.14903,0.8703,12222.7,0.754089,0.00909424,0.429546,4.44963,107.307,1.90555e+08,0.852905
0,13997,5.92752e+09,0.835693,3.58142,1.14943,0.869995,12104.2,0.753052,0.00921631,0.484208,4.44963,84.447,2.00672e+08,0.852356
0,13821.4,5.86604e+09,0.836548,3.57575,1.14887,0.870422,11952.1,0.755005,0.00921631,0.550163,4.45747,65.6438,2.00573e+08,0.852905
0,13685.2,5.82948e+09,0.84259,3.31938,1.14158,0.875977,11395.4,0.759888,0.00927734,0.599311,4.45747,55.3189,2.01089e+08,0.858337
0,13877.9,5.89127e+09,0.868958,2.16702,1.10815,0.902405,11179.4,0.79126,0.00939941,0.647499,4.46528,47.5574,2.01556e+08,0.884644
0,13847.8,5.87195e+09,0.868164,2.18368,1.10883,0.901855,11379.1,0.789368,0.00964355,0.680157,4.46917,43.1753,2.01796e+08,0.884338
0,13830.9,6.04028e+09,0.86615,2.29451,1.11214,0.89917,11616.3,0.782288,0.00976562,0.691466,4.27352,38.1971,2.07255e+08,0.88147
0,13627.9,5.97625e+09,0.864563,2.29674,1.11312,0.898376,11369.7,0.783936,0.0100098,0.727502,4.28053,34.62,2.0633e+08,0.880676
0,14960.9,7.061e+09,0.860718,2.35032,1.11676,0.895447,11118.7,0.781799,0.0101929,0.76784,4.29587,31.3013,2.25954e+08,0.878052
0,15802.3,7.22234e+09,0.855713,2.33246,1.11936,0.893372,10210.7,0.788574,0.0103149,0.80085,4.32271,29.1346,2.30707e+08,0.87616
0,17049.7,7.4845e+09,0.872864,2.3308,1.10167,0.907715,10163.5,0.790039,0.010498,0.836963,4.36544,27.2047,2.37479e+08,0.871948
0,18277.6,7.72932e+09,0.874634,2.36745,1.101,0.908264,10133.6,0.796143,0.00817871,0.870415,4.40397,25.5998,2.44333e+08,0.872192
0,18892.5,7.82744e+09,0.857483,2.39626,1.11259,0.898804,9308.64,0.802246,0.0122681,0.887343,4.41347,24.7387,2.46527e+08,0.86322
0,19822.4,7.9956e+09,0.833069,2.45002,1.13196,0.883423,8514.6,0.805115,0.0164795,0.909218,4.43854,23.8311,2.4946e+08,0.849365
0,20508.3,8.13948e+09,0.823608,2.1911,1.14373,0.874329,6195.57,0.830444,0.013855,0.864986,4.60505,28.3433,2.46788e+08,0.857788
0,19314.5,6.42902e+09,0.843384,0.80825,1.11585,0.896179,6244.45,0.878479,0.0165405,2.09196,3.60924,2.97664,2.14302e+08,0.87915
0,17313.5,4.23974e+09,0.820801,0.810834,1.13968,0.877441,5862.95,0.888794,0.0200195,1.97972,3.77195,3.63014,1.72477e+08,0.859314
0,18236.3,4.40823e+09,0.804993,0.887898,1.15935,0.862549,5697.89,0.890991,0.0203247,1.93011,3.79763,3.87131,1.76035e+08,0.844299
0,19079.1,4.54896e+09,0.768616,1.00473,1.20091,0.832703,5200.28,0.894775,0.0258789,1.87403,3.81766,4.14993,1.77795e+08,0.81488
0,19539.5,4.60178e+09,0.733215,1.18506,1.2504,0.799744,4834.7,0.896729,0.0270386,1.80664,3.82911,4.49212,1.78189e+08,0.78186
0,20220.4,4.7191e+09,0.706177,1.24983,1.28472,0.778381,4587.03,0.899536,0.0316162,1.75169,3.84376,4.81502,1.7953e+08,0.760254
0,21278,4.95406e+09,0.680481,1.41009,1.3275,0.753296,4348.08,0.903381,0.0322876,1.70078,3.85772,5.14474,1.83099e+08,0.736145
0,21662.8,4.87735e+09,0.651428,1.43161,1.37024,0.729797,3909.94,0.911194,0.0443115,3.82294,0.939768,0.0604292,1.77886e+08,0.712891
0,22145.8,4.94526e+09,0.621399,1.59206,1.42099,0.703735,3710.63,0.907959,0.0459595,3.57013,0.930472,0.0679263,1.79126e+08,0.686707
0,21433.1,4.02633e+09,0.60376,1.62573,1.45068,0.689331,4228.8,0.903381,0.0465698,3.933,0,0,1.61463e+08,0.67218
0,20744.9,3.90279e+09,0.557312,1.84528,1.53552,0.651245,4047.49,0.899902,0.0570068,3.64513,0,0,1.56441e+08,0.633606
0,20308.1,3.80156e+09,0.537048,1.97252,1.58453,0.631104,3871.1,0.895569,0.0578613,3.39149,0,0,1.53917e+08,0.612854
0,19642.8,3.64107e+09,0.514099,2.0037,1.63204,0.612732,3794.74,0.895752,0.0650635,3.15979,0,0,1.50599e+08,0.591125
0,19724.4,3.66974e+09,0.518066,1.94331,1.6161,0.618774,3845.49,0.896057,0.0623169,2.94761,0,0,1.51725e+08,0.581604
0,19649.2,3.64921e+09,0.500671,2.18832,1.65931,0.602661,3839.54,0.886902,0.0619507,2.75155,0,0,1.49618e+08,0.559937
0,19206.8,3.5394e+09,0.470886,2.26253,1.72645,0.579224,3789.93,0.889893,0.0715332,2.58153,0,0,1.47297e+08,0.535889
0,19069.6,3.51452e+09,0.466309,2.24255,1.73467,0.576477,3710.93,0.890381,0.0710449,2.42731,0,0,1.46968e+08,0.526489
0,18771.6,3.45159e+09,0.450012,2.24652,1.7621,0.567505,3588.59,0.892273,0.0803833,2.28877,0,0,1.46787e+08,0.513794
0,18387.8,3.36732e+09,0.427856,2.34473,1.82735,0.547241,3533.31,0.894165,0.086853,2.16449,0,0,1.43991e+08,0.490112
0,18300.9,3.35292e+09,0.435303,2.20356,1.78456,0.560364,3576.53,0.89325,0.090271,2.04537,0,0,1.4563e+08,0.49646
0,18348.5,3.4244e+09,0.435791,2.41673,1.78592,0.559937,3548.55,0.888855,0.0951538,1.94475,0,0,1.47158e+08,0.495117
0,17975.8,3.3901e+09,0.407532,2.49168,1.87203,0.53418,3472.09,0.892883,0.106201,1.85373,0,0,1.43552e+08,0.462402
0,17866.6,3.31666e+09,0.402466,2.51276,1.88843,0.529541,3491.36,0.891541,0.110291,1.77148,0,0,1.42808e+08,0.45697
0,17592.9,3.21033e+09,0.399902,2.43965,1.87417,0.533569,3485.95,0.886902,0.105713,1.69437,0,0,1.4261e+08,0.452881
0,17655.7,3.34096e+09,0.37738,2.85918,1.95957,0.510315,3523.29,0.886902,0.118347,1.62766,0,0,1.41118e+08,0.428284
0,17766.3,3.31514e+09,0.363464,2.95292,2.01724,0.495728,3247.2,0.893799,0.124207,1.56482,0,0,1.39141e+08,0.413147
0,17591.6,3.24967e+09,0.362061,3.03444,2.00539,0.498657,3284.91,0.893005,0.127563,1.50796,0,0,1.38916e+08,0.409424
0,17488,3.19916e+09,0.347595,3.11603,2.06036,0.485352,3375.22,0.891907,0.135437,1.40062,0.192715,0.0189316,1.40232e+08,0.395142
0,17444.5,3.72651e+09,0.3797,2.90761,1.93299,0.517334,3788.26,0.88208,0.131042,1.3445,0.197311,0.0215369,1.53574e+08,0.419922
0,16649.5,3.57405e+09,0.414856,2.73419,1.81399,0.55127,3830.45,0.876953,0.128296,1.30559,0.201231,0.023756,1.54145e+08,0.453979
0,16454,3.57042e+09,0.472534,2.07172,1.64498,0.60791,4090.68,0.876526,0.11792,1.2732,0.201231,0.0249803,1.57885e+08,0.50354
0,15704.9,3.42605e+09,0.506531,1.94267,1.56665,0.638306,4148.06,0.874451,0.115723,1.24401,0.20539,0.0272591,1.58232e+08,0.532654
0,15618.2,3.67805e+09,0.539429,1.8116,1.49694,0.66803,4354.99,0.867188,0.103394,1.18045,0.256279,0.0471338,1.5971e+08,0.56012
0,15671.8,3.72473e+09,0.536987,1.78673,1.45895,0.685425,4742.75,0.839722,0.0997925,1.00216,0.349344,0.121515,1.63219e+08,0.572205
0,15151.2,3.58684e+09,0.488708,1.86605,1.50409,0.664856,4907.07,0.81958,0.0969849,0.924532,0.351608,0.144635,1.62459e+08,0.551331
0,14697.5,3.46361e+09,0.440063,1.98398,1.5552,0.643005,5099.9,0.802856,0.0896606,0.877568,0.338925,0.149158,1.61106e+08,0.525146
0,14469.7,3.40517e+09,0.413452,1.81452,1.56112,0.640564,5528.51,0.78363,0.0775146,0.856081,0.324667,0.143829,1.62194e+08,0.525757
0,13915.7,3.21354e+09,0.371277,1.99828,1.61181,0.620422,5728.81,0.763672,0.0715942,0.846427,0.311959,0.135836,1.59697e+08,0.504883
0,13416.6,3.08308e+09,0.322021,2.21753,1.68594,0.59314,5819.7,0.748047,0.0669556,0.847688,0.303085,0.127837,1.52496e+08,0.480713
0,13205.2,2.92989e+09,0.327148,2.16868,1.68058,0.595032,6084.94,0.737671,0.0549316,0.86058,0.316153,0.134962,1.53444e+08,0.489136
0,14383.4,3.2261e+09,0.346313,2.24811,1.65245,0.605164,6461.44,0.729187,0.0474243,0.828442,0.797542,0.926793,1.61774e+08,0.510925
0,17530.8,5.14235e+09,0.34613,2.21457,1.66335,0.601196,6820.13,0.718872,0.0395508,0.736844,2.22578,9.12457,1.85799e+08,0.535156
0,17273.8,5.1367e+09,0.346252,2.19528,1.66318,0.601257,7166.7,0.715332,0.0328979,0.761754,2.23593,8.61566,1.77955e+08,0.57196
0,16421.4,4.4494e+09,0.438232,2.11169,1.54173,0.648621,6850.76,0.717468,0.0291748,0.785333,2.23286,8.08377,1.71346e+08,0.579651
0,16645.3,4.57284e+09,0.511719,2.06406,1.45999,0.684937,6895.22,0.713989,0.0288086,0.805966,2.23007,7.656,1.73925e+08,0.578552
0,16801.2,4.60726e+09,0.591675,2.00925,1.37924,0.725037,6771.82,0.713623,0.0286865,0.823114,2.23007,7.34032,1.75853e+08,0.577759
0,16835,4.61479e+09,0.639709,1.97681,1.33518,0.748962,6796.53,0.708679,0.0286255,0.832732,2.22991,7.17076,1.77278e+08,0.577637
0,16746.3,4.59514e+09,0.75177,1.89852,1.24112,0.805725,6779.91,0.706848,0.0283813,0.855398,2.23007,6.79672,1.80599e+08,0.578796
0,16225.5,4.20525e+09,0.790344,1.67951,1.19959,0.833618,6662.1,0.723633,0.0266113,0.861151,2.28011,7.01056,1.77935e+08,0.595947
0,15932.4,4.16846e+09,0.805908,1.49512,1.1765,0.849976,6770.87,0.730469,0.0231934,0.862513,2.336,7.33526,1.75087e+08,0.647461
0,15736.7,4.08602e+09,0.784119,1.53076,1.18656,0.842773,6910.63,0.723572,0.0245972,0.887089,2.37904,7.19232,1.73097e+08,0.674011
0,15808.7,4.10073e+09,0.726501,1.51186,1.22727,0.814819,7252.55,0.7229,0.0256958,0.900468,2.41219,7.17607,1.70556e+08,0.679321
0,16023.6,4.23197e+09,0.679565,1.49814,1.26547,0.790222,7333.94,0.719421,0.0250244,0.90987,2.4359,7.16739,1.72229e+08,0.690613
0,16041.8,4.28939e+09,0.61969,1.55784,1.31927,0.757996,7700.73,0.714294,0.024292,0.921081,2.4679,7.17892,1.70082e+08,0.695251
0,15957.3,4.28144e+09,0.555542,1.52205,1.39001,0.719421,8297.63,0.715759,0.0233765,0.914029,2.50549,7.5139,1.65535e+08,0.695496
0,14446.5,3.89181e+09,0.531067,1.52585,1.4242,0.702148,8010.56,0.705017,0.0223999,0.965198,2.61212,7.32407,1.62361e+08,0.676636
0,12802.1,3.24467e+09,0.491516,1.63598,1.47126,0.679688,7920.31,0.685486,0.0196533,1.17121,0.436813,0.139098,1.60054e+08,0.64502
0,10525.8,1.74053e+09,0.477539,1.73965,1.4979,0.667603,8125.07,0.674133,0.0161133,1.18802,0.312586,0.0692298,1.29148e+08,0.608643
0,10179.7,1.60991e+09,0.458069,1.96217,1.54479,0.647339,8037.96,0.655823,0.0126343,1.15838,0.307789,0.0705997,1.24978e+08,0.558716
0,9959.47,1.46853e+09,0.469421,2.23493,1.55667,0.642395,8049.88,0.639221,0.0122681,1.15599,0.313332,0.0734684,1.22711e+08,0.509766
0,9855,1.40537e+09,0.476929,2.43325,1.57312,0.635681,8343.76,0.625366,0.0112915,1.13537,0.311236,0.0751462,1.21198e+08,0.458374
0,9838.44,1.36997e+09,0.471558,2.65465,1.60564,0.622803,8469.43,0.608704,0.0113525,1.1171,0.309047,0.0765356,1.19575e+08,0.406006
0,9958.12,1.38559e+09,0.507141,2.74791,1.57417,0.635254,8886.55,0.598755,0.0115356,1.06938,0.439548,0.168946,1.21599e+08,0.375427
0,10013.5,1.40604e+09,0.547791,2.70626,1.52608,0.655273,9272.25,0.601135,0.0125732,1.06723,0.440152,0.170093,1.23967e+08,0.371582
0,10162,1.44913e+09,0.628723,2.63121,1.43719,0.695801,9614.25,0.602234,0.0126343,1.06271,0.440745,0.172008,1.28016e+08,0.371948
0,12493.2,3.52981e+09,0.699524,2.62954,1.36898,0.730469,9726.35,0.604187,0.0126953,0.95607,1.35326,2.00348,1.68108e+08,0.369812
0,12474.1,3.54752e+09,0.732727,2.39559,1.32001,0.757568,9803.58,0.621826,0.0106812,0.955765,1.38235,2.09187,1.70463e+08,0.380066
0,12502.5,3.59314e+09,0.7547,2.112,1.2825,0.779724,10041,0.642395,0.00787354,0.949219,1.41726,2.22929,1.7374e+08,0.419739
0,12078.1,3.53092e+09,0.778198,1.88673,1.24517,0.803101,10281.2,0.6651,0.00628662,0.948544,1.4666,2.39062,1.70066e+08,0.471497
0,11826.8,3.43223e+09,0.807861,1.61304,1.20117,0.83252,10666.3,0.694885,0.00500488,0.942771,1.53684,2.65732,1.69391e+08,0.538879
0,11785,3.40613e+09,0.832458,1.3987,1.16679,0.857056,11014.4,0.712219,0.00372314,0.939928,1.60372,2.91118,1.70856e+08,0.603149
0,11605.1,3.38367e+09,0.853027,1.21022,1.13976,0.87738,11424.2,0.732605,0.00366211,0.93537,1.6599,3.14916,1.70985e+08,0.637756
0,11461.4,3.39672e+09,0.880249,0.992389,1.10606,0.904114,12003,0.756836,0.003479,0.930016,1.76517,3.6024,1.72011e+08,0.708557
0,11309.4,3.40432e+09,0.907959,0.765667,1.07429,0.930847,12851.5,0.781555,0.00317383,0.913326,1.88197,4.24595,1.72223e+08,0.784241
0,11269.1,3.43521e+09,0.937317,0.50503,1.04323,0.958557,14470.5,0.808716,0.00299072,0.864969,1.96207,5.14553,1.71644e+08,0.853699
0,11418,3.49858e+09,0.959656,0.381931,1.02477,0.97583,16005.4,0.824646,0.00299072,0.842783,2.06055,5.97774,1.72949e+08,0.904297
0,11335.9,3.49956e+09,0.974548,0.327188,1.01638,0.983887,19302.9,0.838745,0.00311279,0.815662,2.15678,6.9918,1.72118e+08,0.95459
0,11433.7,3.49591e+09,0.951904,0.358861,1.02889,0.971924,19952.5,0.831116,0.00537109,0.90663,2.29534,6.40965,1.73031e+08,0.96283
0,11312,3.4227e+09,0.887329,0.51255,1.07099,0.933716,16514.3,0.815369,0.00811768,0.960338,2.11389,4.84523,1.70224e+08,0.926147
0,9478.28,1.41421e+09,0.847168,1.33081,1.10501,0.904968,22507.9,0.793884,0.00915527,1.38153,0.34493,0.0623367,1.33724e+08,0.89447
0,9572.34,1.4121e+09,0.885376,1.91015,1.08784,0.91925,31467.9,0.783875,0.00872803,1.33999,0.344324,0.0660283,1.41252e+08,0.882874
0,10042.2,1.55816e+09,0.890381,1.90713,1.08503,0.921631,35377.4,0.786316,0.0119629,1.29667,0.342327,0.069698,1.48576e+08,0.875549
0,10180.1,1.56642e+09,0.839294,4.73051,1.1431,0.874817,31295.5,0.737488,0.0119019,1.26385,0.341465,0.0729957,1.47578e+08,0.828491
0,10321.7,1.57462e+09,0.760315,6.25927,1.21237,0.824829,28057.3,0.711792,0.0291138,1.2354,0.34071,0.0760601,1.43142e+08,0.77832
0,10433.4,1.64138e+09,0.657776,6.46173,1.29487,0.772278,25503,0.720947,0.0672607,1.19912,0.337339,0.0791422,1.34884e+08,0.725769
0,11033.8,1.7374e+09,0.59729,7.22532,1.3804,0.724426,23748.2,0.71521,0.0861816,1.18646,0.339098,0.0816851,1.35507e+08,0.677734
0,11387.1,1.89607e+09,0.531128,7.52501,1.49108,0.670654,21837.4,0.720032,0.109558,1.16886,0.339098,0.0841638,1.30879e+08,0.624268
0,11458.4,1.89548e+09,0.477173,10.7541,1.60896,0.621521,21012.3,0.678467,0.112244,1.14924,0.338238,0.0866207,1.27773e+08,0.575134
0,11762.3,1.93036e+09,0.417786,13.0031,1.76419,0.566833,20023.6,0.656555,0.121887,1.13118,0.337339,0.0889337,1.24452e+08,0.520691
0,11938.7,2.00421e+09,0.356018,13.7204,1.96051,0.510071,18793,0.664978,0.145752,1.10526,0.333333,0.0909562,1.17084e+08,0.464905
0,12478.8,2.08365e+09,0.298767,15.2009,2.1936,0.455872,18013.6,0.660095,0.161499,1.09174,0.332242,0.0926137,1.16816e+08,0.411438
0,13061.6,2.25609e+09,0.241211,16.2194,2.493,0.401123,17065.2,0.665894,0.173889,1.06933,0.32752,0.0938105,1.14875e+08,0.3573
0,12880.7,2.19901e+09,0.189087,21.7122,2.84346,0.351685,16349.9,0.621704,0.178467,1.06426,0.328482,0.0952637,1.08252e+08,0.302368
0,13215.3,2.33626e+09,0.15387,23.2194,3.20563,0.311951,15688,0.639099,0.199646,1.09718,0.340686,0.0964165,1.0298e+08,0.259888
0,13592.2,2.42795e+09,0.122864,24.6699,3.64737,0.27417,15320.4,0.655823,0.210388,1.24279,0.350207,0.0794066,1.01987e+08,0.245361
0,13497.8,2.46738e+09,0.100342,23.8436,4.03646,0.247742,13630.7,0.690796,0.234314,1.39129,0.279363,0.0403185,9.06936e+07,0.224365
0,13770.8,2.51511e+09,0.10675,25.7255,3.90374,0.256165,10088.8,0.663147,0.241577,1.31958,0.296923,0.0506308,9.9243e+07,0.170715
0,13425.2,2.45229e+09,0.0991821,25.5721,4.04743,0.24707,8382.34,0.673279,0.26178,1.31541,0.275993,0.0440221,8.98468e+07,0.129578
0,14086.8,2.60504e+09,0.0984497,20.0069,4.11245,0.243164,8037.55,0.729065,0.275024,1.29655,0.266497,0.0422478,9.36023e+07,0.12561
0,13686.5,2.51115e+09,0.105042,25.0245,3.9594,0.252563,8093.51,0.671753,0.238953,1.2653,0.266497,0.0443602,9.66584e+07,0.129578
0,13310,2.37575e+09,0.10437,27.5095,3.9489,0.253235,7947.1,0.64679,0.224792,1.23303,0.272727,0.0489227,9.2715e+07,0.124512
0,13285.6,2.40282e+09,0.104065,27.5639,3.96132,0.252441,7893.53,0.645874,0.215149,1.20982,0.272727,0.0508181,9.24918e+07,0.120911
0,13220,2.32652e+09,0.102661,27.3022,3.9825,0.251099,7784.08,0.649231,0.213806,1.14165,0.309408,0.0734515,9.09701e+07,0.118774
0,13589.8,2.46566e+09,0.0969238,22.561,4.11142,0.243225,7440.4,0.705139,0.235657,1.13326,0.306186,0.0729981,8.98734e+07,0.111206
0,13649.2,2.41578e+09,0.109863,25.1953,3.86689,0.258606,7991.2,0.660889,0.214661,1.13176,0.296923,0.0688298,9.84479e+07,0.125488
0,13454.5,2.42984e+09,0.106079,24.6933,3.92525,0.254761,7822.98,0.669556,0.221802,1.14362,0.275993,0.0582417,9.27283e+07,0.121826
0,13560.5,2.38603e+09,0.112183,25.2654,3.82268,0.261597,8064.34,0.653015,0.215454,1.10473,0.296923,0.0722391,9.86726e+07,0.128357
0,13496,2.46277e+09,0.105835,22.9675,3.94036,0.253784,7864.1,0.687012,0.231445,1.11459,0.279363,0.0628216,9.3161e+07,0.121094
0,14002.3,2.57549e+09,0.106262,20.1711,3.95367,0.25293,7816.04,0.714783,0.233643,1.08599,0.296923,0.0747544,9.95456e+07,0.12085
0,13798.8,2.47713e+09,0.121948,22.5327,3.68926,0.271057,8769.08,0.668518,0.214539,1.07837,0.296923,0.0758148,1.01801e+08,0.139099
0,13576.7,2.48013e+09,0.117188,22.6638,3.75177,0.266541,8614.7,0.677124,0.226257,1.05824,0.306186,0.0837155,9.80045e+07,0.13501
0,13850.7,2.48277e+09,0.121643,22.4747,3.67519,0.272095,8717.01,0.672974,0.215698,1.03203,0.319438,0.0958049,1.02389e+08,0.140137
0,15844.6,3.15498e+09,0.143555,19.1211,3.36565,0.297119,9367.91,0.69104,0.217773,1.01069,0.329848,0.10651,1.37062e+08,0.164917
0,18285.3,3.67721e+09,0.163025,16.9171,3.02791,0.330261,10926.3,0.689941,0.209412,1.01882,0.324964,0.101736,1.48553e+08,0.197571
0,20422.8,4.34591e+09,0.156128,16.5411,2.89112,0.345886,11502.2,0.671204,0.218933,1.0127,0.326894,0.104196,1.53747e+08,0.211792
0,20755.8,4.40495e+09,0.176147,12.3191,2.71348,0.36853,12298.8,0.688416,0.232178,0.922323,0.352767,0.146288,1.5578e+08,0.234009
0,20982.7,4.44589e+09,0.205627,8.02832,2.50443,0.399292,13677.8,0.719604,0.234802,0.871194,0.350095,0.161488,1.58243e+08,0.264282
0,20812.2,4.3319e+09,0.246399,7.7483,2.28285,0.438049,15221.5,0.694641,0.212708,0.846073,0.340549,0.16201,1.60293e+08,0.302307
0,20603.8,4.28124e+09,0.28009,6.31193,2.13195,0.469055,16493.8,0.698486,0.210266,0.841941,0.333333,0.156745,1.62635e+08,0.331238
0,20151.6,4.13992e+09,0.345581,6.04962,1.90357,0.52533,18289.9,0.655945,0.181519,0.865397,0.334858,0.149724,1.66631e+08,0.388672
0,19808.8,4.05988e+09,0.379517,4.16216,1.80879,0.552856,19416,0.665649,0.176514,0.858733,0.32599,0.14411,1.6824e+08,0.414429
0,19763,4.04828e+09,0.422424,3.70198,1.71237,0.583984,21352,0.654297,0.157043,0.865504,0.322364,0.138725,1.70166e+08,0.448792
0,19660.9,3.9766e+09,0.461487,3.22248,1.63873,0.610229,22944.2,0.642944,0.145264,0.873442,0.319841,0.134091,1.72517e+08,0.476868
0,19894.7,3.93426e+09,0.488464,6.03688,1.6275,0.614441,24322.2,0.579041,0.120239,0.887262,0.319637,0.129781,1.72761e+08,0.494507
0,19303.1,3.81744e+09,0.48645,8.10621,1.64647,0.607361,24456.6,0.548828,0.113831,0.897106,0.319036,0.126471,1.71762e+08,0.491394
0,20252.2,4.02054e+09,0.484253,7.10509,1.69082,0.591431,24799.6,0.562378,0.114502,0.90904,0.320129,0.124017,1.69312e+08,0.491638
0,21998.9,5.60611e+09,0.516235,7.03367,1.65696,0.603516,25972.1,0.549805,0.0980225,0.926003,0.323912,0.122357,1.96119e+08,0.527954
0,22094.7,5.74246e+09,0.517212,7.0243,1.65579,0.603943,27164.9,0.542236,0.0847778,0.937812,0.325892,0.120758,1.90571e+08,0.571472
0,17664.2,4.59773e+09,0.568909,6.73909,1.55034,0.64502,26871.1,0.563843,0.0751343,0.925165,0.316462,0.117005,1.88751e+08,0.594116
0,14933.4,3.7884e+09,0.637939,6.36669,1.41205,0.708191,27396.4,0.57782,0.0440674,0.923648,0.310004,0.112647,1.87408e+08,0.641602
0,14773.2,3.8087e+09,0.685242,6.12971,1.34185,0.745239,27183.9,0.605469,0.0299683,0.942676,0.314918,0.111602,1.89275e+08,0.670349
0,14682.9,3.81833e+09,0.695129,6.51759,1.32342,0.755615,26459.4,0.60791,0.0255737,0.96206,0.321401,0.111607,1.8904e+08,0.679993
0,14665.3,3.86501e+09,0.719482,6.30465,1.2818,0.780151,25843.3,0.62561,0.0219727,0.983783,0.328739,0.111661,1.88248e+08,0.704712
0,14915.6,4.01384e+09,0.736694,6.16102,1.25413,0.797363,25407.6,0.643616,0.020813,1.01003,0.337567,0.1117,1.89985e+08,0.721985
0,14935.6,4.02901e+09,0.738403,6.14355,1.25126,0.799194,24980.7,0.649353,0.0211792,0.994977,0.332539,0.111701,1.89073e+08,0.72406
0,14912.3,4.03314e+09,0.738953,6.12205,1.24945,0.800354,25811.8,0.644104,0.0239258,1.00002,0.334149,0.11165,1.88478e+08,0.725647
0,14844.2,4.02144e+09,0.738281,6.09947,1.25021,0.799866,26364.3,0.642029,0.0257568,0.992994,0.331593,0.111511,1.88402e+08,0.725708
0,13969.2,3.8105e+09,0.756226,5.35314,1.23262,0.811279,27997.6,0.654663,0.0265503,0.978963,0.325723,0.110705,1.88618e+08,0.736511
0,14187.2,3.8492e+09,0.782288,2.83194,1.19898,0.834045,30186.5,0.685913,0.0276489,0.968758,0.32016,0.10922,1.89979e+08,0.758667
0,14301.4,3.87328e+09,0.80481,1.33865,1.17062,0.854248,34062.6,0.697449,0.0223999,0.91791,0.440569,0.230371,1.89642e+08,0.788635
0,13536.6,3.7444e+09,0.843506,1.2818,1.14119,0.876282,38062.7,0.703247,0.0126343,0.923313,0.442483,0.229665,1.8402e+08,0.833191
0,11839.6,2.16685e+09,0.844788,1.28267,1.13936,0.877686,38065.5,0.707336,0.0114746,0.923953,0.441226,0.228047,1.52959e+08,0.835327
0,11549.6,1.99995e+09,0.842834,1.31708,1.14047,0.876831,39090.1,0.703735,0.0101318,0.624797,4.62308,54.7502,1.43026e+08,0.838135
0,11454.8,1.92092e+09,0.838013,1.32127,1.14318,0.874756,39987.9,0.701843,0.0106812,0.667423,4.6318,48.1613,1.34344e+08,0.83667
0,11735.9,1.98802e+09,0.835876,1.32665,1.14461,0.873657,39824.7,0.703186,0.0107422,0.678477,4.6318,46.6048,1.34825e+08,0.835571
0,11823.4,2.00662e+09,0.838745,1.31275,1.14134,0.87616,40524.8,0.703369,0.0108643,0.713254,4.64241,42.3641,1.3757e+08,0.838745
0,12111.8,2.06828e+09,0.836731,1.31808,1.1427,0.875122,40449.4,0.702454,0.0109253,0.72618,4.64649,40.9413,1.38415e+08,0.837708
0,12015.3,2.04627e+09,0.839355,1.31425,1.13992,0.877258,40703.6,0.70343,0.0108643,0.757939,4.65698,37.7521,1.39308e+08,0.839783
0,12294.7,2.11179e+09,0.851807,0.976096,1.12558,0.888428,41905.6,0.712219,0.0108643,0.782445,4.64396,35.2264,1.48051e+08,0.85083
0,12547.2,2.1738e+09,0.853333,0.980088,1.12466,0.88916,41976.2,0.713501,0.0109253,0.798733,4.62319,33.5027,1.55227e+08,0.851746
0,12742.4,2.20883e+09,0.8526,0.986728,1.12512,0.888794,42350.6,0.712891,0.0113525,0.820616,4.59788,31.3933,1.57698e+08,0.851379
0,13132.1,2.25227e+09,0.843811,1.16147,1.134,0.881836,42874.1,0.701782,0.0112915,0.676242,3.59358,28.239,1.60214e+08,0.844727
0,16993,3.44215e+09,0.82196,1.27047,1.14549,0.872986,43485.9,0.715332,0.0133057,0.643346,3.42833,28.3973,1.69234e+08,0.836182
0,17709.2,3.8133e+09,0.805054,1.52505,1.15543,0.865479,44493,0.707031,0.0159912,0.505269,3.93137,60.54,1.77995e+08,0.829956
0,17875.5,3.94911e+09,0.82782,1.37867,1.1276,0.886841,45188.4,0.729492,0.0170898,0.539485,3.88164,51.7692,1.77711e+08,0.852661
0,17701.6,3.99604e+09,0.860291,1.2213,1.10122,0.908081,46857.5,0.760559,0.015686,0.561886,3.79926,45.7196,1.73994e+08,0.881287
0,17514,4.27712e+09,0.875,1.0836,1.09001,0.917419,46462.9,0.785706,0.0148926,0.57306,3.73139,42.3975,1.67427e+08,0.90332
0,17391.5,4.35232e+09,0.864746,1.24674,1.09915,0.90979,44274.4,0.77655,0.0150757,0.654215,3.68536,31.7336,1.65758e+08,0.89563
0,16974.6,4.30346e+09,0.866821,1.18949,1.09665,0.911865,42596.4,0.785645,0.0148926,0.735412,3.6151,24.1647,1.61107e+08,0.897034
0,16964.1,4.34211e+09,0.86676,1.18184,1.09695,0.911621,42679.8,0.787354,0.0143433,0.761041,3.6151,22.5645,1.58698e+08,0.8974
0,16214.4,4.19537e+09,0.86853,1.17378,1.09475,0.913452,41804.2,0.790955,0.0141602,0.785081,3.61171,21.1639,1.53797e+08,0.899292
0,18835.9,5.51202e+09,0.851074,1.30196,1.11138,0.89978,40786.3,0.782288,0.015564,0.754505,3.64733,23.3683,1.66651e+08,0.885498
0,18670.5,5.48416e+09,0.846375,1.30953,1.11509,0.89679,40132.4,0.786682,0.0168457,0.778059,3.64414,21.9363,1.64095e+08,0.88147
0,18545.9,5.47936e+09,0.838318,1.29457,1.12004,0.892822,38433.5,0.790833,0.020813,0.806133,3.64947,20.495,1.60988e+08,0.874817
0,18041.2,5.41416e+09,0.841614,1.1888,1.11615,0.895935,36638.8,0.801819,0.0203247,0.849593,3.81007,20.1115,1.54564e+08,0.878418
0,17926.5,5.38882e+09,0.855652,1.01217,1.10323,0.906433,41533.7,0.815735,0.0197144,0.829774,3.91842,22.2999,1.59666e+08,0.887573
0,15235.7,4.85498e+09,0.903198,0.875879,1.06743,0.936829,44925.5,0.82782,0.0153809,0.838862,3.96488,22.3398,1.64153e+08,0.909302
0,15039.1,4.89778e+09,0.920288,0.540917,1.05127,0.951233,43419.9,0.853394,0.0115356,1.14792,3.73556,10.5899,1.55931e+08,0.929077
0,14843.6,4.86311e+09,0.920532,0.558152,1.05133,0.951172,44686,0.853699,0.00866699,1.02762,3.66631,12.729,1.56132e+08,0.932617
0,15226,5.24114e+09,0.917847,0.604062,1.05411,0.948669,44844.1,0.85022,0.00891113,0.970929,3.52267,13.1634,1.57866e+08,0.930054
0,15228,5.23321e+09,0.915649,0.60477,1.05526,0.947632,44561.8,0.850952,0.00927734,0.97289,3.52267,13.1104,1.58084e+08,0.929016
0,15542.4,5.28163e+09,0.910828,0.669619,1.05984,0.943542,47013.4,0.842041,0.00952148,0.991332,3.43612,12.0143,1.6088e+08,0.925293
0,20992.5,6.75311e+09,0.882019,0.802198,1.0831,0.923279,45679.9,0.830261,0.0144043,0.898794,3.38377,14.1736,1.79874e+08,0.904541
0,25860.9,8.03733e+09,0.84906,1.03286,1.11668,0.895508,48162.5,0.807312,0.0332642,0.981856,3.43745,12.2568,1.92758e+08,0.876953
0,29268.7,8.65196e+09,0.803528,1.34786,1.16554,0.857971,45778.2,0.785522,0.0526123,0.958204,3.7138,15.0218,2.01026e+08,0.839355
0,33337.2,9.38826e+09,0.750977,1.70902,1.228,0.814331,42821.2,0.760254,0.071167,1.05442,3.77466,12.8153,2.09338e+08,0.795837
0,34544.5,9.10481e+09,0.709717,2.39176,1.28825,0.776245,40754.4,0.724304,0.0896606,0.557444,4.72173,71.7463,2.07079e+08,0.749695
0,35820.4,9.53612e+09,0.668335,2.49731,1.33572,0.748657,40993.5,0.717407,0.0900879,0.597173,4.65532,60.7713,2.12898e+08,0.729248
0,36526.9,9.65558e+09,0.66687,2.51322,1.33812,0.747314,41746.5,0.716858,0.0895996,0.63545,4.6534,53.6264,2.20459e+08,0.72876
0,37262.1,9.77097e+09,0.652893,2.53194,1.35338,0.738892,43579.7,0.711121,0.0895996,0.67554,4.6534,47.4503,2.27673e+08,0.720337
0,37390.9,9.80238e+09,0.643311,2.55187,1.36465,0.732788,41942.6,0.707153,0.0896606,0.723148,4.66463,41.6084,2.21562e+08,0.714172
0,36443.6,9.27061e+09,0.643616,2.53612,1.36465,0.732788,39724.6,0.709473,0.0891113,0.749155,4.64554,38.4529,2.09693e+08,0.7146
0,36745.9,9.0169e+09,0.646606,2.49424,1.36102,0.734741,39662.5,0.709351,0.0890503,0.782819,4.70418,36.1114,2.12889e+08,0.716125
0,37061,8.83897e+09,0.640686,2.57284,1.3699,0.72998,39269.6,0.702759,0.0898438,0.821049,4.72048,33.0547,2.19895e+08,0.710876
0,36905.6,8.54695e+09,0.641907,2.57364,1.36887,0.73053,39325.8,0.704651,0.0895996,0.837924,4.71694,31.6892,2.21108e+08,0.711731
0,32677.6,7.40644e+09,0.672974,2.39161,1.32396,0.75531,38288.2,0.722046,0.0880737,0.741794,4.59073,38.2999,2.11375e+08,0.727661
0,27876.3,6.13256e+09,0.699402,3.03058,1.29364,0.77301,34561.7,0.701233,0.072937,0.63884,3.95233,38.2757,2.07863e+08,0.724915
0,23950.9,5.45661e+09,0.766418,2.62942,1.20924,0.826965,36224.9,0.727783,0.048645,0.643647,3.84272,35.6435,2.07446e+08,0.76825
0,19824,4.60137e+09,0.827026,2.34285,1.14286,0.875,37990.2,0.74884,0.0292969,0.625764,3.69078,34.7869,2.02294e+08,0.809082
0,16019.2,3.54761e+09,0.896423,1.75616,1.08095,0.92511,41702.1,0.779602,0.00952148,0.732873,3.42258,21.8096,1.99529e+08,0.863342
0,14884.9,3.02311e+09,0.905396,1.59294,1.07408,0.93103,41621,0.776733,0.00341797,0.727643,3.52473,23.4647,1.8361e+08,0.885498
0,16076.2,4.37187e+09,0.875732,1.96571,1.09842,0.9104,38980.3,0.755432,0.00354004,0.829248,3.55772,18.4066,2.05334e+08,0.873657
0,14956.2,4.09771e+09,0.876221,1.9606,1.09805,0.910706,33930.7,0.757874,0.00421143,0.845836,3.54917,17.6068,1.93392e+08,0.877563
0,15491.8,4.9238e+09,0.870056,2.11348,1.10486,0.90509,31776.5,0.726379,0.0043335,0.893179,3.5545,15.8373,1.98941e+08,0.880432
0,14771.9,4.74474e+09,0.875061,2.09996,1.10159,0.907776,30149.4,0.669983,0.00427246,0.907032,3.56003,15.405,1.96942e+08,0.883972
0,14462.8,4.66084e+09,0.87915,2.058,1.09834,0.910461,29931,0.630493,0.00439453,0.92348,3.57927,15.0222,1.96665e+08,0.887085
0,13814.6,4.49575e+09,0.884338,2.04954,1.09511,0.913147,30184.4,0.577942,0.0043335,0.943317,3.60477,14.6029,1.95835e+08,0.890869
0,12827.7,4.23856e+09,0.890625,1.98317,1.0903,0.917175,30379.8,0.501282,0.00396729,0.945072,3.59938,14.5053,1.88775e+08,0.897461
0,12651.9,4.57542e+09,0.898987,1.92433,1.0841,0.922424,30108.7,0.469727,0.00311279,0.953027,3.61829,14.4144,1.90105e+08,0.903259
0,12083.1,4.42625e+09,0.897339,1.91461,1.08496,0.921692,30082.9,0.444641,0.00292969,0.957904,3.616,14.25,1.81968e+08,0.905945
0,12114.4,4.42569e+09,0.89679,1.9245,1.08546,0.921265,30156.1,0.422607,0.00299072,0.962462,3.62163,14.1593,1.82453e+08,0.905518
0,11720.3,4.36088e+09,0.929565,1.07892,1.05357,0.949158,33155.9,0.406677,0.0032959,1.25443,3.57372,8.11609,1.77712e+08,0.934021
0,15689.5,8.36662e+09,0.928101,1.06017,1.05472,0.94812,20817.9,0.407349,0.00482178,1.46134,3.85757,6.96829,2.40614e+08,0.933044
0,15112.1,8.25946e+09,0.927368,1.04863,1.05499,0.947876,21621.5,0.408508,0.00445557,1.42147,3.86335,7.38679,2.31253e+08,0.936646
0,14544.2,8.15618e+09,0.928345,1.0442,1.05438,0.948425,17710.3,0.415283,0.0043335,1.36262,3.85176,7.99037,2.22514e+08,0.939392
0,14393.7,8.15104e+09,0.928772,1.03734,1.05397,0.948792,18567,0.417358,0.0043335,1.33165,3.86336,8.41693,2.20068e+08,0.941223
0,14273.4,8.20799e+09,0.957031,0.687405,1.03265,0.968384,19976.1,0.448242,0.00408936,2.23109,2.62044,1.37947,2.19127e+08,0.957275
0,12613.1,6.76542e+09,0.970154,0.490877,1.02189,0.978577,21132.6,0.46405,0.00421143,2.2637,3.07556,1.84591,1.93699e+08,0.972961
0,12463.1,6.72989e+09,0.968201,0.527613,1.02406,0.976501,24070.7,0.46283,0.00421143,2.19434,3.07556,1.96445,1.90607e+08,0.973206
0,13093.5,7.25487e+09,0.953979,0.530651,1.03193,0.969055,20388.2,0.479675,0.00616455,1.88316,4.4119,5.48879,1.97811e+08,0.966614
0,29831,2.33006e+10,0.94635,0.608647,1.03801,0.963379,19360.5,0.530029,0.00823975,1.67687,4.1962,6.26199,4.62928e+08,0.960938
0,30250.8,2.34649e+10,0.944336,0.602405,1.03887,0.962585,19250.5,0.580933,0.00946045,1.56765,4.14472,6.99026,4.68007e+08,0.960083
0,34307.9,2.69373e+10,0.941711,0.610888,1.04052,0.96106,19585.7,0.633301,0.0102539,1.47201,4.09757,7.74875,5.31629e+08,0.958557
0,34486.7,2.70919e+10,0.937927,0.611331,1.0427,0.959045,19188.1,0.698975,0.0114136,1.34431,4.00436,8.8729,5.29115e+08,0.956543
0,33697.3,2.65445e+10,0.938965,0.611805,1.04204,0.959656,18438.8,0.768127,0.0125732,1.23198,3.94306,10.2438,5.15671e+08,0.954834
0,34100.8,2.66567e+10,0.934814,0.606455,1.0443,0.957581,18190.7,0.818176,0.0127563,1.19118,3.91923,10.8255,5.1496e+08,0.95282
0,29741.7,2.26451e+10,0.947083,0.410063,1.03317,0.967896,20127.2,0.86676,0.0117798,1.22193,4.25717,12.138,4.4579e+08,0.962097
0,29369.3,2.25725e+10,0.950562,0.397882,1.03102,0.96991,20239.1,0.868958,0.0103149,1.20017,4.25717,12.5822,4.44542e+08,0.963806
0,29523.9,2.2599e+10,0.949585,0.403909,1.03154,0.969421,19297.7,0.868164,0.0103149,1.18169,4.25717,12.9787,4.45671e+08,0.962341
0,29574.2,2.25963e+10,0.949402,0.405551,1.03161,0.96936,18327.1,0.869385,0.010376,1.17374,4.27676,13.2765,4.46942e+08,0.960449
0,29296.3,2.2534e+10,0.95105,0.404197,1.0307,0.970215,17855.5,0.870239,0.010498,1.14965,4.27676,13.8389,4.464e+08,0.959534
0,29437.4,2.25897e+10,0.94696,0.492963,1.03434,0.966797,16920.9,0.866882,0.0108032,1.12893,4.27118,14.314,4.47847e+08,0.955017
0,29559.5,2.26587e+10,0.963013,0.43399,1.02528,0.975342,16393.5,0.86792,0.00994873,1.12959,4.29626,14.4658,4.51392e+08,0.955872
0,25853.5,1.92482e+10,0.972107,0.299607,1.01789,0.982422,18213.7,0.875916,0.00775146,1.76877,4.30691,5.92911,3.97192e+08,0.968384
0,11371.7,5.18563e+09,0.986023,0.197842,1.00868,0.991394,19815.4,0.878601,0.00567627,5.65533,0,0,1.74772e+08,0.972961
0,11062.6,5.06675e+09,0.988403,0.204659,1.00763,0.992432,20197.6,0.874023,0.00445557,5.37064,0,0,1.74115e+08,0.973083
0,9321.69,3.10938e+09,0.985962,0.21183,1.00887,0.991211,19793.5,0.875549,0.00469971,5.08739,0,0,1.41343e+08,0.971741
0,7236.31,1.4094e+09,0.987549,0.209143,1.008,0.992065,19537.9,0.87793,0.00408936,4.68806,0,0,1.1212e+08,0.973389
0,7679.06,1.50069e+09,0.969849,0.238371,1.01713,0.983154,17737.2,0.873352,0.00933838,4.20366,0,0,1.14188e+08,0.965393
0,7505.09,1.44403e+09,0.946838,1.01925,1.03749,0.963867,17147.9,0.855164,0.0114746,3.84024,0,0,1.13009e+08,0.946899
0,7696.84,1.4763e+09,0.93042,1.18359,1.04831,0.953918,15827,0.847351,0.0158081,3.43508,0,0,1.13972e+08,0.9375
0,7704.38,1.45811e+09,0.930481,1.18759,1.04831,0.953918,15970.5,0.846436,0.0158081,3.27978,0,0,1.1447e+08,0.937866
0,7849.16,1.48825e+09,0.930115,1.19187,1.04858,0.953674,16266.6,0.846741,0.0160522,3.04454,0,0,1.15232e+08,0.937378
0,7861.62,1.48572e+09,0.926086,1.19567,1.05309,0.949585,15984.6,0.842468,0.0160522,2.76838,0,0,1.14984e+08,0.933472
0,7879.28,1.47525e+09,0.914062,1.48392,1.06611,0.937988,14342.1,0.8349,0.0162354,2.59115,0,0,1.15077e+08,0.923035
0,7809.19,1.43832e+09,0.895752,2.10033,1.0864,0.920471,12513.7,0.817444,0.0166016,2.43212,0,0,1.12917e+08,0.906189
0,8131.09,1.48677e+09,0.888428,2.01039,1.08994,0.91748,16246.4,0.818481,0.0205078,2.22918,0,0,1.17805e+08,0.902527
0,7707.56,1.32539e+09,0.889465,1.984,1.0851,0.92157,15360.3,0.819458,0.0233154,2.05016,0,0,1.1218e+08,0.901489
0,7931.19,1.37559e+09,0.890686,1.9841,1.08302,0.92334,15145.9,0.822876,0.0237427,1.94955,0,0,1.14435e+08,0.900513
0,7906.69,1.37671e+09,0.886841,1.98421,1.08799,0.919128,14536.1,0.824463,0.0234985,1.81166,0,0,1.13868e+08,0.892822
0,8614.19,1.81741e+09,0.851257,2.06,1.1205,0.892456,12915.8,0.822571,0.0294189,1.49769,0.31604,0.0445284,1.13702e+08,0.866272
0,14714.2,7.5324e+09,0.8396,2.20551,1.13165,0.883667,12257.2,0.81311,0.0282593,0.420768,3.38131,64.578,2.03593e+08,0.857422
0,14576,7.52122e+09,0.843689,2.18571,1.12551,0.888489,12486,0.813843,0.0241089,0.4776,3.38131,50.1235,2.01204e+08,0.863464
0,14886.6,7.61139e+09,0.865173,1.19849,1.09893,0.909973,12457.3,0.83606,0.0219116,0.535087,3.4005,40.3865,2.05568e+08,0.885376
0,14743.5,7.59197e+09,0.875488,1.17935,1.08748,0.919556,12468,0.8396,0.0177612,0.593346,3.4005,32.845,2.068e+08,0.891724
0,14561.9,7.55625e+09,0.881104,1.16967,1.08138,0.924744,12193.9,0.841431,0.0174561,0.633999,3.4005,28.7679,2.053e+08,0.892517
0,14433.6,7.58677e+09,0.883911,1.16928,1.07853,0.927185,12388.9,0.84198,0.0176392,0.681898,3.39096,24.729,2.02748e+08,0.895325
0,25193.3,1.77996e+10,0.879944,1.34156,1.08274,0.923584,14521.2,0.829407,0.0194092,0.630149,3.01992,22.967,3.71094e+08,0.891724
0,26592.8,1.80873e+10,0.896301,0.610614,1.06383,0.940002,16395.3,0.853027,0.0198364,0.69638,3.07856,19.5435,3.78649e+08,0.907227
0,28474.6,1.9097e+10,0.892273,0.692334,1.06722,0.937012,15310.6,0.85498,0.020813,0.74833,2.93403,15.3725,3.9581e+08,0.904236
0,37636.1,2.6176e+10,0.85199,0.833686,1.0979,0.910828,11525.1,0.849304,0.0383911,0.811083,2.93348,13.0809,5.06074e+08,0.877014
0,38267.1,2.63132e+10,0.863953,0.833259,1.09307,0.914856,15945.3,0.849731,0.0428467,0.829115,2.926,12.4543,5.14504e+08,0.872498
0,38678.4,2.6443e+10,0.864746,0.836896,1.0938,0.914246,18323.8,0.848572,0.0479736,0.861022,2.93348,11.6075,5.18401e+08,0.869995
0,38549.2,2.63957e+10,0.874023,0.81516,1.0877,0.919373,19347.9,0.851135,0.0495605,0.874847,2.92694,11.1934,5.20876e+08,0.8797
0,37787.4,2.58318e+10,0.873291,0.763415,1.08727,0.919739,23269.1,0.854065,0.0458984,0.927276,2.69525,8.4485,5.00359e+08,0.907654
0,33145.8,2.16017e+10,0.884277,0.65376,1.07782,0.927795,24294.6,0.862427,0.0469971,1.06099,2.70149,6.48308,4.37996e+08,0.912781
0,32926.5,2.15647e+10,0.884766,0.665824,1.07782,0.927795,24376.2,0.862122,0.0476685,1.05013,2.69735,6.59762,4.37311e+08,0.911621
0,32767.5,2.15302e+10,0.885803,0.656436,1.07712,0.928406,24286.9,0.861877,0.0476685,1.04748,2.70149,6.65149,4.37239e+08,0.911743
0,32763.3,2.15252e+10,0.883789,0.693715,1.07903,0.926758,24449.4,0.859741,0.0479736,1.04299,2.70149,6.70887,4.38053e+08,0.909851
0,32885,2.15445e+10,0.882996,0.695196,1.07953,0.926331,24080.1,0.860168,0.0480957,1.03882,2.70149,6.76286,4.38662e+08,0.908997
0,23506.3,1.24431e+10,0.889587,0.514847,1.07225,0.932617,23959.3,0.871582,0.046814,1.59844,1.83229,1.314,2.87721e+08,0.915283
0,21542.3,1.13399e+10,0.90271,0.483079,1.06369,0.940125,26449.6,0.868286,0.046936,1.46058,1.80794,1.53222,2.72706e+08,0.919189
0,20424.5,1.11628e+10,0.922546,0.416801,1.04884,0.95343,27463.2,0.865112,0.0472412,1.30976,1.79321,1.87447,2.70813e+08,0.924011
0,10424.4,2.92088e+09,0.973755,0.209061,1.01568,0.984558,34832.8,0.872437,0.0326538,3.13895,0.268018,0.00729051,1.49832e+08,0.950378
0,9754.12,2.7546e+09,0.966675,0.222545,1.01967,0.980713,27029.3,0.870117,0.0252686,2.91938,0.268018,0.00842841,1.38777e+08,0.953796
0,8970.88,2.54141e+09,0.955078,0.237032,1.0258,0.974854,19854.1,0.869019,0.0193481,2.67558,0.268018,0.0100344,1.30265e+08,0.954773
0,9200.53,2.46758e+09,0.944763,0.257751,1.03154,0.969421,19197.7,0.86615,0.0218506,2.50208,0.263523,0.0110926,1.29347e+08,0.949341
0,8784.56,2.13482e+09,0.944946,0.259093,1.03187,0.969116,19064.5,0.866882,0.0206909,2.40275,0.233854,0.00947261,1.25104e+08,0.949402
0,8682.31,1.87666e+09,0.914307,0.424935,1.05956,0.943787,13864.6,0.864441,0.0273438,2.36344,0.145721,0.0038015,1.19088e+08,0.924744
0,8436.44,1.64205e+09,0.908936,0.458774,1.06493,0.939026,13178.6,0.862732,0.0272217,2.2706,0,0,1.15821e+08,0.920654
0,8542.31,1.70574e+09,0.904053,0.484847,1.07043,0.934204,12659,0.858887,0.026001,2.13042,0,0,1.15552e+08,0.91687
0,8871.25,2.08628e+09,0.896362,0.521746,1.07917,0.926636,11496.2,0.854248,0.0259399,2.01195,0,0,1.14516e+08,0.910706
0,11910.1,4.6412e+09,0.856384,0.880221,1.11806,0.894409,10864.5,0.822449,0.0324097,0.677613,1.94977,8.27946,1.5623e+08,0.879028
0,11443.3,4.47725e+09,0.85968,0.824431,1.11479,0.897034,10496.8,0.727295,0.0318604,0.755165,1.97327,6.82795,1.49812e+08,0.883911
0,10523.8,4.16001e+09,0.866272,0.79532,1.1074,0.903015,6809.19,0.574341,0.0301514,0.856525,2.00739,5.49269,1.38215e+08,0.888245
0,10072.7,3.98209e+09,0.889648,0.699568,1.08031,0.925659,6889.93,0.514099,0.0263062,0.891963,2.02123,5.13496,1.38371e+08,0.895325
0,10218.7,4.1829e+09,0.890503,0.778012,1.07931,0.926514,7625.38,0.464966,0.026123,0.933756,1.97242,4.46201,1.41701e+08,0.896606
0,12051.8,5.17985e+09,0.889221,0.947793,1.07988,0.926025,9589.73,0.462891,0.0255737,0.816923,2.27231,7.73698,1.7167e+08,0.897217
0,13143.8,5.69872e+09,0.89209,1.02173,1.07542,0.929871,10839.2,0.462097,0.0213623,0.821652,2.14914,6.84154,1.84884e+08,0.902039
0,16256.6,7.30959e+09,0.858704,1.14802,1.09915,0.90979,10347.3,0.456482,0.0281982,0.862092,2.13412,6.12817,2.18976e+08,0.878906
0,16699.4,7.38658e+09,0.856873,1.16175,1.10048,0.908691,15828.1,0.454651,0.0272827,0.880424,2.1354,5.88266,2.2429e+08,0.877563
0,16869.1,7.48366e+09,0.897766,1.04994,1.07211,0.932739,18142.1,0.45459,0.0209351,0.893945,2.13667,5.71284,2.25997e+08,0.89856
0,17477.8,7.86668e+09,0.902954,1.0432,1.06924,0.935242,19302,0.457397,0.0214844,0.905611,2.13566,5.56136,2.3312e+08,0.901062
0,14304,4.96382e+09,0.921021,0.703962,1.05553,0.947388,26246,0.490173,0.0164185,0.929891,2.36129,6.44814,1.90582e+08,0.94104
0,15081.8,5.39527e+09,0.912842,0.776323,1.061,0.942505,26466.2,0.554932,0.0192261,0.768349,2.66381,12.0196,1.96303e+08,0.936157
0,16008.3,6.09282e+09,0.905579,0.823814,1.06688,0.937317,25872.1,0.607788,0.0206909,0.777343,2.60021,11.1891,1.97864e+08,0.930969
0,20641.5,9.90562e+09,0.889893,0.954361,1.07889,0.92688,24593.9,0.659363,0.0220337,0.667327,3.87243,33.6737,2.58581e+08,0.920532
0,22040.5,1.02063e+10,0.879761,0.987894,1.0851,0.92157,24247.4,0.719116,0.0238647,0.703537,3.88027,30.4194,2.6379e+08,0.915222
0,23513,1.05168e+10,0.870361,1.01761,1.0919,0.915833,23954.5,0.779724,0.0285034,0.740523,3.89575,27.6761,2.6819e+08,0.909241
0,24804.2,1.07835e+10,0.864014,1.04542,1.0982,0.910583,24224.6,0.837769,0.0333252,0.759586,3.88417,26.1482,2.72528e+08,0.903992
0,24072.1,9.83843e+09,0.845215,0.837413,1.10643,0.903809,20616.2,0.869629,0.0511475,0.781734,4.19302,28.7697,2.57866e+08,0.892151
0,23750.4,9.45717e+09,0.836548,0.837819,1.11267,0.898743,18539.5,0.86908,0.0650635,0.788214,4.16437,27.9132,2.59619e+08,0.878784
0,21643.1,8.10656e+09,0.86676,0.697307,1.09358,0.914429,18125.8,0.882751,0.069397,0.743269,4.28633,33.2567,2.45577e+08,0.880615
0,22183.9,8.29314e+09,0.857178,0.740741,1.10434,0.905518,12289.9,0.888062,0.0713501,0.787275,4.33125,30.2672,2.43503e+08,0.879211
0,23140.6,8.85485e+09,0.817322,0.824043,1.14166,0.875916,9978.12,0.892639,0.0825806,0.831778,4.36976,27.5995,2.42379e+08,0.850769
0,23211.7,8.81088e+09,0.801208,0.889446,1.15952,0.862427,9837.76,0.889587,0.0827637,0.860533,4.39513,26.086,2.42403e+08,0.841309
0,22844.6,8.55221e+09,0.800049,0.898568,1.16067,0.861572,9455.47,0.891724,0.0824585,0.87261,4.38827,25.2899,2.38333e+08,0.840454
0,22736.2,8.48951e+09,0.800598,0.861467,1.16009,0.862,9363.05,0.893982,0.0825806,0.94499,4.916,27.0626,2.31024e+08,0.843689
0,25280.3,9.38357e+09,0.776306,1.17539,1.18957,0.840637,10462.6,0.87854,0.0923462,0.605426,5.15162,72.4044,2.33306e+08,0.822327
0,30755.9,1.27505e+10,0.717957,1.32325,1.26254,0.792053,9750.46,0.882507,0.138367,0.733627,5.88574,64.3652,2.50023e+08,0.773315
0,37222.8,1.41718e+10,0.656311,1.54425,1.33966,0.74646,9212.03,0.86377,0.169312,0.848199,6.15014,52.5745,2.64458e+08,0.727905
0,35334.8,1.09453e+10,0.61084,1.56741,1.39783,0.715393,8263.61,0.867615,0.197876,1.0894,7.32206,45.1741,2.47436e+08,0.69397
0,35026.8,1.08804e+10,0.594238,1.61535,1.43117,0.69873,7806.42,0.865112,0.214233,1.07989,7.32206,45.9731,2.44556e+08,0.674561
0,35837.5,1.13505e+10,0.55188,1.77282,1.51311,0.660889,7635.96,0.857544,0.240723,1.07862,6.86159,40.4682,2.42619e+08,0.634827
0,37603,1.23077e+10,0.5448,1.83046,1.51887,0.658386,7540.48,0.84021,0.252869,1.10087,6.78406,37.9757,2.62408e+08,0.612183
0,37072.7,1.22996e+10,0.563232,1.7417,1.47843,0.676392,8248.96,0.835938,0.237427,1.07333,6.74526,39.4943,2.66535e+08,0.628174
0,36171.2,1.22035e+10,0.570679,1.69543,1.46207,0.68396,8271.42,0.831482,0.2323,1.04265,6.68896,41.1569,2.64276e+08,0.632935
0,35476.7,1.21846e+10,0.599487,1.60046,1.40527,0.711609,8501.06,0.821411,0.225159,1.01182,6.61694,42.7672,2.67804e+08,0.648865
0,34166.4,1.18071e+10,0.627319,1.58552,1.36329,0.733521,9537.57,0.815918,0.222229,0.983537,6.54679,44.3073,2.69586e+08,0.669434
0,34031.4,1.17169e+10,0.681702,1.5179,1.30425,0.766724,10008.5,0.812683,0.21344,0.968613,6.51849,45.2891,2.71167e+08,0.693787
0,34207.5,1.18726e+10,0.680847,1.54706,1.30706,0.765076,9830.53,0.79895,0.213257,1.02895,6.59022,41.0214,2.72458e+08,0.691833
0,13023.6,3.62629e+09,0.939087,0.470666,1.04052,0.96106,12905.6,0.819824,0.0656128,2.33441,1.98924,0.726139,1.82304e+08,0.897278
0,11564.4,3.28238e+09,0.970276,0.558749,1.0217,0.97876,17213.4,0.825928,0.0360718,2.92019,0.265615,0.00827339,1.74193e+08,0.933594
0,11308.6,2.50281e+09,0.912048,0.607472,1.0539,0.948853,14849.1,0.828613,0.0420532,2.73185,0.263243,0.00928537,1.6181e+08,0.921387
0,14305.1,4.07228e+09,0.88916,0.682498,1.06945,0.935059,14716.4,0.81842,0.0443115,2.54661,0.254951,0.0100228,1.75907e+08,0.91272
0,13710.4,3.80986e+09,0.89209,0.678772,1.06799,0.93634,14947.4,0.8172,0.0410156,2.40668,0.245734,0.0104254,1.75179e+08,0.916809
0,12574.5,3.46136e+09,0.903809,0.627583,1.06087,0.942627,13593.3,0.823486,0.0328979,2.04542,0.317177,0.0240458,1.77552e+08,0.927795
0,11645.9,3.00259e+09,0.908142,0.580087,1.05771,0.945435,13485.3,0.839661,0.0311279,1.92614,0.238158,0.0152881,1.66392e+08,0.933777
0,11741.8,3.07335e+09,0.907776,0.589698,1.05806,0.945129,13471.9,0.832886,0.031189,1.80579,0.241387,0.0178687,1.67943e+08,0.933472
0,12951.2,3.43431e+09,0.88147,0.674033,1.0769,0.928589,13528.7,0.823181,0.0379028,1.72502,0.243164,0.0198705,1.75158e+08,0.916931
0,13763.3,3.89933e+09,0.873413,0.698415,1.08245,0.923828,14291.7,0.81311,0.0385742,1.65134,0.247784,0.022515,1.8107e+08,0.91217
0,14746.5,4.16252e+09,0.849487,0.768669,1.10583,0.904297,14185,0.810669,0.0440674,1.58717,0.257605,0.0263429,1.83444e+08,0.892639
0,15765.8,4.62933e+09,0.836304,0.795945,1.11905,0.893616,15466.1,0.812012,0.0465088,1.52726,0.268391,0.0308824,1.92552e+08,0.881958
0,16654.8,5.04813e+09,0.827087,0.818288,1.12814,0.886414,16328.5,0.808411,0.0474854,1.47188,0.279626,0.0360919,1.95984e+08,0.874756
0,9574.28,2.52242e+09,0.966858,0.248209,1.02005,0.980347,20473.5,0.820312,0.0167236,1.27485,0.261426,0.0420512,1.44195e+08,0.93689
0,9247.19,2.14889e+09,0.966797,0.220436,1.0196,0.980774,21201.6,0.827454,0.0169678,1.25808,0.183137,0.0211903,1.38506e+08,0.937134
0,9436,2.19518e+09,0.964233,0.24009,1.02132,0.979126,21433.6,0.824951,0.0171509,1.24006,0,0,1.41163e+08,0.935547
0,9451.5,2.1975e+09,0.963989,0.240353,1.02145,0.979004,21454.6,0.7995,0.0172119,1.20799,0,0,1.41409e+08,0.935425
0,10062.2,2.45275e+09,0.958679,0.2521,1.02438,0.976196,22279.7,0.80835,0.017334,1.18523,0,0,1.5049e+08,0.932617
0,10921.7,2.89498e+09,0.958435,0.255553,1.02451,0.976074,22720.4,0.814758,0.0172729,1.16581,0,0,1.63924e+08,0.932434
0,9856.94,2.35191e+09,0.987854,0.156853,1.00756,0.992493,24887.1,0.825317,0.0101318,1.14712,0,0,1.52479e+08,0.951477
0,10357.8,2.66655e+09,0.987732,0.159574,1.00756,0.992493,24934.5,0.828491,0.00958252,1.13299,0,0,1.60872e+08,0.9552
0,10093.7,2.76986e+09,0.987854,0.15841,1.00744,0.992615,32069,0.827209,0.00250244,1.12001,0,0,1.57145e+08,0.978577
0,9993.94,2.79378e+09,0.987915,0.154677,1.00738,0.992676,31950.9,0.827942,0.00201416,1.10779,0,0,1.55772e+08,0.983704
0,10054.9,2.66555e+09,0.990906,0.131205,1.00546,0.994568,34306.5,0.826172,0.000854492,1.09748,0,0,1.59602e+08,0.991516
0,10560.9,2.98549e+09,0.989502,0.142665,1.00651,0.99353,36186.9,0.827454,0.00146484,1.08786,0,0,1.66754e+08,0.99054
0,10698.7,3.06623e+09,0.988281,0.182586,1.00769,0.992371,35758.4,0.839478,0.00146484,1.07699,0,0,1.68159e+08,0.98938
0,10428.5,3.00266e+09,0.991516,0.146876,1.00552,0.994507,37282.6,0.839661,0.000854492,1.04636,0,0,1.64601e+08,0.99231
0,4095.56,1567.81,0.999878,0.0078125,1.00006,0.999939,17349.5,0.875488,0,1.01508,0,0,6.71012e+07,0.999939
0,4099.06,110103,0.999878,0.0078125,1.00006,0.999939,43246.4,0.88446,0,1.01259,0,0,6.71585e+07,0.999939
0,5504.38,3.30906e+08,0.993652,0.0877793,1.0038,0.996216,26786.1,0.902344,0.000549316,1.01084,0,0,8.82811e+07,0.996216
0,5518.88,3.3431e+08,0.993652,0.0877793,1.0038,0.996216,26786.1,0.864868,0.000549316,1.00822,0,0,8.85187e+07,0.996216
0,7804.66,1.0636e+09,0.976196,0.259419,1.01669,0.983582,25733.1,0.849854,0.00378418,1.00718,0,0,1.16977e+08,0.983582
0,8264.03,1.1672e+09,0.967224,0.32941,1.02336,0.977173,23886.1,0.84259,0.00506592,1.00647,0,0,1.2183e+08,0.977173
0,9143.94,1.46262e+09,0.963562,0.352662,1.02586,0.974792,27253.3,0.824097,0.00537109,1.00585,0,0,1.34569e+08,0.974792
0,9668.22,1.61633e+09,0.951782,0.390752,1.03454,0.966614,24273.8,0.8172,0.00909424,1.00513,0,0,1.38445e+08,0.966614
0,10393,1.81346e+09,0.949341,0.409344,1.03631,0.964966,28025.5,0.830811,0.00976562,1.00461,0,0,1.48734e+08,0.964966
0,8996.72,1.49735e+09,0.962769,0.307252,1.02496,0.975647,28307.7,0.795776,0.00946045,1.00211,0,0,1.31055e+08,0.967102
0,9558.19,1.62245e+09,0.957703,0.348935,1.02902,0.971802,29071.8,0.798828,0.00982666,1.0019,0,0,1.37605e+08,0.963257
0,11035.8,2.07476e+09,0.947388,0.409527,1.03657,0.964722,30157.2,0.812805,0.0109253,1.00172,0,0,1.54742e+08,0.956177
0,12188.1,2.67839e+09,0.942688,0.384002,1.03828,0.963135,30018.8,0.804993,0.010376,1.00154,0,0,1.62286e+08,0.952271
0,11312.7,2.3315e+09,0.949463,0.393897,1.0346,0.966553,39831.1,0.804321,0.0106812,1.00139,0,0,1.62658e+08,0.94812
0,11522.8,2.34256e+09,0.923401,0.543529,1.05608,0.946899,32196.7,0.797546,0.0118408,1.00126,0,0,1.62021e+08,0.926453
0,11064.9,2.12131e+09,0.889038,0.791842,1.08828,0.918884,25454.4,0.802246,0.0139771,1.00114,0,0,1.54635e+08,0.89801
0,11294.3,2.20103e+09,0.861511,0.82762,1.10635,0.90387,24061.6,0.802063,0.0113525,1.00102,0,0,1.54621e+08,0.888672
0,12274,3.07256e+09,0.848572,0.87513,1.11821,0.894287,22882.4,0.797363,0.0135498,1.00093,0,0,1.53742e+08,0.879639
0,12364.2,3.13318e+09,0.838623,0.888566,1.12651,0.887695,21231.7,0.793884,0.0171509,1.00081,0,0,1.54208e+08,0.873779
0,12380,3.13698e+09,0.838501,0.888625,1.12659,0.887634,21375,0.799377,0.0171509,1.00053,0,0,1.54204e+08,0.873718
0,12903.6,3.2442e+09,0.813965,1.29204,1.15113,0.868713,25051.9,0.781372,0.0213013,1.00046,0,0,1.54788e+08,0.854797
0,9252.72,2.06887e+09,0.84082,1.17337,1.12566,0.888367,24232.1,0.809998,0.0181274,1.00031,0,0,1.1695e+08,0.873962
0,9082.28,1.86043e+09,0.819641,1.93663,1.14614,0.872498,30826.5,0.788391,0.0203247,1.00028,0,0,1.16222e+08,0.853027
0,8603.56,1.77318e+09,0.818848,3.83904,1.15145,0.868469,47059,0.745361,0.0197144,1.00025,0,0,1.14491e+08,0.838318
0,6665.44,9.06013e+08,0.875671,4.23191,1.10523,0.904785,62518.4,0.721741,0.0194092,1.00019,0,0,9.52259e+07,0.873352
0,5886.81,3.77893e+08,0.886536,4.20553,1.09776,0.91095,65767.9,0.735657,0.0140381,1.00016,0,0,9.04325e+07,0.885742
0,5345.91,2.59312e+08,0.908508,3.67101,1.07889,0.92688,69026,0.76062,0.0098877,0.994835,0.169937,0.0291791,8.27018e+07,0.904297
0,4122.56,4.48765e+06,0.998352,0.0785545,1.00128,0.998718,51013.6,0.858521,0.00286865,0.997824,0.166372,0.0278004,6.74867e+07,0.989868
0,4094.03,7052.12,0.999329,0.0630013,1.00055,0.999451,3165.6,0.875854,0,0.998991,0.157617,0.0248934,6.70684e+07,0.999451
0,4101.47,573074,0.999878,0.0078125,1.00006,0.999939,389688,0.751099,0,1.00011,0,0,6.7198e+07,0.999939
0,4516.19,9.31893e+07,0.994202,0.0931942,1.00355,0.99646,93980,0.785278,0.00012207,1.00009,0,0,7.29882e+07,0.99646
0,4519.12,9.32877e+07,0.994324,0.0928645,1.00349,0.996521,94985.3,0.718445,0.00012207,1.00004,0,0,7.30368e+07,0.996521
0,4509.5,9.352e+07,0.987427,0.348365,1.00955,0.99054,67184.6,0.753906,0.000427246,1.00003,0,0,7.26932e+07,0.99054
0,4512.25,9.36416e+07,0.987427,0.348365,1.00955,0.99054,69845.9,0.715576,0.000427246,1.00003,0,0,7.27383e+07,0.99054
0,4565.84,1.07122e+08,0.983887,0.383464,1.01248,0.987671,63573.1,0.689575,0.000671387,1.00003,0,0,7.30619e+07,0.987671
0,4596,1.14387e+08,0.981995,0.418081,1.01418,0.986023,61489.9,0.706421,0.000671387,1.00002,0,0,7.34454e+07,0.986023
0,5657.66,7.34642e+08,0.973083,0.516943,1.02081,0.979614,87223.7,0.68927,0.00146484,0.893116,1.10023,1.51759,8.90307e+07,0.979614
0,6158.03,1.1285e+09,0.975708,0.499741,1.01878,0.981567,89301.2,0.685364,0.00158691,0.893739,1.14107,1.63007,9.81422e+07,0.979553
0,6839.56,1.67627e+09,0.968689,0.654682,1.02535,0.975281,89214.8,0.681885,0.00274658,0.413027,8.07762,382.48,1.04103e+08,0.973267
0,7409.69,1.9339e+09,0.959839,0.757209,1.03213,0.968872,88202.6,0.703125,0.00305176,0.41084,7.36419,321.294,1.12343e+08,0.966858
0,12418.2,4.4507e+09,0.925354,1.22747,1.06128,0.942261,83679.4,0.713623,0.00640869,0.428706,6.21157,209.935,1.75806e+08,0.940247
0,15054.4,5.90812e+09,0.89209,1.63265,1.08994,0.91748,82719.9,0.70575,0.0108643,0.440419,5.45844,153.605,1.99586e+08,0.915466
0,15644.5,6.14949e+09,0.881409,1.65236,1.09724,0.911377,81991.7,0.703247,0.0151367,0.465302,5.33059,131.245,2.02271e+08,0.909363
0,16424.4,6.62159e+09,0.875122,1.65799,1.10167,0.907715,81286.6,0.703674,0.0172729,0.51394,5.27842,105.483,2.06404e+08,0.905701
0,17163.2,7.07966e+09,0.871277,1.66846,1.10412,0.905701,80931.7,0.726685,0.019104,0.553787,5.24643,89.7514,2.10746e+08,0.903687
0,17537.6,7.35349e+09,0.861511,1.91332,1.11433,0.8974,79559.5,0.713257,0.0204468,0.559817,5.08674,82.5633,2.11998e+08,0.895142
0,17763.1,7.40468e+09,0.831299,3.07897,1.15113,0.868713,73293.1,0.677429,0.0229492,0.560127,4.9362,77.6629,2.11117e+08,0.866089
0,18187.8,7.53684e+09,0.832275,3.03778,1.14814,0.870972,73905.4,0.697754,0.0250854,0.584462,4.84575,68.74,2.10628e+08,0.868286
0,18625,7.66907e+09,0.827637,3.05117,1.15137,0.86853,73537,0.734741,0.0264893,0.625661,4.84021,59.8482,2.09689e+08,0.865845
0,18867,7.84922e+09,0.826904,3.01334,1.15145,0.868469,73944,0.761414,0.0264893,0.619039,4.70572,57.7851,2.08645e+08,0.866638
0,19347.4,8.11824e+09,0.825989,2.98164,1.15121,0.868652,76691.5,0.767456,0.0270996,0.579638,4.44543,58.8187,2.12108e+08,0.866272
0,19234.2,8.00868e+09,0.832764,2.8637,1.14381,0.874268,76022.6,0.774719,0.02771,0.585577,4.40096,56.4841,2.09874e+08,0.869263
0,19033.6,7.71857e+09,0.834412,2.86829,1.14286,0.875,77445.5,0.774353,0.0272827,0.627615,4.40957,49.3636,2.09216e+08,0.868835
0,18734.8,7.39284e+09,0.841614,2.74251,1.13541,0.880737,76877.3,0.782532,0.0267944,0.647657,4.4682,47.5965,2.08087e+08,0.874084
0,18665.2,7.52218e+09,0.852539,2.57103,1.12489,0.888977,79065.8,0.792664,0.0272827,1.1001,1.29453,1.38472,2.06664e+08,0.881104
0,14292.7,5.431e+09,0.907349,2.15721,1.07839,0.927307,80817.9,0.816345,0.0267944,1.21194,1.34486,1.23138,1.86693e+08,0.90155
0,12119.2,4.07672e+09,0.924561,1.91969,1.06231,0.941345,78859,0.834717,0.0252686,2.71217,1.03041,0.14434,1.7012e+08,0.916016
0,12248.5,4.09881e+09,0.910339,2.07418,1.07457,0.930603,80202.1,0.817566,0.0222778,1.46795,1.44742,0.972227,1.69136e+08,0.909851
0,12066.2,3.92889e+09,0.888794,2.38931,1.0957,0.912659,74108.2,0.795837,0.0213623,1.07312,1.99612,3.46001,1.67572e+08,0.893372
0,13446.7,4.42735e+09,0.856567,2.75909,1.12481,0.889038,66760.9,0.773621,0.0251465,0.903306,2.57209,8.10776,1.70338e+08,0.869568
0,13310.7,4.263e+09,0.840332,2.90115,1.14087,0.876526,64837.9,0.761353,0.027832,0.930739,2.50021,7.216,1.65829e+08,0.856995
0,13832,4.35808e+09,0.840576,2.19243,1.13447,0.88147,75502.7,0.761108,0.0286255,0.879925,2.08737,5.62739,1.6881e+08,0.861206
0,15123.7,4.79015e+09,0.815002,2.34562,1.15731,0.864075,70303.8,0.751648,0.0282593,0.926742,2.09838,5.12686,1.77044e+08,0.844055
0,16448.4,5.04891e+09,0.806091,2.39142,1.16388,0.859192,69130.8,0.753113,0.0302734,0.949638,2.11457,4.95824,1.83361e+08,0.838867
0,17799.3,5.30526e+09,0.796265,2.44238,1.17154,0.853577,68858,0.750244,0.0349731,0.973334,2.13332,4.80381,1.89723e+08,0.832825
0,18781.3,5.27993e+09,0.780701,2.52961,1.18441,0.844299,64103.9,0.750793,0.043335,0.992529,2.14939,4.68968,1.93073e+08,0.823547
0,20152.8,5.73756e+09,0.764038,2.58548,1.201,0.832642,57817.4,0.750366,0.0518799,1.00898,2.16324,4.59665,1.95809e+08,0.810791
0,20644.6,5.5903e+09,0.70575,3.09609,1.25992,0.793701,49266.3,0.721497,0.0705566,1.00535,2.0886,4.31596,1.92761e+08,0.770935
0,20135.6,5.43835e+09,0.643188,4.95915,1.34992,0.740784,39924.9,0.670471,0.0797729,1.00386,2.08775,4.32526,1.85011e+08,0.716553
0,20036.3,5.162e+09,0.574097,6.36441,1.45107,0.689148,38352.3,0.632324,0.0932007,1.00227,2.08618,4.33244,1.8048e+08,0.664368
0,23298.9,5.85094e+09,0.519836,6.84363,1.55152,0.644531,36180.7,0.61908,0.119629,1.01585,2.09728,4.26234,1.87447e+08,0.619324
0,26840.2,6.68891e+09,0.468933,7.13405,1.64135,0.609253,33848.8,0.613281,0.139221,1.02552,2.10567,4.21591,1.92982e+08,0.583374
0,27541.8,6.76739e+09,0.424683,7.76762,1.74372,0.573486,33552.4,0.594971,0.153687,1.00272,2.01366,4.03287,1.89656e+08,0.553711
0,27079.9,6.499e+09,0.37207,10.4476,1.89893,0.526611,34280.3,0.558716,0.155945,1.01481,2.12694,4.3928,1.83966e+08,0.504395
0,26381.1,5.93207e+09,0.352295,10.5347,1.95234,0.512207,32427.8,0.570862,0.165405,1.14138,1.42967,1.56896,1.80629e+08,0.486816
0,26492.1,5.67942e+09,0.294434,11.3226,2.15296,0.464478,30308.3,0.560181,0.171936,1.12328,1.43388,1.62949,1.77098e+08,0.43866
0,27049.2,5.84187e+09,0.268494,11.2975,2.24285,0.445862,28305.6,0.564514,0.172119,1.23068,1.49555,1.47677,1.75635e+08,0.423279
0,26921,5.89128e+09,0.278503,11.2873,2.20038,0.454468,27961.6,0.561279,0.171936,1.01813,2.54053,6.22649,1.76599e+08,0.422546
0,26615.6,6.12439e+09,0.296997,11.1834,2.13056,0.46936,29273.5,0.553711,0.170837,0.862618,3.27104,14.3792,1.79499e+08,0.419739
0,26233.9,6.10326e+09,0.275208,12.7641,2.26049,0.442383,28090.6,0.515503,0.168091,0.214998,4.77371,492.995,1.81249e+08,0.372437
0,25812.5,6.28617e+09,0.294128,12.4568,2.17901,0.458923,27954.7,0.514771,0.16394,0.286446,4.72652,272.269,1.86433e+08,0.366516
0,24848.4,6.17179e+09,0.326721,12.063,2.06426,0.484436,28297.8,0.513428,0.15509,0.356652,4.6811,172.269,1.86254e+08,0.372498
0,23968.3,5.97539e+09,0.383423,11.3715,1.9007,0.526123,28456,0.526306,0.138,0.396814,4.4648,126.599,1.91627e+08,0.403748
0,24966.4,6.442e+09,0.438843,8.99288,1.74875,0.571838,29135.9,0.562744,0.122986,0.517811,4.62461,79.7641,2.05067e+08,0.456848
0,24959.6,6.49277e+09,0.489868,7.73595,1.63546,0.61145,28123.5,0.598633,0.109192,0.564349,4.62484,67.158,2.04879e+08,0.50592
0,21749.2,5.68836e+09,0.543213,7.23678,1.54014,0.649292,28471.1,0.608521,0.0812988,0.606476,4.60963,57.7704,1.96204e+08,0.551392
0,18201.5,4.67049e+09,0.621216,6.75854,1.40817,0.710144,30048.7,0.618347,0.0532837,0.630706,4.50675,51.0591,1.92607e+08,0.598755
0,18970.6,5.31043e+09,0.659607,6.10988,1.3536,0.73877,30448.3,0.633606,0.0415039,0.670281,4.48116,44.6959,2.16125e+08,0.635986
0,18977.4,5.36349e+09,0.727844,4.80029,1.25663,0.795776,26921.8,0.680359,0.0323486,0.711868,4.48116,39.6262,2.1782e+08,0.694702
0,18527.7,5.34352e+09,0.777588,4.54067,1.20844,0.827515,29853.1,0.695679,0.0206299,0.748412,4.50731,36.2705,2.19104e+08,0.746704
0,18460.2,5.425e+09,0.803772,4.41525,1.18467,0.844116,32385.7,0.706238,0.0137329,0.762919,4.47914,34.4693,2.19125e+08,0.797058
0,17923.5,5.28218e+09,0.828674,4.10489,1.15747,0.863953,31781.2,0.730347,0.0109863,0.695264,4.24888,37.3465,2.14901e+08,0.825562
0,18029.1,5.0951e+09,0.816467,4.54151,1.17456,0.851379,30227.4,0.705139,0.00927734,0.799405,4.47347,31.3152,2.29714e+08,0.813538
0,17011.3,4.85457e+09,0.808044,2.37334,1.17981,0.847595,22440.7,0.706299,0.00750732,2.77749,4.32279,2.42226,2.22949e+08,0.813477
0,17692.2,5.22948e+09,0.781494,2.48212,1.21031,0.826233,20784.8,0.672729,0.00689697,3.10785,3.41536,1.20768,2.37513e+08,0.801514
0,18220.4,5.74016e+09,0.731873,2.67023,1.27343,0.785278,17701.2,0.638428,0.00848389,2.95186,3.41658,1.33965,2.43157e+08,0.764282
0,21850.6,7.58753e+09,0.713623,3.29771,1.30311,0.767395,20715.8,0.603088,0.00836182,2.80854,3.41952,1.48241,3.06687e+08,0.749084
0,22233.7,7.63332e+09,0.661743,3.03192,1.37634,0.726562,15336.1,0.587402,0.0103149,2.68921,3.39211,1.59108,2.90521e+08,0.707275
0,23474.4,8.47607e+09,0.613647,3.45257,1.45506,0.687256,14474.2,0.55304,0.012146,2.40712,3.35322,1.94056,3.00391e+08,0.668823
0,26596.1,1.03558e+10,0.567261,3.73057,1.53739,0.650452,14030.4,0.530029,0.0130005,2.31279,3.39714,2.15752,3.11563e+08,0.633972
0,30050.2,1.21448e+10,0.525879,4.18283,1.6225,0.616333,15786.5,0.503845,0.0133667,2.28433,3.40066,2.21619,3.34436e+08,0.602417
0,33932.7,1.42813e+10,0.487671,4.74929,1.7088,0.585205,15231,0.469849,0.0148926,2.18749,3.44023,2.47332,3.73933e+08,0.573242
0,36274,1.64951e+10,0.448547,4.83447,1.80123,0.555176,14214.6,0.459595,0.0162354,2.10575,3.44301,2.67341,3.62957e+08,0.541931
0,38588.8,1.77935e+10,0.394775,5.57355,1.95723,0.510925,15061.9,0.424377,0.0165405,2.06412,3.42876,2.75934,3.82966e+08,0.501892
0,42838.8,2.0378e+10,0.341675,5.65474,2.12807,0.46991,13269.8,0.409119,0.0178833,1.95272,3.45053,3.12244,3.80588e+08,0.460693
0,43442.6,2.08747e+10,0.33374,5.91802,2.15806,0.463379,14976,0.397827,0.0181885,1.89862,3.44068,3.28408,3.90831e+08,0.45752
0,41917.5,2.04209e+10,0.406921,4.89357,1.90114,0.526001,15222.1,0.464905,0.0177002,1.6252,3.46486,4.54523,3.74756e+08,0.518127
0,40093.4,1.96924e+10,0.479309,4.17893,1.71094,0.584473,16581.7,0.525208,0.0158081,1.61119,3.50553,4.73386,3.51814e+08,0.57843
0,41758.9,2.02201e+10,0.493713,4.28335,1.67886,0.595642,17334.7,0.530762,0.0145264,1.59708,3.52757,4.8786,3.63486e+08,0.593872
0,38196.6,1.83364e+10,0.472778,3.59126,1.72191,0.58075,13374.3,0.550659,0.013855,1.75341,3.29295,3.52699,2.9978e+08,0.571228
0,38108.1,1.86296e+10,0.533447,3.47374,1.59114,0.628479,15781.4,0.597229,0.0100708,1.87305,2.98569,2.5409,2.9298e+08,0.626526
0,34345,1.62174e+10,0.559692,3.77681,1.54406,0.647644,17680.8,0.594421,0.00915527,1.70938,2.7687,2.62347,2.82681e+08,0.64624
0,32545.2,1.52363e+10,0.562195,3.51985,1.5361,0.651001,15451.4,0.601013,0.0098877,1.86194,1.99862,1.15221,2.71175e+08,0.646301
0,34593.1,1.63599e+10,0.563965,3.50432,1.53093,0.653198,15799.8,0.603027,0.0102539,1.75817,1.98412,1.27354,2.66506e+08,0.649658
0,30121,1.30512e+10,0.594482,3.00304,1.47285,0.678955,12275.3,0.629211,0.00994873,1.788,1.21969,0.465331,2.32666e+08,0.67157
0,28360.3,1.26477e+10,0.643921,2.89629,1.39083,0.718994,14167.6,0.64856,0.0098877,1.68028,1.23645,0.541492,2.3306e+08,0.713989
0,27014.4,1.14862e+10,0.645691,3.12395,1.3913,0.71875,14176.9,0.636597,0.0103149,1.61595,1.21621,0.566454,2.51597e+08,0.712463
0,28749.8,1.25104e+10,0.592773,3.27328,1.4763,0.677368,12361,0.610107,0.0111084,1.56187,1.21804,0.608182,2.45509e+08,0.671265
0,29848.4,1.33759e+10,0.583191,3.36449,1.49108,0.670654,12419.5,0.598572,0.0114746,1.49225,1.21011,0.657602,2.51759e+08,0.664429
0,30481.4,1.37352e+10,0.575867,3.44534,1.50298,0.665344,12853.1,0.589539,0.0117798,1.43306,1.20789,0.710434,2.54931e+08,0.658936
0,32487.1,1.4199e+10,0.554993,3.86527,1.54333,0.647949,13733,0.569458,0.0122681,1.27026,1.89486,2.22522,2.82309e+08,0.641541
0,30938.2,1.32348e+10,0.567688,3.79112,1.51214,0.661316,14687.9,0.584717,0.0128784,1.14507,2.176,3.61121,2.73312e+08,0.651062
0,31724.1,1.34581e+10,0.590759,3.80655,1.46194,0.684021,16858.3,0.597168,0.0143433,1.14394,2.17363,3.61049,2.76e+08,0.676147
0,31901.3,1.31774e+10,0.583374,4.00228,1.47604,0.67749,17860,0.591125,0.0143433,1.11717,2.16232,3.74628,2.96769e+08,0.670471
0,35091.1,1.52585e+10,0.547058,3.97648,1.53653,0.650818,16103.1,0.572937,0.0150146,1.10648,2.16072,3.81334,2.99442e+08,0.642151
0,37042.8,1.61086e+10,0.525146,4.02353,1.57402,0.635315,15397.7,0.562561,0.0167236,1.11551,2.18731,3.84484,3.0269e+08,0.626648
0,37040.1,1.57211e+10,0.523376,4.07643,1.57903,0.633301,15624.5,0.561768,0.0172119,1.11322,2.50515,5.06417,3.07817e+08,0.618347
0,34483.5,1.378e+10,0.511169,3.87815,1.61546,0.619019,14214.3,0.566711,0.0155029,1.09286,2.59059,5.6191,2.78615e+08,0.605957
0,37683.5,1.51837e+10,0.480469,4.01623,1.68179,0.594604,13800.9,0.544739,0.0181885,1.108,2.61991,5.59098,2.98689e+08,0.577332
0,36704.8,1.39523e+10,0.424927,3.76261,1.82227,0.548767,10167.9,0.53186,0.0187378,1.07509,2.77892,6.68132,2.75536e+08,0.526978
0,38637.5,1.4682e+10,0.435303,4.02168,1.79472,0.55719,12671.9,0.520935,0.019165,1.11259,2.71892,5.97198,3.02573e+08,0.538513
0,36664.8,1.29393e+10,0.394775,4.27948,1.91985,0.520874,12225.8,0.496216,0.0192261,1.0775,2.66787,6.13051,2.87152e+08,0.502136
0,38114.7,1.3316e+10,0.354675,4.71552,2.04698,0.488525,12433.2,0.461365,0.0201416,1.08005,2.60004,5.79524,2.99379e+08,0.468567
0,38140.2,1.31116e+10,0.305603,4.88204,2.23917,0.446594,11207.4,0.445618,0.0202026,1.06877,2.61856,6.00279,2.95217e+08,0.424622
0,38482.7,1.35504e+10,0.304932,4.99313,2.25582,0.443298,12648.1,0.431519,0.0206299,1.12857,2.38292,4.45822,3.09651e+08,0.414978
0,38327.4,1.38438e+10,0.2995,5.0678,2.28987,0.436707,12156.2,0.41864,0.0196533,1.19977,2.11782,3.1159,3.0799e+08,0.410645
0,39364.1,1.43914e+10,0.269226,5.03413,2.41937,0.41333,10873.4,0.405823,0.0202637,1.19556,2.09614,3.07398,2.90076e+08,0.392883
0,38051.7,1.31626e+10,0.297363,4.99564,2.30371,0.434082,11807.5,0.408264,0.0204468,1.18516,2.10146,3.14404,2.97205e+08,0.4151
0,34477.8,1.1255e+10,0.264893,4.79107,2.4608,0.406372,10595.6,0.398804,0.0196533,1.13576,2.14165,3.55571,2.61112e+08,0.39447
0,33792.2,1.15272e+10,0.261963,4.39029,2.45086,0.40802,10523,0.401001,0.0203857,1.1443,1.76316,2.37413,2.47537e+08,0.391968
0,33056.7,1.12886e+10,0.291565,4.73655,2.32331,0.43042,13259.5,0.397034,0.0202026,1.10571,2.19575,3.94352,2.72638e+08,0.416382
0,31563.1,1.01945e+10,0.29303,4.86442,2.32265,0.430542,13636.2,0.393616,0.0195923,1.10364,2.18263,3.91111,2.6818e+08,0.420166
0,31192.7,1.01142e+10,0.280823,4.56806,2.37587,0.420898,12631.7,0.405396,0.0183716,1.09487,2.22869,4.1436,2.4248e+08,0.408936
0,33140,1.13917e+10,0.283447,4.82259,2.3493,0.425659,13238.5,0.394348,0.0198975,0.935348,3.48761,13.9031,2.59736e+08,0.415588
0,33386.3,1.1469e+10,0.297241,5.00562,2.295,0.43573,12932.5,0.4021,0.0197754,0.897966,3.56018,15.7189,2.71386e+08,0.424377
0,34209.2,1.15423e+10,0.29071,4.91599,2.32364,0.430359,12525.9,0.419739,0.0201416,0.91689,3.62633,15.6423,2.6285e+08,0.423584
0,36722.6,1.30162e+10,0.289001,4.81475,2.31805,0.431396,11703.7,0.428345,0.0217285,0.918209,3.64013,15.7163,2.65245e+08,0.424988
0,37831,1.35706e+10,0.298401,4.97352,2.28285,0.438049,12961.3,0.423462,0.0230103,0.95308,3.63448,14.5421,2.83356e+08,0.435852
0,36746.5,1.30195e+10,0.264587,4.57867,2.4269,0.412048,9308.92,0.427246,0.0253296,0.941678,3.79627,16.2521,2.51542e+08,0.406006
0,39499.3,1.52425e+10,0.2724,4.76155,2.38938,0.418518,10621.8,0.425171,0.0256348,0.935841,3.69767,15.6117,2.7896e+08,0.412354
0,37729.5,1.39316e+10,0.24585,4.6591,2.52372,0.39624,10032.2,0.429565,0.0264282,0.929658,3.77669,16.5035,2.5503e+08,0.388306
0,40832.8,1.64129e+10,0.255981,4.82499,2.46117,0.406311,10648.5,0.427124,0.027771,0.923973,3.69108,15.9583,2.83517e+08,0.39502
0,42004.8,1.66924e+10,0.259583,4.93392,2.44866,0.408386,10968.5,0.432739,0.0281982,0.949814,3.69611,15.143,2.8771e+08,0.401062
0,41484.6,1.59292e+10,0.226868,4.78024,2.64771,0.377686,8831.11,0.44458,0.0285645,0.956506,3.82531,15.994,2.68671e+08,0.369629
0,42712.7,1.72012e+10,0.214111,4.32292,2.69031,0.371704,6776.67,0.453247,0.0305176,0.959842,3.8269,15.8963,2.55923e+08,0.360229
0,43155.7,1.72828e+10,0.214111,4.43945,2.69829,0.370605,7021.6,0.455566,0.0296631,0.989925,3.84325,15.0728,2.61043e+08,0.362305
0,43197.3,1.70838e+10,0.225769,4.84177,2.64557,0.377991,7884.95,0.446594,0.0285034,0.927984,3.88366,17.5147,2.75058e+08,0.37384
0,41080.8,1.57151e+10,0.211426,4.30763,2.72159,0.367432,6777.94,0.460449,0.0280151,1.1496,3.29768,8.22864,2.47798e+08,0.358887
0,40851.1,1.56904e+10,0.206848,4.25831,2.76243,0.362,6409.32,0.465576,0.0272827,1.11372,3.30128,8.78648,2.42937e+08,0.353027
0,41639.2,1.63964e+10,0.229919,4.42235,2.61558,0.382324,8087.37,0.443726,0.0280151,0.963786,4.13863,18.4396,2.5047e+08,0.377014
0,30446.9,1.12371e+10,0.422058,3.20181,1.87417,0.533569,13795.8,0.580261,0.0180054,0.809059,4.42199,29.8728,1.9343e+08,0.527161
0,17827.8,5.02801e+09,0.695251,2.03475,1.3275,0.753296,22038,0.749939,0.00756836,0.823012,4.48702,29.7238,1.47078e+08,0.750427
0,16171,4.52787e+09,0.724792,2.10492,1.2823,0.779846,26719.4,0.730347,0.0101318,0.764771,4.37534,32.7311,1.47982e+08,0.774353
0,15334.5,4.14441e+09,0.770081,2.1706,1.22653,0.815308,34148.7,0.701416,0.00946045,0.800587,4.40809,30.3168,1.53928e+08,0.813721
0,14099.9,4.11835e+09,0.801086,1.82766,1.18673,0.842651,33597.1,0.692566,0.00933838,0.673588,4.3874,42.4253,1.35452e+08,0.833374
0,10336.5,2.46015e+09,0.923218,1.53094,1.06293,0.940796,77380.7,0.651611,0.0065918,0.789405,4.52178,32.8109,1.36651e+08,0.937744
0,22105.9,1.44944e+10,0.928101,2.14597,1.06114,0.942383,76365,0.649658,0.00616455,0.990281,4.43355,20.0441,1.45177e+08,0.941406
0,28330.3,1.96723e+10,0.837585,2.84745,1.15056,0.869141,18362.2,0.572754,0.00842285,3.36615,0.750494,0.0497083,1.3458e+08,0.864014
0,32049,2.26493e+10,0.784668,3.19586,1.20675,0.828674,15055.4,0.526367,0.0110474,2.70576,1.06085,0.15372,1.45117e+08,0.823303
0,34575.3,2.39475e+10,0.759033,3.69754,1.24093,0.805847,16228.1,0.470337,0.0111694,1.29604,3.11126,5.76286,1.68692e+08,0.800232
0,36177.5,2.43158e+10,0.738464,4.7311,1.27077,0.786926,15365.8,0.414429,0.0114136,1.37799,3.0723,4.97088,1.90806e+08,0.780273
0,37766.3,2.45808e+10,0.641296,5.35622,1.41595,0.706238,13922.5,0.307861,0.0167236,1.35702,3.0182,4.9468,2.04876e+08,0.698364
0,39014.5,2.4974e+10,0.596985,5.95081,1.48959,0.671326,16856.8,0.252075,0.0197754,1.25293,2.79576,4.97909,2.2048e+08,0.663147
0,40629.7,2.5298e+10,0.57196,6.75618,1.54231,0.648376,17246.6,0.197266,0.0199585,1.26287,2.67668,4.49234,2.43293e+08,0.639893
0,43066.8,2.7147e+10,0.497803,7.18225,1.6973,0.589172,14698.1,0.205078,0.0204468,1.18008,2.54212,4.64058,2.72934e+08,0.582703
0,43201.1,2.73021e+10,0.449341,7.43656,1.80222,0.554871,14037.1,0.223999,0.0236206,1.15381,2.5302,4.80886,2.67509e+08,0.548279
0,45541.8,2.78223e+10,0.419434,8.41345,1.88778,0.529724,15840.7,0.2276,0.0238037,1.08926,2.38475,4.79316,3.11267e+08,0.523499
0,46658,2.80591e+10,0.370789,8.80029,2.03908,0.490417,15317.7,0.222107,0.0247803,1.08616,2.37851,4.79538,3.1619e+08,0.485291
0,38629.7,2.02853e+10,0.345947,8.56107,2.11461,0.4729,15563.3,0.208374,0.0270996,1.08749,2.37081,4.75269,3.08977e+08,0.463135
0,29497.8,1.16172e+10,0.336243,8.46457,2.14929,0.465271,15730.9,0.209412,0.0285645,1.07384,2.3705,4.87304,3.02727e+08,0.449463
0,30182.2,1.19145e+10,0.332153,8.5596,2.16405,0.462097,16444.8,0.207031,0.0285034,1.07797,2.35723,4.78178,3.0644e+08,0.451111
0,29768.8,1.06553e+10,0.34729,8.87322,2.122,0.471252,18393.2,0.198914,0.0274048,1.07881,2.28602,4.49022,3.20747e+08,0.467896
0,26336.9,7.97081e+09,0.319031,8.26603,2.22397,0.449646,16537.2,0.212708,0.0281982,1.2188,1.69515,1.93442,2.91725e+08,0.443604
0,24155.3,7.53993e+09,0.290405,7.10739,2.24839,0.444763,18447.3,0.215515,0.0302734,1.05568,1.97553,3.50185,2.57365e+08,0.430481
0,16762.4,4.59074e+09,0.378296,4.03651,1.76933,0.565186,82635.1,0.167603,0.0186157,1.0567,2.14507,4.12078,1.65247e+08,0.556824
0,4298.81,2.56473e+08,0.609436,0.568686,1.25193,0.798767,344772,0.0411987,0.00543213,1.0344,2.96909,8.23889,5.6322e+07,0.794922
0,3847.94,1.01622e+08,0.599304,0.439401,1.25107,0.799316,344854,0.0323486,0.00524902,2.58231,0,0,4.94664e+07,0.797119
0,4006.12,1.14783e+08,0.57489,0.460808,1.27077,0.786926,330971,0.0249634,0.00622559,2.40858,0,0,5.11037e+07,0.77533
0,4127.56,1.73735e+08,0.564819,0.473713,1.2793,0.781677,331096,0.0140991,0.00726318,2.25016,0,0,5.2692e+07,0.775574
0,4311.19,2.13281e+08,0.525818,0.51654,1.31303,0.761597,322078,0.0137329,0.00830078,2.0937,0,0,5.43631e+07,0.757019
0,4572.25,2.18628e+08,0.430969,0.557582,1.40058,0.713989,302541,0.00720215,0.00860596,1.91646,0,0,5.53841e+07,0.713074
0,4577.38,2.17938e+08,0.338135,0.578342,1.49803,0.667542,238933,0.00866699,0.00976562,1.75062,0,0,5.22931e+07,0.654053
0,4579.66,2.18279e+08,0.0299683,0.400401,1.94746,0.513489,1206.51,0.0119629,0.0109253,1.42309,0,0,4.20204e+07,0.500916
0,4752.25,3.25656e+08,0.0314941,0.451614,1.94584,0.513916,1389.88,0.0116577,0.0101318,1.37311,0,0,4.4758e+07,0.502991
0,4830.12,3.89601e+08,0.0322266,0.459621,1.94446,0.514282,1447.01,0.0119629,0.00854492,1.31689,0,0,4.60216e+07,0.50531
0,4765.31,3.6908e+08,0.03302,0.438897,1.94284,0.514709,1566.34,0.0120239,0.00750732,1.28559,0,0,4.5058e+07,0.506775
0,4842,4.01973e+08,0.034668,0.490361,1.94054,0.51532,1781.44,0.012085,0.00646973,1.25574,0,0,4.62694e+07,0.50885
0,5025.41,4.97864e+08,0.0366211,0.483672,1.93527,0.516724,2286.14,0.012085,0.00524902,1.22106,0,0,4.92324e+07,0.512268
0,5217.41,6.09679e+08,0.0386963,0.523828,1.93208,0.517578,2294.16,0.0119629,0.00427246,1.19711,0,0,5.2374e+07,0.514709
0,5276.88,6.18331e+08,0.0405273,0.556953,1.92957,0.51825,2413.09,0.0123901,0.00354004,1.17108,0,0,5.32214e+07,0.51709
0,5388.69,6.69737e+08,0.0428467,0.566312,1.92481,0.519531,2511.11,0.0126343,0.00292969,1.15289,0,0,5.51388e+07,0.518433
0,5434.72,6.71275e+08,0.046875,0.660733,1.9194,0.520996,2885.54,0.0126953,0.00195312,1.12085,0,0,5.57947e+07,0.519836
0,5495.06,6.77241e+08,0.0499878,0.750811,1.91469,0.522278,3135.63,0.0125732,0.00146484,1.10456,0,0,5.67301e+07,0.52124
0,5136.72,4.21079e+08,0.0567017,0.672189,1.90224,0.525696,3973.2,0.012207,0.000610352,1.06223,0,0,5.12282e+07,0.524658
0,4681.75,1.95922e+08,0.0609741,0.510715,1.89126,0.528748,4185.26,0.0115356,0.000305176,1.04509,0,0,4.43023e+07,0.527527
0,5392.22,6.0875e+08,0.0650635,0.608683,1.89915,0.52655,4428.86,0.0174561,0.000488281,1.04078,0,0,4.58742e+07,0.525208
0,5969.03,8.71926e+08,0.0703735,0.830163,1.93048,0.518005,4576.33,0.0281372,0.00219727,1.03535,0,0,4.62428e+07,0.516418
0,6440.41,1.20376e+09,0.0751953,0.850838,1.93162,0.5177,4994.87,0.0302124,0.00372314,1.03195,0,0,5.36325e+07,0.515808
0,6393.06,1.19809e+09,0.0819702,0.851471,1.91985,0.520874,5657.75,0.0299683,0.00378418,1.02752,0,0,5.33755e+07,0.518555
0,6645.41,1.36004e+09,0.0906982,0.865612,1.90379,0.525269,6394.68,0.0294189,0.00372314,1.0247,0,0,5.78145e+07,0.523071
0,6758.69,1.43013e+09,0.10199,0.866817,1.88279,0.531128,7396.62,0.0296631,0.00408936,1.02233,0,0,6.02271e+07,0.528198
0,7423.59,1.50422e+09,0.123108,1.82926,1.87032,0.534668,11089.6,0.03125,0.00402832,1.02019,0,0,7.02587e+07,0.531555
0,8513.84,1.61766e+09,0.152954,3.88506,1.85802,0.538208,21273.6,0.038147,0.00415039,1.01818,0,0,8.59341e+07,0.535278
0,13117.6,2.67726e+09,0.187256,3.98063,1.8142,0.551208,26173.8,0.0440674,0.00421143,1.01645,0,0,1.60306e+08,0.548279
0,17342.4,3.5857e+09,0.228699,4.12228,1.76647,0.566101,32027.6,0.0595093,0.00622559,1.01457,0,0,2.28026e+08,0.56311
0,3219.31,1.32963e+06,0.411255,0.493093,1.41718,0.705627,4097.89,0.000244141,0,1.0006,0,0,3.29902e+07,0.705627
0,3597.5,1.6001e+07,0.422302,0.811007,1.41035,0.709045,4235.61,0.00311279,0,1.00051,0,0,3.85434e+07,0.708984
0,3591.5,1.69489e+07,0.428406,0.809216,1.4043,0.712097,4477.3,0.00311279,0,1.00043,0,0,3.86499e+07,0.712097
0,3563.56,8.37337e+07,0.475159,0.794691,1.35978,0.735413,6452.5,0.00378418,6.10352e-05,1.00014,0,0,3.97568e+07,0.735413
0,2459.59,1.63243e+06,0.769287,0.336742,1.1304,0.884644,29065,0.00134277,0,1,0,0,3.25565e+07,0.884583
0,2159.34,1.40135e+06,0.907959,0.214274,1.04824,0.953979,68532,0.00195312,0,1,0,0,3.22939e+07,0.953979
0,2394.06,1.09054e+07,0.912659,0.380064,1.04697,0.955139,70436.5,0.00384521,6.10352e-05,1,0,0,3.57135e+07,0.955139
0,2600.72,1.97019e+07,0.919373,0.637102,1.0445,0.957397,74495,0.00628662,6.10352e-05,1,0,0,3.8784e+07,0.957397
0,2655.56,2.19779e+07,0.925964,0.726458,1.04151,0.960144,80975.8,0.00701904,6.10352e-05,1,0,0,3.96948e+07,0.960144
0,2028.81,6.72571e+07,0.99585,0.0455542,1.00208,0.997925,169169,0.00238037,0,1,0,0,3.31008e+07,0.997925
0,3148.25,4.4961e+08,0.991089,0.0667494,1.00448,0.995544,175556,0.00408936,0,1,0,0,5.12819e+07,0.995544
0,7533.09,2.23713e+09,0.974365,0.113204,1.01298,0.987183,177227,0.0135498,0,1,0,0,1.22562e+08,0.987183
0,16043.1,6.84475e+09,0.957397,0.145915,1.02176,0.978699,167614,0.0352173,0.00012207,1,0,0,2.6142e+08,0.978699
0,26999.5,1.33641e+10,0.941406,0.171085,1.03018,0.970703,161699,0.0585938,0.000183105,1,0,0,4.40394e+08,0.970703
0,36119.6,1.82582e+10,0.92395,0.194847,1.03953,0.961975,159698,0.0800171,0.000366211,1,0,0,5.89232e+08,0.961975
0,45372,2.30566e+10,0.908813,0.213282,1.04777,0.954407,157333,0.101257,0.000610352,1,0,0,7.40315e+08,0.954407
0,4096,0,0.398071,0.495152,1.43054,0.699036,335225,0.00805664,0,1,0,0,4.69115e+07,0.685059
0,4114.75,715424,0.138367,0.429147,1.757,0.569153,10637.4,0.00878906,0,1,0,0,3.84778e+07,0.569153
0,4471.94,2.28995e+07,0.175659,0.792128,1.70684,0.585876,12261.1,0.0113525,6.10352e-05,1,0,0,4.46781e+07,0.585815
0,2993.19,1.35984e+06,0.510376,0.468065,1.32417,0.755188,6804.91,0.000244141,0,1,0,0,3.26113e+07,0.755188
0,2561.38,1.31789e+06,0.709839,0.376013,1.16978,0.854858,19355.2,0.00134277,0,1,0,0,3.2236e+07,0.854736
0,2567.59,6.11234e+06,0.747192,0.362946,1.14509,0.873291,25813.4,0.00231934,6.10352e-05,1,0,0,3.3429e+07,0.873291
0,2048.66,836176,0.946899,0.162882,1.02727,0.97345,86987.1,0.00195312,0,1,0,0,3.17834e+07,0.97345
0,2223.06,1.5283e+07,0.94989,0.233709,1.02637,0.974304,90345.4,0.00274658,0,1,0,0,3.44033e+07,0.974304
0,2688.94,6.60765e+07,0.947205,0.652662,1.02966,0.971191,86957.9,0.00469971,0,1,0,0,4.10655e+07,0.971191
0,8073.59,5.58398e+09,0.945435,0.753976,1.03102,0.96991,85681.8,0.0100708,0,1,0,0,1.29042e+08,0.96991
0,10268.9,7.8346e+09,0.945068,0.754164,1.03122,0.969727,85492.1,0.0125732,0,1,0,0,1.64997e+08,0.969727
0,10286.4,7.83527e+09,0.93811,0.789875,1.03532,0.965881,87326.2,0.0133667,0.000305176,1,0,0,1.64964e+08,0.965881
0,10690.7,7.86344e+09,0.932983,1.12914,1.03959,0.961914,83553.5,0.0166016,0.000305176,1,0,0,1.70782e+08,0.961914
0,10911.2,7.93718e+09,0.908203,1.1279,1.0539,0.948853,147221,0.0205078,0.00115967,1,0,0,1.733e+08,0.948608
0,13559.7,1.05458e+10,0.882568,0.884886,1.06715,0.937073,207047,0.0562744,0.0147095,1,0,0,2.16345e+08,0.936646
0,6006.31,2.99065e+09,0.841614,0.507671,1.08871,0.918518,317023,0.118591,0.039978,1,0,0,9.20704e+07,0.917847
0,6402,3.2579e+09,0.827209,0.514441,1.09717,0.911438,391638,0.157898,0.0500488,1,0,0,9.80992e+07,0.910034
0,6605.84,3.39322e+09,0.797241,0.52427,1.11539,0.896545,369903,0.190247,0.0608521,1,0,0,1.00452e+08,0.895142
0,6738.59,3.45898e+09,0.760437,0.537908,1.13873,0.878174,345966,0.230652,0.0733643,1,0,0,1.01406e+08,0.87677
0,6992.28,3.7219e+09,0.738525,0.504288,1.15267,0.867554,356198,0.260925,0.0755615,1,0,0,1.04948e+08,0.86615
0,7076.94,3.84517e+09,0.717407,0.499762,1.1662,0.857483,365232,0.295349,0.0797119,1,0,0,1.05831e+08,0.856018
0,7112.19,3.8948e+09,0.72229,0.414427,1.16215,0.860474,440510,0.334595,0.0800171,1,0,0,1.06868e+08,0.85907
0,7540.94,4.04531e+09,0.646484,0.528786,1.21642,0.822083,402552,0.370667,0.114441,1,0,0,1.11095e+08,0.821716
0,7947.44,4.31256e+09,0.61145,0.569552,1.24338,0.80426,406869,0.407776,0.129944,1,0,0,1.16522e+08,0.803894
0,8319.19,4.40236e+09,0.5495,2.57879,1.31366,0.76123,374967,0.42926,0.133728,1,0,0,1.19726e+08,0.760864
0,5777.72,1.9505e+09,0.566833,2.56639,1.29898,0.769836,385233,0.438965,0.13092,1,0,0,7.86268e+07,0.760803
0,5524.09,1.74845e+09,0.593323,2.54346,1.27701,0.783081,341910,0.444824,0.128113,1,0,0,7.53603e+07,0.749451
0,6143.31,2.34916e+09,0.578186,2.55651,1.28947,0.775513,358191,0.443481,0.118896,1,0,0,8.49976e+07,0.753601
0,6342.84,2.48511e+09,0.564209,2.57485,1.30125,0.768494,394496,0.438599,0.104797,1,0,0,8.77957e+07,0.76355
0,6015.59,2.18381e+09,0.59436,2.55457,1.27641,0.783447,351850,0.449707,0.108337,1,0,0,8.33884e+07,0.751831
0,9988.66,6.05935e+09,0.565247,2.58017,1.30073,0.768799,368550,0.450256,0.0998535,1,0,0,1.47451e+08,0.757874
0,9848.72,6.03641e+09,0.57428,2.55224,1.29222,0.773865,400478,0.452148,0.0939331,1,0,0,1.45732e+08,0.764954
0,9785.88,6.02901e+09,0.596985,2.53996,1.27363,0.785156,333492,0.435364,0.122681,1,0,0,1.45447e+08,0.740784
0,10015.6,6.40412e+09,0.609924,2.52192,1.26254,0.792053,332412,0.447021,0.111267,1,0,0,1.49883e+08,0.744873
0,9905.66,6.38985e+09,0.587585,1.64419,1.27284,0.785645,366515,0.470459,0.101379,1,0,0,1.47688e+08,0.768921
0,10164.4,6.49744e+09,0.643494,0.524771,1.21859,0.820618,383405,0.486938,0.10437,1,0,0,1.53991e+08,0.785767
0,10207.5,6.56088e+09,0.594971,0.551307,1.25577,0.796326,382993,0.488708,0.108459,1,0,0,1.53067e+08,0.785217
0,9839.41,6.16687e+09,0.597107,0.572766,1.25433,0.797241,381794,0.487244,0.104004,1,0,0,1.47049e+08,0.784546
0,9811.78,6.19413e+09,0.588989,0.553767,1.2605,0.793335,387446,0.482544,0.113159,1,0,0,1.46383e+08,0.785522
0,6115.34,2.58305e+09,0.590698,0.532293,1.25895,0.794312,387405,0.483643,0.110291,1,0,0,8.59356e+07,0.783752
0,5931.84,2.41066e+09,0.637573,0.492443,1.22269,0.817871,386619,0.490295,0.112061,1,0,0,8.45716e+07,0.787109
0,5995.72,2.47751e+09,0.604126,0.507399,1.24821,0.801147,390461,0.491455,0.105469,1,0,0,8.44959e+07,0.790466
0,5678.25,2.1658e+09,0.605408,0.502294,1.24716,0.801819,391953,0.49646,0.100525,1,0,0,7.93518e+07,0.792175
0,5556,2.04409e+09,0.644592,0.475675,1.21733,0.821472,386912,0.496948,0.100952,1,0,0,7.86924e+07,0.791016
0,5899.88,2.28022e+09,0.613953,0.559844,1.24112,0.805725,401812,0.494629,0.0955811,1,0,0,8.30976e+07,0.794495
0,5530.44,2.10432e+09,0.636658,0.463148,1.22305,0.817627,403754,0.497803,0.0905762,1,0,0,7.80646e+07,0.794617
0,5543.69,2.08108e+09,0.61322,0.490097,1.24102,0.805786,400736,0.498413,0.0904541,1,0,0,7.7438e+07,0.794312
0,5681.38,2.07957e+09,0.616638,0.536771,1.23887,0.80719,426688,0.493347,0.0889893,1,0,0,7.96529e+07,0.800964
0,5555.69,1.92953e+09,0.641968,0.559164,1.22005,0.819641,381789,0.498291,0.0958252,1,0,0,7.83555e+07,0.789856
0,5922.12,2.17793e+09,0.590759,0.635915,1.25982,0.793762,402033,0.493347,0.085022,1,0,0,8.25119e+07,0.791138
0,5822.25,2.04537e+09,0.586121,0.637784,1.26352,0.791443,404379,0.48761,0.0855103,1,0,0,8.07199e+07,0.788086
0,5832.47,1.99452e+09,0.628662,0.693322,1.23095,0.812378,367400,0.486023,0.0853271,1,0,0,8.21448e+07,0.77771
0,6032.72,2.14609e+09,0.577942,0.714172,1.27057,0.787048,403312,0.487488,0.0755615,1,0,0,8.37258e+07,0.785339
0,5954.09,2.07126e+09,0.576172,0.715009,1.27205,0.786133,396213,0.486511,0.0761719,1,0,0,8.23762e+07,0.783447
0,5681.34,1.9527e+09,0.588074,0.617999,1.26176,0.792542,395901,0.476257,0.0769653,1,0,0,7.85096e+07,0.784302
0,5807.81,2.14288e+09,0.624329,0.57856,1.23336,0.810791,370183,0.476624,0.0790405,1,0,0,8.18678e+07,0.777222
0,6028.16,2.2007e+09,0.596069,0.664301,1.25712,0.795471,410017,0.455688,0.0748291,1,0,0,8.43238e+07,0.782532
0,5729.72,1.93678e+09,0.612,0.68162,1.24603,0.802551,367253,0.455994,0.0789795,1,0,0,7.98612e+07,0.771118
0,16684,1.23931e+10,0.603943,0.80019,1.25509,0.796753,408636,0.447693,0.0733643,0.943891,0.229783,0.0592639,2.58447e+08,0.782349
0,16287.2,1.20237e+10,0.618042,0.692691,1.24461,0.803467,442001,0.450562,0.0947266,0.959099,0.229783,0.0573993,2.52594e+08,0.796814
0,15981.3,1.17192e+10,0.594482,0.727378,1.26352,0.791443,398321,0.452698,0.133362,0.972045,0.227823,0.0549314,2.46702e+08,0.788025
0,15946.6,1.15859e+10,0.660217,0.731042,1.21336,0.824158,457954,0.449341,0.131226,0.972559,0.233854,0.0578171,2.4823e+08,0.802856
0,15162.7,1.08329e+10,0.706726,0.616634,1.17558,0.850647,491369,0.467102,0.152893,0.983536,0.233854,0.0565338,2.37361e+08,0.814819
0,4008.97,2.30926e+08,0.672119,0.438879,1.19714,0.835327,460617,0.48407,0.185486,1.05021,0,0,5.43493e+07,0.805176
0,4095.44,2.56633e+08,0.716492,0.439084,1.16637,0.857361,382370,0.478088,0.208496,1.04201,0,0,5.71587e+07,0.781616
0,4055.75,2.49182e+08,0.67157,0.467067,1.19775,0.8349,382912,0.473938,0.208191,1.03636,0,0,5.49888e+07,0.781921
0,4257.5,3.50375e+08,0.634949,0.528998,1.22506,0.816284,383610,0.473145,0.206726,1.03232,0,0,5.69221e+07,0.782349
0,4428.22,5.03429e+08,0.692139,0.447857,1.18313,0.845215,514223,0.46228,0.174011,1.02495,0,0,6.18081e+07,0.815979
0,4369.38,5.05149e+08,0.93335,0.299584,1.03552,0.965698,397128,0.461853,0.193726,1.01939,0,0,6.88927e+07,0.783813
0,4371.28,5.05688e+08,0.803162,0.41744,1.1104,0.900574,375269,0.468689,0.183777,1.01292,0,0,6.4492e+07,0.779663
0,4367.97,4.96151e+08,0.698975,0.477046,1.17862,0.84845,375642,0.465088,0.172607,1.00931,0,0,6.09398e+07,0.780457
0,4257.5,5.34023e+08,0.656128,0.450302,1.20871,0.827332,381887,0.479126,0.16272,1.00811,0,0,5.78478e+07,0.78717
0,4166.94,4.32407e+08,0.721313,0.391546,1.16256,0.860168,539507,0.475647,0.123169,1.00595,0,0,5.8666e+07,0.827576
0,4168.94,4.32429e+08,0.898499,0.257873,1.05397,0.948792,540452,0.472534,0.123291,1.00515,0,0,6.46461e+07,0.827576
0,4125.44,4.31417e+08,0.932434,0.222183,1.03545,0.965759,501443,0.480896,0.133728,1.00405,0,0,6.50721e+07,0.815063
0,4340.19,4.55252e+08,0.873779,0.388309,1.06861,0.935791,502223,0.479675,0.13501,1.00334,0,0,6.63337e+07,0.815735
0,4462.84,4.83581e+08,0.695923,0.570368,1.18142,0.846436,491025,0.457092,0.152771,1.00206,0,0,6.21747e+07,0.804199
0,4130.25,6.06807e+07,0.651306,0.624149,1.21552,0.822693,461833,0.457153,0.162537,1.0015,0,0,5.49028e+07,0.793945
0,4216.34,6.44082e+07,0.734131,0.694116,1.16679,0.857056,382320,0.444031,0.170105,1.00136,0,0,5.75647e+07,0.765991
0,4530.84,1.72293e+08,0.820923,0.795101,1.11851,0.894043,293829,0.425903,0.178223,1.00122,0,0,6.42924e+07,0.740845
0,4672.56,1.94523e+08,0.917542,0.774877,1.06135,0.9422,199228,0.425415,0.191284,1.00111,0,0,6.97846e+07,0.72699
0,4777.22,2.03116e+08,0.943787,0.761561,1.04677,0.955322,71895.3,0.43219,0.205811,1.001,0,0,7.22734e+07,0.722961
0,4999.06,3.03715e+08,0.943115,0.790872,1.0473,0.954834,25519,0.43866,0.215881,1.00084,0,0,7.57852e+07,0.744934
0,5468.06,8.79248e+08,0.944336,0.671332,1.0459,0.956116,219061,0.45752,0.200439,1.00072,0,0,8.38257e+07,0.768738
0,5580.38,8.8063e+08,0.944946,0.634381,1.0453,0.956665,508482,0.516785,0.142273,1.00049,0,0,8.58132e+07,0.841187
0,5664.09,8.78458e+08,0.935425,0.627446,1.05282,0.949829,621464,0.54425,0.0988159,1.00036,0,0,8.68444e+07,0.88324
0,6583.19,1.03242e+09,0.917297,0.650859,1.06403,0.939819,630690,0.517639,0.0908203,1.00033,0,0,1.01166e+08,0.889404
0,6593,1.03646e+09,0.864868,0.640834,1.09118,0.916443,625049,0.505005,0.10498,1.00029,0,0,1.0011e+08,0.882629
0,6297.75,1.00828e+09,0.825928,0.420836,1.10041,0.908752,632182,0.509399,0.132385,1.00024,0,0,9.64511e+07,0.88739
0,6052.06,9.36181e+08,0.761841,0.445828,1.14055,0.87677,621186,0.496155,0.146545,1.00021,0,0,9.03736e+07,0.872864
0,3670.91,3.22865e+07,0.998962,0.0448894,1.00067,0.999329,14803.9,0.234985,0.401733,1.00006,0,0,6.00253e+07,0.719604
0,3644.34,7.7909e+07,0.999329,0.0281711,1.00043,0.999573,16262.8,0.23053,0.404541,1.00005,0,0,5.96803e+07,0.780396
0,4272.75,6.53693e+08,0.99939,0.0174693,1.00031,0.999695,252500,0.259033,0.348755,1.00004,0,0,6.99843e+07,0.838257
0,4510.81,6.8735e+08,0.998596,0.080468,1.00098,0.999023,440391,0.286682,0.282837,1.00003,0,0,7.37044e+07,0.905029
0,4615.56,7.10942e+08,0.967712,0.200765,1.01701,0.983276,450098,0.302856,0.26825,1.00003,0,0,7.4241e+07,0.9151
0,4638.81,7.17401e+08,0.883972,0.302369,1.06238,0.941284,466676,0.353088,0.237671,1.00002,0,0,7.1767e+07,0.937134
0,4617.84,7.18709e+08,0.834473,0.355367,1.09118,0.916443,477990,0.382568,0.219849,1.00002,0,0,6.97196e+07,0.916199
0,4614.19,7.20353e+08,0.706848,0.472755,1.17313,0.852417,504547,0.444275,0.181519,1.00001,0,0,6.52646e+07,0.852173
0,4673.38,7.21894e+08,0.620117,0.546217,1.23634,0.808838,514567,0.463013,0.166443,1.00001,0,0,6.32238e+07,0.808533
0,3772.88,5.26236e+07,0.990173,0.251156,1.00589,0.994141,127876,0.481689,0.232544,1.00001,0,0,6.10284e+07,0.733215
0,4506.31,6.88929e+08,0.992065,0.2037,1.00472,0.9953,506609,0.444641,0.183777,0.980594,0.16872,0.0296044,7.31843e+07,0.806519
0,3458.81,1.37831e+06,0.949097,0.159481,1.02612,0.974548,181108,0.508362,0.0187378,1.01845,0,0,5.49612e+07,0.752747
0,4062.59,6.54689e+08,0.999634,0.0135316,1.00018,0.999817,112835,0.521545,0.0187378,0.98832,0.166378,0.0283398,6.65492e+07,0.745667
0,3486.19,6.80336e+07,0.999878,0.0078125,1.00006,0.999939,67830.6,0.470459,0.0216675,1.021,0,0,5.71172e+07,0.73468
0,4109.69,6.59085e+08,0.974609,0.112664,1.01286,0.987305,258219,0.469543,0.020813,1.01656,0,0,6.64847e+07,0.755493
0,4199.53,7.25745e+08,0.825806,0.293776,1.09541,0.912903,257225,0.481567,0.0187988,1.01044,0,0,6.29601e+07,0.755371
0,4448.94,9.34764e+08,0.652466,0.407531,1.21031,0.826233,428060,0.497559,0.00500488,1.0052,0,0,6.12301e+07,0.790894
0,4090.06,4.20675e+08,0.718262,0.370246,1.16397,0.859131,595143,0.479492,0,1.00386,0,0,5.7558e+07,0.826172
0,3820.59,2.78137e+08,0.644287,0.411744,1.21633,0.822144,442571,0.41687,0,1.00122,0,0,5.06609e+07,0.791809
0,4050.72,4.61763e+08,0.708008,0.376469,1.17095,0.854004,580382,0.405701,0,1.00096,0,0,5.65693e+07,0.822144
0,3477.31,1.29582e+06,0.959473,0.14232,1.02068,0.979736,201360,0.514404,0.0340576,1.00016,0,0,5.56124e+07,0.753052
0,3480.28,6.80091e+07,1,0,1,1,25643.1,0.527771,0.0366211,1.00015,0,0,5.70209e+07,0.746216
0,4139.72,6.70513e+08,0.997192,0.0374674,1.00141,0.998596,305856,0.519531,0.0349731,1.00012,0,0,6.77309e+07,0.774719
0,4222.28,7.37147e+08,0.795288,0.317844,1.11403,0.897644,296516,0.503601,0.0237427,1.00007,0,0,6.23089e+07,0.765076
0,4473.81,8.81299e+08,0.734009,0.360369,1.1534,0.867004,568415,0.471008,0.00958252,1.00004,0,0,6.43738e+07,0.815186
0,3807.91,2.12478e+08,0.678101,0.393735,1.19182,0.83905,517226,0.459534,0,1.00003,0,0,5.15876e+07,0.793213
0,3828.19,2.79342e+08,0.652832,0.40734,1.21004,0.826416,444215,0.476501,0,1.00002,0,0,5.1072e+07,0.786743
0,4075.41,4.38143e+08,0.709229,0.375737,1.17012,0.854614,620960,0.455139,0,1.00001,0,0,5.70148e+07,0.826355
0,3600.75,1.08062e+06,0.678223,0.393667,1.19174,0.839111,529835,0.465698,0.000427246,0.97863,0.191833,0.0384247,4.81976e+07,0.802551
0,3474.97,6.80082e+07,1,0,1,1,66793.7,0.499084,0.0012207,0.987013,0.188422,0.0364434,5.69339e+07,0.745483
0,4067.47,6.68733e+08,0.999878,0.0078125,1.00006,0.999939,109729,0.505127,0.0012207,0.989025,0.185185,0.0350589,6.66373e+07,0.749329
0,3625.5,1.02193e+06,0.65564,0.405871,1.20799,0.82782,548565,0.468445,0.0245972,1.01087,0,0,4.78454e+07,0.796265
0,3475.41,6.80165e+07,1,0,1,1,11397.1,0.502319,0.0441284,1.00695,0,0,5.69411e+07,0.734985
0,4075.31,6.68197e+08,1,0,1,1,105885,0.498962,0.0437012,1.00661,0,0,6.67699e+07,0.743164
0,4126,6.68219e+08,0.985962,0.0837776,1.00707,0.992981,281659,0.48468,0.0427856,1.00565,0,0,6.71293e+07,0.761597
0,4201.81,6.81179e+08,0.944702,0.170305,1.02856,0.972229,281718,0.480225,0.041626,1.00495,0,0,6.69051e+07,0.762024
0,4290.31,7.03717e+08,0.851807,0.276714,1.08024,0.92572,281154,0.469421,0.0371704,1.00371,0,0,6.52093e+07,0.762085
0,4668.41,9.21366e+08,0.820557,0.310683,1.09893,0.909973,589424,0.460815,0.0240479,1.00247,0,0,7.02858e+07,0.823181
0,4002.06,2.55097e+08,0.666626,0.410294,1.20047,0.833008,553134,0.465149,0,1.00129,0,0,5.42034e+07,0.804565
0,3880.22,2.86551e+08,0.662598,0.402798,1.20303,0.831238,457067,0.481628,0,1.00087,0,0,5.21989e+07,0.78595
0,4081.44,4.22539e+08,0.717041,0.370995,1.16479,0.858521,666858,0.485901,0,1.00063,0,0,5.73757e+07,0.831238
0,3523.28,6.7953e+07,0.999878,0.0078125,1.00006,0.999939,12201.7,0.396362,0.0592651,1.00009,0,0,5.77213e+07,0.736877
0,4349.81,6.84766e+08,0.999634,0.0135316,1.00018,0.999817,542745,0.376221,0.0493164,1.00006,0,0,7.1255e+07,0.809265
0,4842.44,1.24043e+09,0.965637,0.134212,1.01758,0.982727,564153,0.371155,0.0524902,1.00005,0,0,7.81302e+07,0.81427
0,4684.88,1.2519e+09,0.900635,0.233269,1.05255,0.950073,580074,0.402344,0.0565186,1.00004,0,0,7.32836e+07,0.828979
0,4352.66,1.26636e+09,0.779236,0.348643,1.12458,0.889221,582520,0.431519,0.0643921,1.00003,0,0,6.36954e+07,0.831665
0,2769.41,5.88601e+08,0.917236,0.234747,1.04363,0.958191,288623,0.529785,0.0654907,1.00001,0,0,4.23716e+07,0.764282
0,2573.94,6.4098e+08,0.999207,0.0785381,1.00067,0.999329,25701.3,0.547852,0.0658569,1.00001,0,0,4.19912e+07,0.750122
0,3438.38,7.26928e+08,0.99939,0.0174693,1.00031,0.999695,632675,0.513184,0.038147,1.00001,0,0,5.63139e+07,0.826294
0,2364.03,6.81367e+07,0.999634,0.0247071,1.00024,0.999756,12511.7,0.561218,0.0388794,1,0,0,3.8679e+07,0.757507
0,3585.38,1.19773e+09,0.975952,0.111597,1.01223,0.987915,61491.7,0.552856,0.0355835,1,0,0,5.78949e+07,0.761658
0,4145.22,1.26327e+09,0.97583,0.109923,1.01223,0.987915,644837,0.48822,0.0261841,1,0,0,6.71043e+07,0.835205
0,2329.47,6.79765e+07,1,0,1,1,10462.5,0.353333,0.0588989,1,0,0,3.8166e+07,0.761414
0,4106.38,1.13868e+09,0.99939,0.0174693,1.00031,0.999695,666773,0.406189,0.0427246,1,0,0,6.72584e+07,0.842651
0,2560.72,5.55135e+08,0.926147,0.192021,1.03834,0.963074,284453,0.530273,0.0229492,1,0,0,3.94767e+07,0.762268
0,2445.28,6.16274e+08,1,0,1,1,40195.6,0.548401,0.0229492,1,0,0,4.00635e+07,0.749268
0,3508.53,5.78141e+08,0.99939,0.0174693,1.00031,0.999695,728328,0.541016,0.0139771,1,0,0,5.74633e+07,0.839783
0,2454.84,6.81044e+07,1,0,1,1,11706.7,0.459656,0.109924,1,0,0,4.02202e+07,0.733704
0,4381.94,9.79068e+08,0.99939,0.0174693,1.00031,0.999695,649894,0.486572,0.0767212,1,0,0,7.17732e+07,0.841003
0,2567.84,5.55135e+08,0.920654,0.19901,1.04131,0.960327,301320,0.537354,0.0319824,1,0,0,3.94092e+07,0.763
0,2445.28,6.16274e+08,1,0,1,1,40995.9,0.555481,0.032959,1,0,0,4.00635e+07,0.749084
0,8305.22,4.54155e+09,0.998047,0.03125,1.00098,0.999023,673642,0.503723,0.0206909,1,0,0,1.36007e+08,0.824463
0,3222.03,9.69834e+08,1,0,1,1,90604.6,0.325134,0.0935059,1,0,0,5.27898e+07,0.751038
0,4010.38,1.241e+09,0.99939,0.0174693,1.00031,0.999695,687636,0.385071,0.0426025,1,0,0,6.56855e+07,0.827271
0,2618.66,5.40418e+08,0.858276,0.265424,1.07627,0.929138,385410,0.540344,0.0476685,1,0,0,3.81486e+07,0.770264
0,2502.59,5.98117e+08,0.972656,0.116916,1.01386,0.986328,166010,0.549316,0.0484009,1,0,0,4.0085e+07,0.750366
0,3225.75,1.25985e+09,0.999878,0.0078125,1.00006,0.999939,162779,0.55426,0.0484009,1,0,0,5.28466e+07,0.750305
0,3297.41,7.88467e+08,0.999268,0.0191366,1.00037,0.999634,676251,0.503723,0.0322876,1,0,0,5.40001e+07,0.811584
0,4242.88,1.66648e+09,0.937256,0.177029,1.03239,0.968628,661646,0.469482,0.0349731,1,0,0,6.74099e+07,0.801392
0,3482.91,1.04447e+09,0.997864,0.129652,1.00165,0.998352,102984,0.335999,0.0396118,1,0,0,5.67322e+07,0.755554
0,4288.09,1.50332e+09,0.998779,0.0247053,1.00061,0.99939,733073,0.407166,0.0267334,1,0,0,7.02152e+07,0.834167
0,2791.16,5.40368e+08,0.772095,0.334765,1.12861,0.886047,528521,0.520447,0.0234375,1,0,0,3.80831e+07,0.780212
0,2502.59,5.98117e+08,0.998657,0.0259111,1.00067,0.999329,121247,0.533447,0.0235596,1,0,0,4.09574e+07,0.737793
0,2532.12,5.43827e+08,0.970703,0.121017,1.01487,0.985352,75967.2,0.527832,0.0231323,1,0,0,4.05033e+07,0.733826
0,3227.91,6.11806e+08,0.957397,0.145915,1.02176,0.978699,718979,0.479004,0.0162354,1,0,0,5.14565e+07,0.813599
0,5146.12,2.4125e+09,0.785645,0.325013,1.12004,0.892822,708092,0.369812,0.0875244,1,0,0,7.71215e+07,0.806641
0,4203.91,1.9394e+09,0.997314,0.0366438,1.00134,0.998657,132626,0.302551,0.220398,1,0,0,6.87867e+07,0.756531
0,5581.5,3.00994e+09,1,0,1,1,124382,0.31427,0.220398,1,0,0,9.14473e+07,0.756531
0,3814,1.14348e+09,1,0,1,1,250586,0.324951,0.206787,1,0,0,6.24886e+07,0.770508
0,4278.69,1.20914e+09,0.99939,0.0174693,1.00031,0.999695,754094,0.376892,0.14386,1,0,0,7.00815e+07,0.833191
0,2843.47,5.40341e+08,0.734375,0.360135,1.15315,0.867188,614554,0.522583,0.0203857,1,0,0,3.76745e+07,0.796448
0,2502.59,5.98117e+08,0.995117,0.0494104,1.00245,0.997559,131693,0.520203,0.0214233,1,0,0,4.08387e+07,0.739502
0,3024.75,9.14467e+08,0.999878,0.0078125,1.00006,0.999939,127992,0.52771,0.0214233,1,0,0,4.95534e+07,0.739502
0,2568.22,3.76622e+08,1,0,1,1,237842,0.519592,0.0204468,1,0,0,4.20777e+07,0.747742
0,3117.78,4.43092e+08,0.99939,0.0174693,1.00031,0.999695,654530,0.476929,0.0147095,1,0,0,5.10612e+07,0.802856
0,3300.22,1.00453e+09,0.995483,0.0475215,1.00226,0.997742,136127,0.331665,0.0718994,1,0,0,5.39192e+07,0.757141
0,4222.34,1.25841e+09,0.999268,0.0191366,1.00037,0.999634,12935.1,0.373779,0.0616455,1,0,0,6.91543e+07,0.826172
0,4999.41,2.03173e+09,0.949219,0.15929,1.02605,0.974609,12233.1,0.361694,0.0586548,1,0,0,8.02063e+07,0.816162
0,3258.38,9.10938e+08,0.899658,0.223676,1.05282,0.949829,9661.99,0.336975,0.0275879,1,0,0,5.00183e+07,0.769348
0,4529.72,2.07068e+09,0.957886,0.145077,1.02151,0.978943,9975.37,0.338196,0.0275879,1,0,0,7.28018e+07,0.769348
0,4529.72,2.07068e+09,1,0,1,1,9975.37,0.350098,0.0275879,1,0,0,7.42149e+07,0.769348
0,4096.5,1.29591e+09,0.99939,0.0174693,1.00031,0.999695,11403,0.391235,0.0275879,1,0,0,6.70966e+07,0.827148
0,2827.31,5.16598e+08,0.67749,0.394074,1.19226,0.838745,9044.7,0.519104,0,1,0,0,3.55011e+07,0.796448
0,2579.75,5.68567e+08,0.875366,0.249082,1.06646,0.937683,9823.82,0.530823,0,1,0,0,3.80846e+07,0.763
0,3024.88,1.02133e+09,0.976318,0.108808,1.01198,0.988159,10267.6,0.52655,0,1,0,0,4.87649e+07,0.75116
0,2551.91,5.11411e+08,0.952637,0.153843,1.02426,0.976318,12056.6,0.526184,0,1,0,0,4.02212e+07,0.747864
0,3383.44,5.78e+08,0.950195,0.157753,1.02554,0.975098,14984.4,0.495544,0,1,0,0,5.37631e+07,0.834045
0,4328.84,1.37429e+09,0.755859,0.345992,1.13904,0.87793,12729.8,0.378784,0.00286865,1,0,0,6.27318e+07,0.827393
0,3320.06,8.66745e+08,0.959473,0.14232,1.02068,0.979736,11067.5,0.247253,0.0419312,1,0,0,5.3036e+07,0.713623
0,3270.34,9.33539e+08,1,0,1,1,11476.9,0.251648,0.0487061,1,0,0,5.35813e+07,0.705566
0,3333.84,4.05837e+08,0.999878,0.0078125,1.00006,0.999939,11884.1,0.25946,0.048584,1,0,0,5.46176e+07,0.718933
0,3832.12,4.71861e+08,0.999268,0.0191366,1.00037,0.999634,13536.4,0.296204,0.046814,1,0,0,6.2761e+07,0.785767
0,3905.84,9.28601e+08,0.639526,0.414155,1.21986,0.819763,9605.94,0.491272,0.00506592,1,0,0,5.18979e+07,0.817078
0,2900.16,5.25305e+08,0.655029,0.406191,1.20844,0.827515,9214.04,0.499939,0,1,0,0,3.59409e+07,0.799255
0,2564.28,5.78013e+08,0.910645,0.21114,1.04677,0.955322,10215.1,0.516663,0,1,0,0,3.90149e+07,0.753418
0,5044,2.60779e+09,0.976807,0.10768,1.01173,0.988403,10661.7,0.526367,0,1,0,0,8.18627e+07,0.741821
0,4958.81,2.16194e+09,0.862061,0.261899,1.07408,0.93103,9486.46,0.49469,0,1,0,0,7.66167e+07,0.738831
0,5313.72,2.22679e+09,0.78479,0.325639,1.12058,0.892395,8549.28,0.480896,0,1,0,0,7.98387e+07,0.750854
0,5708.28,2.30476e+09,0.703369,0.379233,1.17414,0.851685,6974.06,0.470398,0,1,0,0,8.35712e+07,0.761841
0,6096.88,2.38249e+09,0.625977,0.420852,1.23003,0.812988,4795.28,0.472778,0,1,0,0,8.73411e+07,0.773254
0,6338.31,2.40178e+09,0.594116,0.435644,1.25461,0.797058,3326.48,0.467773,0,1,0,0,9.02154e+07,0.785156
0,3888.91,3.9519e+08,0.565491,0.447991,1.2776,0.782715,1579.54,0.472229,0,1,0,0,4.91095e+07,0.782104
0,3955.31,4.09729e+08,0.588867,0.44178,1.25905,0.79425,1686.67,0.469299,0,1,0,0,5.09102e+07,0.78241
0,4009.31,4.44343e+08,0.607849,0.437567,1.24432,0.80365,2090.74,0.495728,0,1,0,0,5.23889e+07,0.793335
0,3996.84,4.30869e+08,0.598694,0.441699,1.25145,0.799072,2145.62,0.507263,0,1,0,0,5.18774e+07,0.794312
0,4024.19,4.43124e+08,0.66449,0.409608,1.20197,0.83197,2151.94,0.506653,0,1,0,0,5.45331e+07,0.794312
0,4095.28,5.09732e+08,0.59552,0.443106,1.25394,0.797485,2261.26,0.510315,0,1,0,0,5.33837e+07,0.795898
0,4024,4.56564e+08,0.647888,0.418233,1.21408,0.823669,2185.23,0.515015,0,1,0,0,5.3973e+07,0.78894
0,4120.59,5.16844e+08,0.598206,0.441916,1.25183,0.798828,2144.29,0.503662,0,1,0,0,5.38885e+07,0.796875
0,4037.28,4.36339e+08,0.651306,0.416486,1.21157,0.825378,2207.46,0.502991,0,1,0,0,5.43053e+07,0.798828
0,4063.16,4.93263e+08,0.602417,0.435772,1.2484,0.801025,2143.02,0.50708,0,1,0,0,5.31318e+07,0.795898
0,4035.19,4.24361e+08,0.616577,0.429239,1.23746,0.808105,2054.38,0.504211,0,1,0,0,5.31487e+07,0.802917
0,3916.44,4.4084e+08,0.626831,0.420437,1.22938,0.813416,2201.77,0.514099,0,1,0,0,5.16454e+07,0.791931
0,3985.75,4.68202e+08,0.600952,0.432583,1.24926,0.800476,2196.7,0.512451,0,1,0,0,5.19127e+07,0.796082
0,3912.12,4.06931e+08,0.64624,0.410746,1.21489,0.82312,2099.81,0.515259,0,1,0,0,5.2226e+07,0.792053
0,4011.47,4.65109e+08,0.620239,0.423614,1.23439,0.81012,2183.94,0.503052,0,1,0,0,5.29812e+07,0.804077
0,3857.25,3.86285e+08,0.652466,0.407531,1.21031,0.826233,2814.05,0.496887,0,1,0,0,5.15359e+07,0.794617
0,3995.78,4.66336e+08,0.614014,0.426563,1.23915,0.807007,2832.7,0.477234,0,1,0,0,5.25153e+07,0.803711
0,3892.31,3.87432e+08,0.615234,0.425989,1.23821,0.807617,2786.21,0.479248,0,1,0,0,5.08611e+07,0.799133
0,4047.06,4.12503e+08,0.61261,0.440261,1.24187,0.805237,5597.38,0.481873,0.000427246,1,0,0,5.30826e+07,0.789673
0,4452.94,5.50154e+08,0.590881,0.470607,1.26031,0.793457,8709.83,0.476013,0.000976562,1,0,0,5.87899e+07,0.791565
0,6223.62,2.17966e+09,0.630493,0.486423,1.23188,0.811768,10275.2,0.458557,0.00256348,1,0,0,8.88745e+07,0.781433
0,6238.75,2.10113e+09,0.661011,0.472042,1.20915,0.827026,11633.1,0.450378,0.00256348,1,0,0,9.01463e+07,0.811768
0,6386.34,2.1665e+09,0.704041,0.449913,1.17845,0.848572,12919.4,0.445435,0.00256348,1,0,0,9.40104e+07,0.842468
0,3179.25,6.47501e+08,0.63147,0.418166,1.22589,0.815735,8800.34,0.53186,0.0308838,1,0,0,3.9723e+07,0.815491
0,1968.31,1.60911e+06,1,0,1,1,10833.7,0.551392,0.0679321,1,0,0,3.22488e+07,0.757568
0,3842.53,1.84333e+09,0.999512,0.015625,1.00024,0.999756,11556.4,0.536255,0.071167,1,0,0,6.29396e+07,0.769592
0,4161,1.84354e+09,0.999512,0.015625,1.00024,0.999756,12870.1,0.520325,0.0679932,1,0,0,6.81574e+07,0.806458
0,4611.84,1.90881e+09,0.998657,0.0259111,1.00067,0.999329,14162.4,0.509094,0.0632324,1,0,0,7.55031e+07,0.851868
0,5268.22,2.57796e+09,0.984253,0.0887301,1.00794,0.992126,13984.2,0.509521,0.0639648,1,0,0,8.57738e+07,0.851929
0,3385.34,7.41632e+08,0.657837,0.404715,1.20639,0.828918,9764.65,0.527466,0.0447388,1,0,0,4.39721e+07,0.828674
0,1947.03,1.63584e+06,1,0,1,1,11614.7,0.556152,0.0942383,1,0,0,3.19002e+07,0.773438
0,2000.44,6.85058e+07,1,0,1,1,14007.9,0.561096,0.113403,1,0,0,3.27752e+07,0.823242
0,2718.31,7.41081e+08,0.999878,0.0078125,1.00006,0.999939,14189.3,0.545288,0.112244,1,0,0,4.45327e+07,0.830872
0,3362.06,8.07331e+08,0.999146,0.0206699,1.00043,0.999573,15795.2,0.526672,0.0916748,1,0,0,5.50554e+07,0.898865
0,3940.91,1.40716e+09,0.984253,0.0887301,1.00794,0.992126,15499,0.526489,0.0896606,1,0,0,6.40394e+07,0.899048
0,3195.38,6.69518e+08,0.629272,0.419245,1.22754,0.814636,8822.43,0.572876,0,1,0,0,3.99135e+07,0.814392
0,1988.25,1.58715e+06,1,0,1,1,10835.3,0.609253,0,1,0,0,3.25755e+07,0.757568
0,2693.22,6.69784e+08,0.999634,0.0135316,1.00018,0.999817,11210.3,0.594238,0,1,0,0,4.41134e+07,0.769165
0,3545.25,7.35773e+08,0.998901,0.0234375,1.00055,0.999451,13462.6,0.599365,0,1,0,0,5.80485e+07,0.863647
0,4119.94,1.33135e+09,0.984375,0.0883856,1.00787,0.992188,13284.9,0.59613,0,1,0,0,6.69768e+07,0.863831
0,4134.12,1.33278e+09,0.796997,0.316554,1.11297,0.898499,11902.3,0.560425,0.00366211,1,0,0,6.09219e+07,0.862854
0,3514.31,6.66636e+08,0.682617,0.39121,1.18862,0.841309,10662,0.52771,0.00878906,1,0,0,4.69166e+07,0.841064
0,2216.25,5.29236e+06,0.999573,0.0468822,1.00037,0.999634,13400.7,0.391724,0.0540771,1,0,0,3.62127e+07,0.737854
0,2325.44,7.21413e+07,0.999451,0.0475298,1.00043,0.999573,14601.2,0.363831,0.0800171,1,0,0,3.79976e+07,0.767273
0,3991.12,1.26005e+09,0.939636,0.179424,1.03128,0.969666,58642.4,0.354004,0.0790405,1,0,0,6.32812e+07,0.773315
0,4140.09,1.28249e+09,0.909241,0.217594,1.0477,0.954468,58799,0.3526,0.0773926,1,0,0,6.4702e+07,0.777344
0,4329.94,1.33066e+09,0.895813,0.229782,1.05506,0.947815,125456,0.391907,0.0743408,1,0,0,6.73905e+07,0.803101
0,4550.31,1.3802e+09,0.850891,0.273773,1.08067,0.925354,126797,0.394531,0.0717773,1,0,0,6.94938e+07,0.809448
0,4720.25,1.42798e+09,0.837158,0.28422,1.08864,0.918579,189004,0.434631,0.0672607,1,0,0,7.18725e+07,0.837585
0,4900.91,1.47776e+09,0.791626,0.32059,1.1163,0.895813,198743,0.459717,0.0628052,1,0,0,7.33046e+07,0.857544
0,5107.22,1.52774e+09,0.746582,0.352195,1.14509,0.873291,255503,0.499329,0.0440674,1,0,0,7.51734e+07,0.872986
0,5211.25,1.53715e+09,0.717773,0.370546,1.1643,0.858887,266557,0.517212,0.0341797,1,0,0,7.59112e+07,0.858582
0,5329.41,1.55908e+09,0.687866,0.388239,1.18493,0.843933,278261,0.528992,0.0168457,1,0,0,7.68435e+07,0.843628
0,4015.56,3.87069e+08,0.662231,0.402382,1.2032,0.831116,287767,0.55011,0.00012207,1,0,0,5.44573e+07,0.826965
0,4009.25,3.87629e+08,0.674805,0.39556,1.19417,0.837402,252035,0.548218,0.00012207,1,0,0,5.47758e+07,0.828674
0,4016.88,4.1948e+08,0.656006,0.405679,1.20773,0.828003,177565,0.541382,0.00012207,1,0,0,5.427e+07,0.821411
0,4032.75,4.2357e+08,0.686768,0.388864,1.1857,0.843384,229185,0.550232,0.00012207,1,0,0,5.55622e+07,0.827454
0,4021.75,4.02035e+08,0.655518,0.405935,1.20808,0.827759,161232,0.537231,0.00012207,1,0,0,5.43334e+07,0.821716
0,3974.72,3.5181e+08,0.677246,0.39421,1.19243,0.838623,182260,0.536987,0.00012207,1,0,0,5.4292e+07,0.82019
0,4082.16,3.68535e+08,0.67688,0.395034,1.19278,0.838379,195117,0.527649,0.000305176,1,0,0,5.5999e+07,0.838074
0,4148.88,3.93139e+08,0.719177,0.37856,1.16372,0.859314,139422,0.519592,0.000305176,1,0,0,5.83987e+07,0.837585
0,4519.31,7.57762e+08,0.677063,0.428563,1.19339,0.837952,123879,0.478455,0.000183105,1,0,0,6.28992e+07,0.831055
0,4359.69,7.60463e+08,0.688538,0.462792,1.1857,0.843384,121350,0.460754,0.000366211,1,0,0,6.0501e+07,0.824097
0,4252.25,7.56175e+08,0.67627,0.514697,1.19478,0.836975,120775,0.451599,0.000427246,1,0,0,5.81878e+07,0.821838
0,4828.09,1.19688e+09,0.712158,0.519583,1.16987,0.854797,129079,0.443359,0.000610352,1,0,0,6.8757e+07,0.83667
0,4996.53,1.40601e+09,0.678467,0.536222,1.19339,0.837952,129767,0.412476,0.000610352,1,0,0,7.03862e+07,0.837097
0,4354.41,1.2743e+09,0.630493,0.59403,1.22883,0.813782,6165.36,0.32251,0.000793457,1,0,0,5.81453e+07,0.805359
0,6864.75,2.35921e+09,0.676636,0.598405,1.19513,0.836731,7718.74,0.310913,0.00286865,1,0,0,1.00753e+08,0.803833
0,6801.19,2.33493e+09,0.79718,0.517919,1.11471,0.897095,7725.8,0.310181,0.00286865,1,0,0,1.038e+08,0.804016
0,6667.41,2.26005e+09,0.771362,0.476174,1.13063,0.88446,7941.68,0.31366,0.00378418,1,0,0,1.00883e+08,0.806885
0,6470.62,2.22867e+09,0.631775,0.454817,1.22662,0.815247,6630.86,0.319336,0.0111084,1,0,0,9.32966e+07,0.806946
0,6434.09,2.17604e+09,0.676697,0.432375,1.19373,0.837708,7027.92,0.318787,0.0109863,1,0,0,9.42054e+07,0.814636
0,6248.53,2.17028e+09,0.651794,0.418247,1.2113,0.825562,6558.98,0.328552,0.0109863,1,0,0,9.05098e+07,0.80658
0,5006.84,1.42643e+09,0.653076,0.417381,1.21031,0.826233,5353.08,0.3255,0.00994873,1,0,0,7.02111e+07,0.825745
0,4075.81,1.42327e+09,0.701538,0.380315,1.17541,0.850769,4520.98,0.318298,0.00646973,1,0,0,5.67634e+07,0.802429
0,4172.22,1.45516e+09,0.66272,0.408899,1.2032,0.831116,4934.01,0.32428,0.00457764,1,0,0,5.69011e+07,0.802246
0,4912.12,1.9006e+09,0.653687,0.417067,1.20987,0.826538,4954.94,0.318787,0.00134277,1,0,0,6.8692e+07,0.824951
0,4245.81,1.40608e+09,0.750061,0.39404,1.14365,0.87439,4200.83,0.306763,0.0010376,1,0,0,6.08266e+07,0.800293
0,4380.44,1.44585e+09,0.653625,0.489597,1.21085,0.825867,5137.19,0.319763,0.0010376,1,0,0,5.96163e+07,0.800537
0,4746.03,1.5887e+09,0.654907,0.493821,1.20995,0.826477,5139.99,0.309326,0.000976562,1,0,0,6.56348e+07,0.822021
0,4223.03,1.18669e+09,0.749634,0.476692,1.14461,0.873657,4760.03,0.297119,0.0010376,1,0,0,6.01462e+07,0.796387
0,4226.31,1.17544e+09,0.646484,0.586965,1.21687,0.821777,4661.82,0.320251,0.000305176,1,0,0,5.65832e+07,0.798096
0,5038.66,1.62096e+09,0.638123,0.71705,1.22397,0.817017,6828.53,0.316528,0.000915527,1,0,0,6.93151e+07,0.807922
0,4623.88,1.23298e+09,0.675842,0.665588,1.19617,0.835999,6569.15,0.317017,0.0010376,1,0,0,6.383e+07,0.816711
0,4809.47,1.37705e+09,0.755798,0.706193,1.14206,0.87561,7178.97,0.302368,0.0010376,1,0,0,6.93939e+07,0.796753
0,5057.59,1.41084e+09,0.707947,0.863109,1.1749,0.851135,8159.33,0.30658,0.0010376,1,0,0,7.15955e+07,0.800415
0,5164.5,1.41422e+09,0.649719,0.959238,1.21687,0.821777,7725.1,0.315002,0.000915527,1,0,0,7.12786e+07,0.801941
0,5802.72,1.85851e+09,0.630859,0.96791,1.23105,0.812317,7897.83,0.314514,0.000976562,1,0,0,8.11003e+07,0.808044
0,5544.47,1.70057e+09,0.680054,0.929858,1.19478,0.836975,7922.65,0.316345,0.000976562,1,0,0,7.85485e+07,0.812012
0,5270.81,1.56477e+09,0.751526,0.873234,1.14573,0.872803,8206.61,0.30957,0.0010376,1,0,0,7.65061e+07,0.801941
0,5218.31,1.56483e+09,0.721741,0.864202,1.16546,0.858032,8299.73,0.312195,0.000915527,1,0,0,7.46916e+07,0.803772
0,5187.44,1.56659e+09,0.641235,0.939715,1.22305,0.817627,8968.42,0.318604,0.000976562,1,0,0,7.13759e+07,0.80426
0,4835.75,1.27243e+09,0.635925,0.813045,1.22635,0.81543,7312.7,0.314331,0.000366211,1,0,0,6.56384e+07,0.810791
0,4441.62,1.15756e+09,0.787903,0.675563,1.12188,0.891357,8095.56,0.321533,0.000976562,1,0,0,6.43011e+07,0.814819
0,4153.34,1.13088e+09,0.77301,0.521084,1.13055,0.884521,7898.97,0.348267,0.000976562,1,0,0,5.93649e+07,0.830261
0,4352.72,1.17187e+09,0.762512,0.512068,1.13722,0.879333,7679.58,0.36792,0.000976562,1,0,0,6.23078e+07,0.838928
0,4486.03,1.21643e+09,0.762878,0.447704,1.13636,0.880005,8154.78,0.367188,0.000976562,1,0,0,6.4746e+07,0.861023
0,3607.62,7.03166e+08,0.83197,0.429738,1.09358,0.914429,6953.9,0.340576,0.0010376,1,0,0,5.26152e+07,0.835388
0,3529.69,7.06028e+08,0.765625,0.448962,1.13431,0.881592,7144.39,0.361694,0.000976562,1,0,0,4.92943e+07,0.836548
0,7168.88,3.80328e+09,0.75708,0.453096,1.13984,0.877319,7318.83,0.362976,0.00183105,1,0,0,1.08644e+08,0.841919
0,7306.47,3.83784e+09,0.721558,0.470481,1.16322,0.85968,6564.41,0.375427,0.00213623,1,0,0,1.09801e+08,0.839172
0,6902,3.50667e+09,0.697571,0.408159,1.17887,0.848267,5315.46,0.408447,0.00238037,1,0,0,1.02679e+08,0.827454
0,6935.69,3.4946e+09,0.654297,0.408513,1.20915,0.827026,3946.12,0.401672,0.00213623,1,0,0,1.01953e+08,0.79071
0,7011.5,3.56313e+09,0.70752,0.3788,1.17146,0.853638,3947.72,0.40863,0.00219727,1,0,0,1.0498e+08,0.790649
0,7013.75,3.56314e+09,0.761902,0.345105,1.13533,0.880798,4242.12,0.422729,0.0022583,1,0,0,1.06828e+08,0.790588
0,7035.72,3.36403e+09,0.714722,0.374467,1.16654,0.857239,4355.18,0.453064,0.0022583,1,0,0,1.05619e+08,0.800476
0,7284.72,3.36333e+09,0.595093,0.437074,1.25404,0.797424,3863.97,0.445496,0.0022583,1,0,0,1.05697e+08,0.773926
0,7587.88,3.45533e+09,0.539673,0.47596,1.2997,0.769409,3812.41,0.433289,0.00238037,1,0,0,1.08661e+08,0.762085
0,4186.66,4.25391e+08,0.566895,0.482905,1.27741,0.782837,3588.54,0.442505,0.00158691,1,0,0,5.3738e+07,0.763
0,4156.31,3.89858e+08,0.513184,0.502497,1.32278,0.755981,3274.17,0.425598,0.00115967,1,0,0,5.14386e+07,0.753235
0,4206.12,4.31066e+08,0.585571,0.475269,1.26235,0.792175,3276.58,0.424988,0.0012207,1,0,0,5.46836e+07,0.753052
0,4223.38,4.31332e+08,0.560059,0.485596,1.28301,0.779419,2915.47,0.422546,0.000732422,1,0,0,5.41102e+07,0.755554
0,4266.47,4.26119e+08,0.551697,0.542704,1.29059,0.774841,2898.59,0.427124,0.000549316,1,0,0,5.4337e+07,0.748535
0,4515.12,4.60415e+08,0.581238,0.697022,1.2824,0.779785,5607.42,0.408447,0.000915527,1,0,0,5.7045e+07,0.735413
0,4786.47,4.82455e+08,0.552856,0.845992,1.31831,0.758545,7386.41,0.391907,0.00152588,1,0,0,5.91739e+07,0.73114
0,5033.97,5.27022e+08,0.522705,0.857213,1.34505,0.743469,14382.2,0.391846,0.00152588,1,0,0,6.22172e+07,0.733215
0,5020.06,4.34336e+08,0.619873,0.845273,1.26283,0.79187,15137.6,0.376526,0.00146484,1,0,0,6.51515e+07,0.712646
0,5117.38,5.50618e+08,0.651245,0.831946,1.2383,0.807556,15000,0.378906,0.00146484,1,0,0,6.77985e+07,0.706543
0,5371.56,7.09501e+08,0.634888,0.855905,1.25663,0.795776,17481.2,0.378784,0.00146484,1,0,0,7.10897e+07,0.725342
0,6063.59,8.52218e+08,0.615173,0.859822,1.27235,0.78595,30910.5,0.385742,0.00146484,1,0,0,8.17807e+07,0.741211
0,5916.81,7.19154e+08,0.575012,0.851327,1.30539,0.766052,32604.5,0.416809,0.00134277,1,0,0,7.8102e+07,0.753723
0,5957.25,7.93133e+08,0.582153,0.837157,1.29918,0.769714,32973.6,0.428467,0.00134277,1,0,0,7.90717e+07,0.754822
0,6010.03,8.71462e+08,0.627563,0.818793,1.26196,0.792419,32682.7,0.441711,0.00128174,1,0,0,8.14602e+07,0.752625
0,5758.66,8.30007e+08,0.606628,0.701436,1.2685,0.78833,32869.2,0.44696,0.00134277,1,0,0,7.84154e+07,0.768921
0,5387.44,8.07552e+08,0.693237,0.445834,1.1869,0.842529,29886.8,0.475342,0.000427246,1,0,0,7.73837e+07,0.789185
0,5162.41,7.4752e+08,0.636047,0.488281,1.22883,0.813782,24177.6,0.483582,0.000427246,1,0,0,7.16938e+07,0.787781
0,4244.75,4.57591e+08,0.682678,0.465808,1.18983,0.840454,4957.74,0.508911,0.000305176,1,0,0,5.8409e+07,0.790833
0,4358.72,5.23969e+08,0.632629,0.529704,1.22671,0.815186,5027.34,0.510254,0.000305176,1,0,0,5.84822e+07,0.790649
0,4271.91,4.33398e+08,0.626587,0.51685,1.23114,0.812256,5002.96,0.501648,0.000305176,1,0,0,5.69001e+07,0.806335
0,4319.25,4.63709e+08,0.630066,0.588098,1.22911,0.813599,4749.36,0.504639,0.00012207,1,0,0,5.76061e+07,0.790283
0,4359.16,4.92179e+08,0.617249,0.60591,1.23896,0.807129,4690.35,0.50708,0.00012207,1,0,0,5.78012e+07,0.792114
0,4340.19,4.92638e+08,0.670837,0.582071,1.19915,0.833923,3253.58,0.506897,0.000244141,1,0,0,5.92886e+07,0.789978
0,4329,5.53669e+08,0.63092,0.587725,1.22846,0.814026,2848.52,0.506714,0.000183105,1,0,0,5.77946e+07,0.789795
0,4212.91,4.22974e+08,0.61908,0.546504,1.23709,0.80835,3530.7,0.494873,0.000183105,1,0,0,5.56344e+07,0.806458
0,4137,4.23519e+08,0.689575,0.530837,1.18553,0.843506,3694.17,0.493958,0.000244141,1,0,0,5.67132e+07,0.789673
0,4141.16,4.85979e+08,0.631531,0.563652,1.22782,0.814453,4416.76,0.46759,0.000427246,1,0,0,5.48316e+07,0.789734
0,4018.12,4.10159e+08,0.681641,0.506794,1.19096,0.839661,4148.25,0.450623,0.000366211,1,0,0,5.45812e+07,0.788452
0,4155.03,4.60316e+08,0.642761,0.582472,1.22105,0.81897,7499.46,0.44751,0.000915527,1,0,0,5.53272e+07,0.782227
0,4542.91,6.56131e+08,0.606873,0.617431,1.24897,0.800659,11220.9,0.440857,0.00115967,1,0,0,6.04206e+07,0.786316
0,4646.41,6.12352e+08,0.608521,0.669632,1.24869,0.800842,12956.3,0.442322,0.00164795,1,0,0,6.20201e+07,0.77948
0,13504.3,8.92213e+09,0.645935,0.689778,1.22607,0.815613,16928.9,0.42572,0.00854492,0.966599,0.190105,0.0386807,2.0789e+08,0.782532
0,13553,8.9872e+09,0.581421,0.686901,1.27631,0.783508,16855.2,0.423767,0.00860596,0.973886,0.190105,0.0381041,2.06606e+08,0.78009
0,13459.9,8.94037e+09,0.628967,0.628986,1.2384,0.807495,17077.6,0.423767,0.00866699,0.974757,0.191833,0.0387306,2.06778e+08,0.783569
0,13082.8,8.82357e+09,0.655579,0.481056,1.2113,0.825562,13141.7,0.480103,0.00805664,0.986288,0.195434,0.0392638,2.02165e+08,0.779175
0,3825,3.23073e+08,0.675415,0.395223,1.19373,0.837708,3369.18,0.488342,0.000366211,1.03244,0,0,5.17775e+07,0.811523
0,3613.09,2.8892e+08,0.718994,0.369795,1.16347,0.859497,5200.54,0.522156,0.000183105,1.01801,0,0,4.97679e+07,0.776367
0,3718.47,4.05638e+08,0.719116,0.36972,1.16339,0.859558,6261.7,0.507874,6.10352e-05,1.00582,0,0,5.14985e+07,0.777588
0,3752.97,4.04962e+08,0.685669,0.389488,1.18647,0.842834,6410.84,0.484619,6.10352e-05,1.00178,0,0,5.09414e+07,0.769531
0,3728.72,4.0563e+08,0.718994,0.369795,1.16347,0.859497,6374.59,0.488464,0,1.00058,0,0,5.16623e+07,0.772705
0,4141.69,6.75854e+08,0.701782,0.380171,1.17524,0.850891,6152.73,0.467468,0,1.00042,0,0,5.78509e+07,0.82019
0,3621.28,3.38337e+08,0.815918,0.30182,1.10137,0.907959,5594.02,0.462952,0,1.00025,0,0,5.31543e+07,0.781372
0,3673.62,4.0497e+08,0.718628,0.37002,1.16372,0.859314,6444.39,0.460327,0,1.00018,0,0,5.07474e+07,0.78125
0,4122.25,6.75243e+08,0.687866,0.388239,1.18493,0.843933,6080.28,0.438538,0,1.00013,0,0,5.70655e+07,0.82251
0,3654.75,3.38392e+08,0.841309,0.280636,1.08618,0.920654,5431.95,0.464233,0,1.00009,0,0,5.45546e+07,0.780884
0,3722.78,4.05002e+08,0.718872,0.36987,1.16355,0.859436,6381.91,0.496399,0,1.00006,0,0,5.1561e+07,0.776917
0,4061.19,6.75402e+08,0.70874,0.37603,1.17045,0.85437,6316.44,0.491943,0,1.00005,0,0,5.67654e+07,0.791138
0,4111.69,7.4201e+08,0.623047,0.422268,1.23225,0.811523,5240.9,0.504761,0,1.00004,0,0,5.47174e+07,0.791199
0,4287.16,7.93156e+08,0.62262,0.423628,1.23271,0.811218,5447.82,0.499329,0,1.00004,0,0,5.75227e+07,0.807434
0,3970.78,4.56198e+08,0.678162,0.39491,1.19191,0.838989,5353.43,0.498413,0,1.00003,0,0,5.42029e+07,0.811218
0,3965,4.63121e+08,0.830017,0.31111,1.09336,0.914612,5055.74,0.497375,0,1.00003,0,0,5.90602e+07,0.780334
0,3967.12,4.63338e+08,0.771362,0.362809,1.1297,0.885193,5164.98,0.485901,6.10352e-05,1.00002,0,0,5.70839e+07,0.778442
0,4034.06,5.30216e+08,0.688416,0.422483,1.18536,0.843628,5279.9,0.475098,6.10352e-05,1.00002,0,0,5.53544e+07,0.776001
0,4323.94,6.92068e+08,0.668518,0.433038,1.1995,0.833679,4904.08,0.458313,6.10352e-05,1.00001,0,0,5.9436e+07,0.804565
0,3957.06,3.55256e+08,0.675354,0.429465,1.1946,0.837097,4488.5,0.46698,6.10352e-05,1.00001,0,0,5.36545e+07,0.790527
0,4000.66,4.21851e+08,0.586853,0.47145,1.26128,0.792847,5192.65,0.451782,6.10352e-05,1.00001,0,0,5.13992e+07,0.790527
0,4068.06,4.76416e+08,0.648621,0.443119,1.21399,0.82373,5223.33,0.449951,6.10352e-05,1.00001,0,0,5.45761e+07,0.792908
0,3585.78,2.30515e+08,0.743408,0.354284,1.14718,0.871704,6550.55,0.493042,0,1,0,0,5.01396e+07,0.778625
0,3625.34,2.97151e+08,0.709717,0.375443,1.16978,0.854858,7077.3,0.491638,0,1,0,0,4.96573e+07,0.778687
0,3745.31,3.46283e+08,0.849609,0.27331,1.08131,0.924805,6653.08,0.485474,0.000183105,1,0,0,5.63169e+07,0.784363
0,3763.25,3.55637e+08,0.794434,0.320799,1.11471,0.897095,7067.3,0.493103,0.000366211,1,0,0,5.46898e+07,0.779114
0,3875.06,4.39142e+08,0.709412,0.388367,1.17045,0.85437,7700.74,0.493835,0.000427246,1,0,0,5.35562e+07,0.779053
0,3869.53,4.37687e+08,0.708923,0.388654,1.17079,0.854126,6575.89,0.494812,0.000305176,1,0,0,5.34492e+07,0.778442
0,4121.75,7.54013e+08,0.616333,0.42547,1.23737,0.808167,5396.28,0.477722,0.000183105,1,0,0,5.4657e+07,0.792847
0,3823.34,5.14861e+08,0.72644,0.365165,1.15845,0.86322,5044.82,0.500488,0.000488281,1,0,0,5.34625e+07,0.777161
0,3757.56,3.79855e+08,0.640991,0.413416,1.21878,0.820496,3842.16,0.507996,0.000427246,1,0,0,4.95176e+07,0.789612
0,3633.22,2.76201e+08,0.734009,0.360369,1.1534,0.867004,4827.47,0.512207,0,1,0,0,5.06015e+07,0.777283
0,3730.56,3.98392e+08,0.703003,0.37945,1.1744,0.851501,6021.66,0.505188,0,1,0,0,5.1156e+07,0.768494
0,3710.16,3.98454e+08,0.733765,0.360526,1.15356,0.866882,6072.38,0.509583,0,1,0,0,5.18538e+07,0.772644
0,3701.81,3.98628e+08,0.733765,0.360526,1.15356,0.866882,5915.93,0.501099,0,1,0,0,5.17171e+07,0.775635
0,4080.19,7.29257e+08,0.638306,0.414768,1.22077,0.819153,5120.44,0.490784,0,1,0,0,5.47133e+07,0.789612
0,3834.06,5.06026e+08,0.722412,0.367681,1.16116,0.861206,4538.49,0.517761,0,1,0,0,5.3503e+07,0.776611
0,3638.75,2.79021e+08,0.71521,0.372115,1.16604,0.857605,5029.25,0.505981,0,1,0,0,5.00613e+07,0.773682
0,10441.4,6.79773e+09,0.708618,0.401669,1.17121,0.853821,8511.39,0.450562,0.000305176,1,0,0,1.6104e+08,0.8479
0,2310.69,6.80765e+07,1,0,1,1,12103.7,0.490173,0.0408936,1,0,0,3.78583e+07,0.776917
0,5154.97,2.23068e+09,0.994751,0.0512298,1.00263,0.997375,15557.9,0.458496,0.00354004,1,0,0,8.42829e+07,0.873291
0,2272.34,6.80712e+07,1,0,1,1,19241.8,0.477905,0.0975952,1,0,0,3.72301e+07,0.935486
0,3886.03,1.33046e+09,0.99939,0.0174693,1.00031,0.999695,20748.9,0.486145,0.0543823,1,0,0,6.36483e+07,0.985474
0,4481.72,1.7314e+09,0.600708,0.432693,1.24945,0.800354,10299.9,0.386658,0.00408936,1,0,0,6.00305e+07,0.800354
0,4026.5,8.06181e+08,0.668701,0.398899,1.19854,0.834351,6726.01,0.363037,0,1,0,0,5.48536e+07,0.800232
0,2277.81,6.80721e+07,1,0,1,1,10550.8,0.500977,0.000854492,1,0,0,3.73197e+07,0.773804
0,3461.25,8.7401e+08,0.987671,0.0785131,1.0062,0.993835,12248.5,0.477966,0.000305176,1,0,0,5.62954e+07,0.822632
0,3033.88,8.7097e+08,0.900146,0.223134,1.05255,0.950073,10718.2,0.579407,0,1,0,0,4.63565e+07,0.834229
0,3740.91,1.60689e+09,0.984985,0.0866423,1.00756,0.992493,10700.6,0.562561,0,1,0,0,6.07872e+07,0.832153
0,3825.91,8.70846e+08,0.995117,0.0494104,1.00245,0.997559,11860.5,0.449829,0,1,0,0,6.25198e+07,0.864136
0,5050.25,2.06754e+09,0.776978,0.331292,1.12551,0.888489,10840.4,0.42981,0.106812,1,0,0,7.52599e+07,0.861084
0,5138.06,2.09357e+09,0.744263,0.355856,1.14678,0.872009,10607.1,0.428589,0.122437,1,0,0,7.55313e+07,0.860779
0,3912.12,1.30084e+09,0.999023,0.0866756,1.00079,0.999207,13456.9,0.459534,0.190613,1,0,0,6.39114e+07,0.807007
0,2283.78,6.84027e+07,0.99939,0.0174693,1.00031,0.999695,22209.2,0.494202,0.130005,1,0,0,3.74006e+07,0.936829
0,4526.94,1.33277e+09,0.998901,0.0234375,1.00055,0.999451,27214.3,0.48175,0.0211792,1,0,0,7.41325e+07,0.999207
0,2533.81,6.82151e+07,1,0,1,1,22073.2,0.326477,0.134766,1,0,0,4.1514e+07,1
0,11880.9,9.15356e+09,0.998047,0.03125,1.00098,0.999023,24200.7,0.350037,0.0806274,1,0,0,1.94592e+08,0.999023
0,12006,9.50022e+09,0.638916,0.414462,1.22032,0.819458,13741,0.329346,0.0404053,1,0,0,1.84591e+08,0.819458
0,36263.1,3.2874e+10,0.634521,0.416657,1.2236,0.817261,13508.6,0.326538,0.0403442,1,0,0,5.81871e+08,0.817261
0,26874.3,2.43079e+10,0.75061,0.34952,1.14246,0.875305,9439.81,0.359558,0.0150757,1,0,0,4.31941e+08,0.798706
0,29794.8,2.65265e+10,0.746216,0.352437,1.14533,0.873108,10493.9,0.384644,0.0088501,1,0,0,4.79643e+08,0.870178
0,5886.75,3.22257e+09,0.884888,0.239461,1.06107,0.942444,6405.77,0.365173,0.0464478,1,0,0,9.2586e+07,0.832092
0,2178.78,1.23363e+06,1,0,1,1,10889.3,0.356812,0.0765381,1,0,0,3.56972e+07,0.78186
0,3604.41,9.30198e+08,0.999146,0.0206699,1.00043,0.999573,13106.3,0.368835,0.0334473,1,0,0,5.90259e+07,0.849243
0,4431.78,1.72813e+09,0.886597,0.237691,1.06011,0.943298,11666.8,0.394348,0.0088501,1,0,0,6.88051e+07,0.846985
0,4507.84,1.74112e+09,0.852478,0.274627,1.07981,0.926086,11289.4,0.404907,0.00921631,1,0,0,6.8798e+07,0.847839
0,4579.69,1.75972e+09,0.82074,0.308323,1.09879,0.910095,11573.7,0.409973,0.00933838,1,0,0,6.88282e+07,0.847595
0,4686.81,1.76842e+09,0.764709,0.384888,1.13415,0.881714,13129.5,0.421326,0.00958252,1,0,0,6.84943e+07,0.847839
0,2640.88,8.46781e+07,0.996948,0.228165,1.00239,0.99762,13118.3,0.476807,0.00531006,1,0,0,4.26414e+07,0.783203
0,4338.38,1.80749e+09,0.978882,0.248082,1.01155,0.988586,13719.4,0.466553,0.0043335,1,0,0,6.9847e+07,0.788452
0,4643.28,1.87325e+09,0.978027,0.248985,1.01198,0.988159,15074.4,0.456543,0.00280762,1,0,0,7.4814e+07,0.818115
0,4673.72,2.19221e+09,0.754639,0.346817,1.13984,0.877319,11043.8,0.470825,0.000732422,1,0,0,6.83412e+07,0.815857
0,4013.03,8.04799e+08,0.780029,0.329098,1.12358,0.890015,7977.43,0.446106,0.000183105,1,0,0,5.83685e+07,0.885437
0,4639.72,1.66441e+09,0.917236,0.203236,1.04317,0.958618,8054.78,0.444153,0.0379639,1,0,0,7.32401e+07,0.859497
0,3785.34,1.26491e+09,0.999756,0.0110485,1.00012,0.999878,11752,0.467285,0.182129,1,0,0,6.20109e+07,0.804504
0,3646.88,1.27274e+09,0.999268,0.055805,1.00055,0.999451,12405.1,0.47583,0.200378,1,0,0,5.96275e+07,0.804077
0,2438.28,2.63748e+07,0.999146,0.1016,1.00079,0.999207,13622.8,0.484436,0.201599,1,0,0,3.97358e+07,0.81012
0,2496.12,5.6478e+07,0.998718,0.140919,1.00116,0.99884,16106.1,0.489929,0.173096,1,0,0,4.05852e+07,0.856323
0,2520.16,5.67944e+07,0.998291,0.180158,1.00153,0.998474,16861.9,0.488159,0.161377,1,0,0,4.08806e+07,0.870117
0,2520.75,5.69309e+07,0.998291,0.180158,1.00153,0.998474,17743.5,0.492432,0.145996,1,0,0,4.08904e+07,0.886658
0,2584.5,6.65977e+07,0.997681,0.242808,1.00208,0.997925,18600.8,0.493225,0.130676,1,0,0,4.17874e+07,0.902893
0,2656.94,1.33484e+08,0.997498,0.266261,1.00226,0.997742,20049.9,0.495117,0.107483,1,0,0,4.29251e+07,0.927612
0,4023.09,1.33067e+09,0.993408,0.339579,1.0046,0.995422,21369.5,0.479919,0.0874634,1,0,0,6.50296e+07,0.946777
0,4275,1.42003e+09,0.992188,0.386912,1.0054,0.994629,22492.8,0.474304,0.0718384,1,0,0,6.90053e+07,0.962646
0,4840.69,1.8746e+09,0.946899,0.448549,1.02895,0.971863,22950.5,0.47052,0.0540771,1,0,0,7.66966e+07,0.962158
0,4716.09,1.84598e+09,0.772583,0.512141,1.13009,0.884888,17939.1,0.471741,0.00726318,1,0,0,6.88799e+07,0.884705
0,4777.31,1.91256e+09,0.723938,0.543887,1.16207,0.860535,16585.4,0.472839,0.00323486,1,0,0,6.82486e+07,0.860291
0,5403.97,2.3051e+09,0.718079,0.510716,1.16579,0.857788,15736.6,0.440247,0.00177002,1,0,0,7.84174e+07,0.857422
0,4512.31,1.09957e+09,0.721558,0.526706,1.16355,0.859436,13530.3,0.436707,0.00164795,1,0,0,6.387e+07,0.858765
0,4488,1.09882e+09,0.806763,0.46791,1.10853,0.9021,13538.6,0.440186,0.00158691,1,0,0,6.63716e+07,0.858948
0,4429.34,1.0755e+09,0.942139,0.337367,1.03096,0.969971,12720.8,0.440491,0.00158691,1,0,0,7.00636e+07,0.859436
0,4325.31,1.36722e+09,0.806396,0.332113,1.1077,0.902771,11900.3,0.44397,0.0757446,1,0,0,6.41444e+07,0.83551
0,4162.19,1.35673e+09,0.945923,0.206624,1.02831,0.972473,13184.1,0.443054,0.0766602,1,0,0,6.61371e+07,0.814392
0,3962.44,1.35737e+09,0.997742,0.143744,1.00171,0.998291,13733.7,0.447388,0.0792236,1,0,0,6.45478e+07,0.806946
0,3846.72,1.35829e+09,0.997253,0.205432,1.0022,0.997803,14056,0.446655,0.0807495,1,0,0,6.25085e+07,0.806396
0,2537.72,4.75974e+07,0.997375,0.197218,1.00208,0.997925,16130.6,0.457336,0.083374,1,0,0,4.10824e+07,0.835693
0,2583.28,5.14853e+07,0.996948,0.22884,1.00245,0.997559,16941.5,0.455627,0.081543,1,0,0,4.17551e+07,0.850952
0,2608.94,5.42953e+07,0.996826,0.25177,1.00257,0.997437,17832.3,0.45813,0.0754395,1,0,0,4.21181e+07,0.867981
0,2617.47,5.45291e+07,0.996277,0.283497,1.003,0.997009,21123.2,0.459412,0.101318,1,0,0,4.21432e+07,0.929443
0,3997.94,1.36482e+09,0.991516,0.357361,1.00571,0.994324,21912.9,0.444153,0.0991821,1,0,0,6.44454e+07,0.941345
0,4288.59,1.32963e+09,0.991455,0.379934,1.00577,0.994263,22674.6,0.442688,0.0883179,1,0,0,6.91543e+07,0.989807
0,5265.28,2.20406e+09,0.97583,0.398841,1.01374,0.98645,22432.2,0.434875,0.086792,1,0,0,8.46198e+07,0.986023
0,5317.75,2.21579e+09,0.876892,0.465371,1.06736,0.93689,20183.5,0.438354,0.0853882,1,0,0,8.21412e+07,0.936462
0,5310.38,2.21458e+09,0.845398,0.484411,1.08561,0.921143,19719.4,0.438171,0.0773926,1,0,0,8.09636e+07,0.920715
0,5361.03,2.22605e+09,0.813599,0.529071,1.10479,0.905151,19219.5,0.437927,0.0775757,1,0,0,8.06467e+07,0.904724
0,5420.47,2.23937e+09,0.770264,0.565702,1.13196,0.883423,18317,0.439575,0.0615234,1,0,0,8.015e+07,0.882996
0,5462.44,2.24323e+09,0.701172,0.633366,1.1782,0.848755,15760.3,0.443054,0.0368042,1,0,0,7.84374e+07,0.848328
0,2573.94,4.52196e+07,0.997009,0.20499,1.00226,0.997742,13472.8,0.498535,0.0281982,1,0,0,4.1602e+07,0.786682
0,4021.97,9.44631e+08,0.992798,0.0600086,1.00361,0.996399,16719,0.446838,0.0123901,1,0,0,6.56543e+07,0.894104
0,2319.31,1.2829e+06,1,0,1,1,15706.2,0.444153,0.0932617,1,0,0,3.79996e+07,0.863098
0,2371.62,6.80824e+07,1,0,1,1,20507.6,0.446411,0.125061,1,0,0,3.88567e+07,0.960632
0,10167.3,7.47684e+09,0.994141,0.0541264,1.00294,0.99707,21841.5,0.456665,0.11731,1,0,0,1.66385e+08,0.986755
0,10739.4,7.86017e+09,0.798462,0.315442,1.11206,0.899231,15806.5,0.436462,0.107727,1,0,0,1.69192e+08,0.899231
0,11265.8,8.24364e+09,0.797607,0.316091,1.11259,0.898804,15349.4,0.439636,0.107788,1,0,0,1.77787e+08,0.898804
0,11787.6,8.62661e+09,0.644653,0.411557,1.21606,0.822327,9157.76,0.456421,0.0617065,1,0,0,1.81204e+08,0.822327
0,12605,9.24204e+09,0.55957,0.450169,1.2824,0.779785,4399.76,0.460693,0.0184937,1,0,0,1.91742e+08,0.779785
0,5265.34,2.04125e+09,0.592896,0.436184,1.25558,0.796448,2773.66,0.432068,0.0114136,1,0,0,7.26072e+07,0.782043
0,5271.34,2.04139e+09,0.736938,0.358488,1.15145,0.868469,3349.26,0.387085,0.0114136,1,0,0,7.75388e+07,0.782043
0,5226.53,1.6695e+09,0.723328,0.582544,1.17507,0.851013,8095.96,0.349976,0.00952148,1,0,0,7.38944e+07,0.772705
0,5631.44,1.70071e+09,0.693726,0.743402,1.20924,0.826965,20937.7,0.336121,0.00793457,1,0,0,7.75721e+07,0.771118
0,5956.5,1.79594e+09,0.674072,0.781269,1.23012,0.812927,25764.8,0.318115,0.0067749,1,0,0,8.18135e+07,0.783447
0,6187.66,1.49005e+09,0.706482,0.770862,1.20621,0.829041,46641.2,0.301453,0.00183105,1,0,0,8.6633e+07,0.812378
0,5749.22,7.0871e+08,0.867493,0.694255,1.09945,0.909546,72202.3,0.28302,0.00189209,1,0,0,8.48522e+07,0.88916
0,5457.75,2.32946e+08,0.912292,0.671334,1.07302,0.931946,105992,0.275574,0.00170898,1,0,0,8.158e+07,0.931946
0,4098.09,22667.6,1,0,1,1,240874,0.415161,0.000305176,1,0,0,6.71432e+07,0.999878
0,4159.75,6.65815e+07,0.999756,0.0110485,1.00012,0.999878,498458,0.415344,0.000427246,1,0,0,6.81452e+07,0.999878
0,2130.66,1.71072e+06,1,0,1,1,52487.5,0.565002,0.151123,1,0,0,3.49087e+07,1
0,2226.47,4.84941e+07,0.999817,0.0156255,1.00012,0.999878,53381,0.562561,0.134827,1,0,0,3.64457e+07,0.999878
0,2296.03,9.53004e+07,0.999695,0.0312529,1.00024,0.999756,54270.5,0.559998,0.119629,1,0,0,3.75526e+07,0.999756
0,2298.06,9.53567e+07,0.999695,0.0312529,1.00024,0.999756,56325,0.555054,0.0931396,1,0,0,3.75859e+07,0.999756
0,2378.25,1.29109e+08,0.99939,0.0703297,1.00055,0.999451,57154.5,0.551453,0.0791626,1,0,0,3.88178e+07,0.999451
0,2096.88,1.51585e+06,1,0,1,1,93553.4,0.580261,0,1,0,0,3.43552e+07,1
0,2085.88,1.5258e+06,1,0,1,1,130276,0.553711,0,1,0,0,3.4175e+07,1
0,2128.81,6.83977e+07,1,0,1,1,154631,0.555664,0,1,0,0,3.48785e+07,1
0,8936.28,6.96675e+09,0.999146,0.0206699,1.00043,0.999573,154849,0.548889,0,1,0,0,1.46383e+08,0.999573
0,9506.19,7.3344e+09,0.866577,0.257625,1.07148,0.933289,114391,0.549988,0.00640869,1,0,0,1.51272e+08,0.933289
0,10366.2,7.95796e+09,0.775269,0.332513,1.12659,0.887634,81686.4,0.542969,0.00640869,1,0,0,1.623e+08,0.887634
0,11229.2,8.62101e+09,0.77417,0.333295,1.12729,0.887085,72847.8,0.528931,0.00640869,1,0,0,1.76402e+08,0.887085
0,11857.3,9.01472e+09,0.612427,0.427306,1.24037,0.806213,15519.8,0.494385,0.00640869,1,0,0,1.81266e+08,0.806213
0,5499.75,2.42637e+09,0.654663,0.406383,1.20871,0.827332,2559.13,0.486694,0.00488281,1,0,0,7.85203e+07,0.778809
0,10241.8,7.03506e+09,0.652588,0.407467,1.21022,0.826294,3227.36,0.473816,0.00402832,1,0,0,1.56144e+08,0.801147
0,9992.91,6.82117e+09,0.598633,0.433628,1.25107,0.799316,3342.32,0.478088,0.010437,1,0,0,1.50256e+08,0.787964
0,10476.7,7.24646e+09,0.616211,0.425528,1.23746,0.808105,4718.41,0.474548,0.010437,1,0,0,1.58772e+08,0.796204
0,10041.8,6.85415e+09,0.715942,0.372316,1.16562,0.85791,5179.4,0.479126,0.010437,1,0,0,1.54928e+08,0.778625
0,10142.8,6.95679e+09,0.664673,0.403029,1.20161,0.832214,6184.64,0.48822,0.010437,1,0,0,1.54834e+08,0.781799
0,11399.1,8.12993e+09,0.663452,0.405742,1.20258,0.831543,6492.7,0.482849,0.010498,1,0,0,1.75323e+08,0.800598
0,11356.7,8.03918e+09,0.600342,0.436708,1.25002,0.799988,7090.85,0.494141,0.010498,1,0,0,1.7251e+08,0.799561
0,11108.1,7.86752e+09,0.626221,0.427343,1.23021,0.812866,7864.45,0.505371,0.0105591,1,0,0,1.69277e+08,0.7901
0,11613.8,8.24477e+09,0.625244,0.427813,1.23095,0.812378,8658.25,0.493225,0.0105591,1,0,0,1.7753e+08,0.811218
0,6827.78,3.63663e+09,0.628052,0.426459,1.22883,0.813782,7572.66,0.510193,0.00695801,1,0,0,9.92097e+07,0.788574
0,7334.75,4.03784e+09,0.627319,0.426813,1.22938,0.813416,7974.72,0.498779,0.000976562,1,0,0,1.07491e+08,0.809692
0,5185.97,2.04555e+09,0.626465,0.420615,1.22966,0.813232,4858.27,0.526489,6.10352e-05,1,0,0,7.24209e+07,0.790283
0,5437.81,2.32638e+09,0.624023,0.421797,1.23151,0.812012,3890.43,0.523193,0,1,0,0,7.64774e+07,0.791992
0,5325.53,2.13109e+09,0.692749,0.38544,1.18151,0.846375,3137.52,0.500793,0.00012207,1,0,0,7.69439e+07,0.811707
0,5242.5,1.79275e+09,0.768188,0.337511,1.1311,0.884094,3412.07,0.46991,0.00012207,1,0,0,7.81148e+07,0.869568
0,3457.47,1.00442e+09,0.94165,0.170729,1.03005,0.970825,11298.1,0.515381,0.0531616,1,0,0,5.46893e+07,0.770386
0,2278.56,1.5486e+07,0.999878,0.0078125,1.00006,0.999939,12976.7,0.535034,0.0543213,1,0,0,3.73156e+07,0.769531
0,2349.72,5.13264e+07,0.999756,0.0234389,1.00018,0.999817,14552.7,0.543579,0.069458,1,0,0,3.84486e+07,0.804077
0,2408.72,1.18168e+08,0.999573,0.0322152,1.00031,0.999695,15869,0.548462,0.0760498,1,0,0,3.93948e+07,0.833191
0,3532.94,1.12097e+09,0.998535,0.0455658,1.00086,0.999146,16424.9,0.534546,0.0718994,1,0,0,5.77526e+07,0.85437
0,4091.69,1.52168e+09,0.855591,0.27056,1.07797,0.927673,13920.2,0.535767,0.0562134,1,0,0,6.21107e+07,0.855408
0,4964.44,2.1885e+09,0.761353,0.344433,1.13565,0.880554,10685.3,0.519226,0.0547485,1,0,0,7.32477e+07,0.869446
0,5344.34,2.44471e+09,0.76062,0.34344,1.13604,0.880249,10030.8,0.505798,0.053833,1,0,0,7.94762e+07,0.880127
0,5869.06,2.83046e+09,0.6073,0.429685,1.24432,0.80365,3875.24,0.489319,0.00750732,1,0,0,8.29696e+07,0.803406
0,5329.44,2.19225e+09,0.6875,0.388448,1.18519,0.84375,3069.2,0.450562,0.000915527,1,0,0,7.68195e+07,0.803284
0,4890.47,1.39047e+09,0.833374,0.287445,1.09088,0.916687,3180.25,0.326904,0.000732422,1,0,0,7.45344e+07,0.875366
0,4582.28,8.55768e+08,0.925903,0.192337,1.03847,0.962952,3973.9,0.31488,0.000671387,1,0,0,7.25898e+07,0.922485
0,4096,0,1,0,1,1,0,0.308655,0,1,0,0,6.71089e+07,1
0,4159.75,6.65815e+07,0.999756,0.0110485,1.00012,0.999878,35142.4,0.416382,0.000183105,1,0,0,6.81452e+07,0.999878
0,2123.25,1.47735e+06,1,0,1,1,74916.8,0.565918,0,1,0,0,3.47873e+07,1
0,2129.09,4.42643e+06,1,0,1,1,95127.5,0.549377,0,1,0,0,3.48831e+07,1
0,2183.69,1.90589e+07,0.999695,0.0174699,1.00018,0.999817,96030.4,0.548584,0,1,0,0,3.57284e+07,0.999817
0,2267.69,5.48163e+07,0.999451,0.0475298,1.00043,0.999573,96919.5,0.547546,0,1,0,0,3.70391e+07,0.999573
0,2093.56,1.51661e+06,1,0,1,1,132678,0.547546,0,1,0,0,3.43009e+07,1
0,2124.06,6.84031e+07,0.999878,0.0078125,1.00006,0.999939,160406,0.562378,0,1,0,0,3.47965e+07,0.999939
0,9840.19,7.13986e+09,0.999023,0.0220971,1.00049,0.999512,163709,0.484558,0.000244141,1,0,0,1.61189e+08,0.999512
0,2226.91,1.32324e+06,1,0,1,1,12401.3,0.557007,0.0909424,1,0,0,3.64856e+07,0.778992
0,2267.34,6.81757e+07,1,0,1,1,16260.5,0.55011,0.0405884,1,0,0,3.71482e+07,0.864319
0,6480.06,4.17901e+09,0.902954,0.219993,1.051,0.951477,14906.2,0.546692,0.0154419,1,0,0,1.02913e+08,0.879883
0,4425.53,5.44622e+08,0.950439,0.157367,1.02541,0.97522,2586.5,0.320435,0.00274658,1,0,0,7.08449e+07,0.951477
0,4096,0,1,0,1,1,0,0.310059,0,1,0,0,6.71089e+07,1
0,4159.75,6.65815e+07,0.999878,0.0078125,1.00006,0.999939,38435.2,0.415344,0.000305176,1,0,0,6.81492e+07,0.999939
0,2111.88,1.50094e+06,1,0,1,1,72106.4,0.542053,0.00958252,1,0,0,3.4601e+07,1
0,2100,1.69806e+06,1,0,1,1,100218,0.544128,0,1,0,0,3.44064e+07,1
0,2084.84,1.52669e+06,1,0,1,1,136373,0.580933,0,1,0,0,3.41581e+07,1
0,2106.12,6.84266e+07,1,0,1,1,150089,0.576599,0,1,0,0,3.45068e+07,1
0,8508,6.65053e+09,1,0,1,1,150448,0.573486,0,1,0,0,1.39395e+08,1
0,9214.91,7.06793e+09,0.863403,0.260636,1.0733,0.931702,110295,0.562683,0.00482178,1,0,0,1.46397e+08,0.931702
0,9730.62,7.42043e+09,0.862671,0.261326,1.07373,0.931335,106625,0.549072,0.00482178,1,0,0,1.54822e+08,0.931335
0,10280,7.77175e+09,0.726929,0.364859,1.15813,0.863464,61500,0.547791,0.00482178,1,0,0,1.59269e+08,0.863464
0,11106.4,8.35255e+09,0.640503,0.413663,1.21914,0.820251,24450.7,0.53595,0.00482178,1,0,0,1.69905e+08,0.82019
0,11503,8.58033e+09,0.639648,0.414093,1.21977,0.819824,10358.3,0.520325,0.00482178,1,0,0,1.76374e+08,0.819763
0,5393.91,2.26099e+09,0.639893,0.41397,1.21959,0.819946,2838.53,0.523804,0.00482178,1,0,0,7.62906e+07,0.802917
0,4975.72,1.90354e+09,0.696167,0.38346,1.17913,0.848083,2864.42,0.532104,0.00469971,1,0,0,7.13272e+07,0.78949
0,5008.34,1.97023e+09,0.640381,0.413724,1.21923,0.82019,3048.76,0.534363,0.00354004,1,0,0,6.99899e+07,0.789368
0,5468.97,2.3274e+09,0.639648,0.414093,1.21977,0.819824,3017.07,0.522217,0.00152588,1,0,0,7.75122e+07,0.809204
0,4989.69,1.91809e+09,0.696777,0.383105,1.17871,0.848389,2856.67,0.536865,0,1,0,0,7.15766e+07,0.789307
0,5031.97,1.98473e+09,0.641113,0.413354,1.21868,0.820557,3040.93,0.5354,0,1,0,0,7.04015e+07,0.789124
0,5151.56,1.93202e+09,0.688599,0.387822,1.18441,0.844299,2698.31,0.455078,0,1,0,0,7.39543e+07,0.820557
0,4884.09,1.46412e+09,0.74646,0.352276,1.14517,0.87323,3018.27,0.374634,0,1,0,0,7.15136e+07,0.86377
0,4507.88,7.4676e+08,0.884521,0.239838,1.06128,0.942261,3362.96,0.33551,0,1,0,0,6.99822e+07,0.932007
0,4096,0,1,0,1,1,0,0.31897,0,1,0,0,6.71089e+07,1
0,4159.75,6.65815e+07,0.999756,0.0110485,1.00012,0.999878,41528.9,0.644531,0.000305176,1,0,0,6.81452e+07,0.999878
0,2125.62,2.80146e+06,1,0,1,1,82469.8,0.576294,0.0012207,1,0,0,3.48262e+07,1
0,2150.66,8.58116e+06,0.999634,0.0135316,1.00018,0.999817,84858.1,0.578308,0.000488281,1,0,0,3.51872e+07,0.999817
0,2214.28,1.89667e+07,0.999146,0.0563506,1.00061,0.99939,86867.7,0.577942,0.000305176,1,0,0,3.61149e+07,0.99939
0,2273,2.6817e+07,0.998535,0.103105,1.0011,0.998901,88101.7,0.578003,0.000183105,1,0,0,3.69582e+07,0.998901
0,2107.38,1.56902e+06,0.999634,0.0135316,1.00018,0.999817,103079,0.574768,0.000183105,1,0,0,3.45149e+07,0.999268
0,2143.38,1.26406e+07,0.999451,0.0206708,1.00031,0.999695,104977,0.574951,0.000366211,1,0,0,3.50966e+07,0.999207
0,2238.25,5.26186e+07,0.999207,0.0349437,1.00049,0.999512,106154,0.574524,0.000305176,1,0,0,3.65773e+07,0.999084
0,2331.78,8.43395e+07,0.999084,0.063966,1.00067,0.999329,107802,0.574646,0.000305176,1,0,0,3.8036e+07,0.999084
0,2358.94,9.0156e+07,0.999023,0.0716252,1.00073,0.999268,109639,0.571167,0.000366211,1,0,0,3.84522e+07,0.999084
0,2428.38,9.46427e+07,0.998413,0.103403,1.00116,0.99884,114407,0.536194,0.000549316,1,0,0,3.94875e+07,0.998657
0,2602.66,1.47927e+08,0.998047,0.149772,1.00153,0.998474,115893,0.499573,0.000671387,1,0,0,4.22446e+07,0.998291
0,2640.44,1.48454e+08,0.99762,0.188805,1.0019,0.998108,117067,0.481812,0.000732422,1,0,0,4.27653e+07,0.997925
0,2740.22,1.5858e+08,0.996948,0.243604,1.00245,0.997559,120567,0.43689,0.000671387,1,0,0,4.42404e+07,0.997314
0,2784.59,1.95675e+08,0.99707,0.243472,1.00239,0.99762,121082,0.407593,0.000732422,1,0,0,4.49838e+07,0.997375
0,2791.59,1.97724e+08,0.997498,0.219804,1.00208,0.997925,123318,0.363281,0.000671387,1,0,0,4.51804e+07,0.99762
0,2902.09,2.47545e+08,0.997498,0.20437,1.00202,0.997986,124247,0.336426,0.00115967,1,0,0,4.70318e+07,0.997742
0,2911.41,2.47612e+08,0.997864,0.188471,1.00177,0.99823,125714,0.326843,0.0010376,1,0,0,4.72376e+07,0.997986
0,3003.44,2.62509e+08,0.99707,0.243472,1.00239,0.99762,126100,0.327087,0.0012207,1,0,0,4.86185e+07,0.997375
0,2973.19,2.55159e+08,0.997009,0.235813,1.00239,0.99762,126681,0.327515,0.00115967,1,0,0,4.81352e+07,0.997375
0,3032.81,2.63835e+08,0.997131,0.235676,1.00232,0.997681,127752,0.328796,0.00109863,1,0,0,4.91284e+07,0.997437
0,3006.22,2.44328e+08,0.997009,0.274781,1.00257,0.997437,128698,0.330566,0.0012207,1,0,0,4.86272e+07,0.99707
0,2755.06,7.9183e+07,0.997498,0.266261,1.00226,0.997742,131697,0.332153,0.000427246,1,0,0,4.4545e+07,0.997314
0,2378.81,1.85421e+06,1,0,1,1,140547,0.324158,0.000915527,1,0,0,3.89745e+07,0.999756
0,2394.5,2.91322e+06,0.999878,0.0078125,1.00006,0.999939,141803,0.324036,0.000976562,1,0,0,3.92151e+07,0.999695
0,2432.16,9.82758e+06,0.999878,0.0078125,1.00006,0.999939,142717,0.323181,0.000915527,1,0,0,3.98321e+07,0.999695
0,2504.47,3.79163e+07,0.999573,0.0322152,1.00031,0.999695,144870,0.322449,0.000244141,1,0,0,4.09513e+07,0.999573
0,2553.5,5.38457e+07,0.999329,0.0630013,1.00055,0.999451,146626,0.320862,0.000366211,1,0,0,4.16891e+07,0.999329
0,2633.97,8.17172e+07,0.998901,0.0870293,1.00086,0.999146,148014,0.318481,0.000427246,1,0,0,4.29256e+07,0.999023
0,2657.28,8.2768e+07,0.998657,0.102805,1.00104,0.998962,149386,0.317749,0.000549316,1,0,0,4.32584e+07,0.99884
0,2736.53,1.08384e+08,0.997375,0.137899,1.00202,0.997986,151279,0.317993,0.000610352,1,0,0,4.43448e+07,0.997864
0,2968.69,1.38972e+08,0.97229,0.407922,1.02272,0.977783,143440,0.309204,0.00164795,1,0,0,4.47427e+07,0.977661
0,3158.03,1.58512e+08,0.959045,0.499561,1.03389,0.967224,142307,0.30365,0.00195312,1,0,0,4.62438e+07,0.966858
0,3295.47,1.80812e+08,0.958923,0.499636,1.03395,0.967163,144762,0.301453,0.00195312,1,0,0,4.83308e+07,0.966797
0,3486.09,2.32519e+08,0.958618,0.506333,1.03421,0.966919,147689,0.298218,0.00195312,1,0,0,5.13884e+07,0.966553
0,3556.91,2.42108e+08,0.959106,0.497133,1.03376,0.967346,149869,0.299194,0.00189209,1,0,0,5.28558e+07,0.966797
0,3650,2.6796e+08,0.95813,0.503452,1.03454,0.966614,150315,0.297424,0.00201416,1,0,0,5.43073e+07,0.966064
0,3989.56,3.45355e+08,0.946045,0.537711,1.04397,0.957886,150399,0.289062,0.00396729,1,0,0,5.82548e+07,0.957336
0,4611.78,5.48207e+08,0.946289,0.530316,1.04363,0.958191,155311,0.286743,0.00415039,1,0,0,6.85394e+07,0.957275
0,4688.28,6.04845e+08,0.946655,0.528201,1.04323,0.958557,156651,0.284912,0.00421143,1,0,0,6.98906e+07,0.957214
0,4731.03,6.2415e+08,0.947266,0.527216,1.04277,0.958984,158332,0.285461,0.00408936,1,0,0,7.06831e+07,0.957153
0,4686,6.04054e+08,0.947815,0.518189,1.04231,0.959412,159766,0.282104,0.00415039,1,0,0,7.06099e+07,0.957092
0,2918.88,2.40564e+08,0.997864,0.0827244,1.00134,0.998657,168875,0.314026,0.00146484,1,0,0,4.75889e+07,0.997681
0,9170.94,6.69461e+09,0.998962,0.03665,1.00061,0.99939,168594,0.271667,0.0010376,1,0,0,1.50146e+08,0.998291
0,10051.3,6.66629e+09,0.997925,0.0366475,1.0011,0.998901,177187,0.399475,0.00177002,1,0,0,1.64584e+08,0.997803
0,4171.91,1.90735e+07,0.999146,0.0206699,1.00043,0.999573,627576,0.442078,0.000915527,1,0,0,6.82993e+07,0.998779
0,4159.75,6.65815e+07,0.999878,0.0078125,1.00006,0.999939,28400.2,0.415527,0.000305176,1,0,0,6.81492e+07,0.999939
0,1719.75,856892,1,0,1,1,67125.9,0.813538,0.046936,1,0,0,2.81764e+07,1
0,2111.66,2.81804e+06,1,0,1,1,91241.9,0.557251,0,1,0,0,3.45974e+07,1
0,2210.34,8.51511e+07,0.999695,0.0174699,1.00018,0.999817,92651.3,0.554565,0,1,0,0,3.61651e+07,0.999817
0,2226.19,8.84452e+07,0.999695,0.0174699,1.00018,0.999817,93629.6,0.553711,0,1,0,0,3.64247e+07,0.999817
0,2339.22,1.61167e+08,0.99939,0.0406014,1.00043,0.999573,95260.4,0.552185,6.10352e-05,1,0,0,3.82111e+07,0.999573
0,2351.5,1.62384e+08,0.999268,0.0413471,1.00049,0.999512,96761.7,0.549561,6.10352e-05,1,0,0,3.84082e+07,0.999512
0,2371.84,1.65584e+08,0.999084,0.0494219,1.00061,0.99939,98695,0.545837,0.00012207,1,0,0,3.8721e+07,0.99939
0,2070.69,1.54605e+06,1,0,1,1,131967,0.575623,6.10352e-05,1,0,0,3.39261e+07,1
0,2110.78,6.84201e+07,1,0,1,1,138268,0.57251,6.10352e-05,1,0,0,3.4583e+07,1
0,8739.25,6.73133e+09,0.999268,0.0191366,1.00037,0.999634,138722,0.556213,0.000183105,1,0,0,1.43159e+08,0.999634
0,9479,7.20899e+09,0.821289,0.297481,1.09812,0.910645,89152.2,0.541687,0.0233765,1,0,0,1.49307e+08,0.910645
0,10164.8,7.68656e+09,0.820679,0.297978,1.09849,0.910339,82847.2,0.521118,0.0233765,1,0,0,1.60523e+08,0.910339
0,10735.7,8.10265e+09,0.745605,0.35284,1.14573,0.872803,59897.1,0.506714,0.024353,1,0,0,1.67357e+08,0.872803
0,10915.2,8.18056e+09,0.696838,0.383293,1.17871,0.848389,43908.6,0.503601,0.0247803,1,0,0,1.68635e+08,0.848389
0,11002.4,8.18683e+09,0.646362,0.411287,1.21489,0.82312,27341.4,0.497559,0.0258789,1,0,0,1.68344e+08,0.82312
0,11786,8.72862e+09,0.641235,0.415211,1.21878,0.820496,8090.24,0.47699,0.0258789,1,0,0,1.80982e+08,0.820496
0,5241.81,2.12258e+09,0.631348,0.420132,1.22616,0.815552,6001.68,0.477234,0.00958252,1,0,0,7.343e+07,0.787964
0,5891.16,2.62311e+09,0.630371,0.42061,1.2269,0.815063,6151.33,0.463135,0.00732422,1,0,0,8.40361e+07,0.814331
0,5131.66,2.06494e+09,0.629028,0.419365,1.22773,0.814514,4155.76,0.48877,0.00921631,1,0,0,7.1617e+07,0.787842
0,5734.56,2.56581e+09,0.62854,0.419603,1.22809,0.81427,4335.82,0.479675,0.00830078,1,0,0,8.14787e+07,0.80719
0,4954.81,1.93726e+09,0.686768,0.388864,1.1857,0.843384,3791.39,0.504089,0.00622559,1,0,0,7.06693e+07,0.782532
0,5407.84,2.29634e+09,0.686157,0.389211,1.18613,0.843079,3802.54,0.493713,0.00567627,1,0,0,7.80713e+07,0.804138
0,4725.78,1.704e+09,0.720093,0.369117,1.16273,0.860046,3412.52,0.512207,0.00793457,1,0,0,6.80351e+07,0.777649
0,5234.75,2.11477e+09,0.71936,0.369569,1.16322,0.85968,3520.51,0.499084,0.00726318,1,0,0,7.63494e+07,0.799072
0,5101.03,2.02414e+09,0.659058,0.404069,1.2055,0.829529,3079.81,0.518799,0.0136108,1,0,0,7.21352e+07,0.786072
0,5428.5,2.33903e+09,0.61438,0.426391,1.23887,0.80719,3813.87,0.516235,0.0131226,1,0,0,7.60013e+07,0.793518
0,5344.22,2.17625e+09,0.694336,0.384523,1.1804,0.847168,3813.54,0.470154,0.0129395,1,0,0,7.73033e+07,0.807068
0,4870.34,1.35262e+09,0.834473,0.286513,1.09023,0.917236,4383.28,0.358948,0.00787354,1,0,0,7.42415e+07,0.881104
0,4396.97,5.2855e+08,0.988159,0.0769428,1.00596,0.99408,5127.31,0.315796,0.000183105,1,0,0,7.16426e+07,0.954956
0,4096,0,1,0,1,1,0,0.30896,0,1,0,0,6.71089e+07,1
0,4159.75,6.65815e+07,0.999878,0.0078125,1.00006,0.999939,39916.8,0.420471,0.000305176,1,0,0,6.81492e+07,0.999939
0,2116.59,1.49701e+06,1,0,1,1,73724.1,0.558105,0.0219116,1,0,0,3.46783e+07,1
0,2122.16,1.73612e+06,1,0,1,1,80060.7,0.547363,0.012085,1,0,0,3.47694e+07,1
0,2225.19,7.37606e+07,0.999878,0.0078125,1.00006,0.999939,81374.8,0.541443,0.00939941,1,0,0,3.64411e+07,0.999939
0,2091.09,1.52661e+06,1,0,1,1,116584,0.579712,0,1,0,0,3.42605e+07,1
0,2059.09,1.56053e+06,1,0,1,1,153217,0.5802,0,1,0,0,3.37362e+07,1
0,2112.06,6.84174e+07,1,0,1,1,155720,0.578186,0,1,0,0,3.4604e+07,1
0,9084.03,6.97744e+09,0.999268,0.0191366,1.00037,0.999634,157339,0.549377,0,1,0,0,1.48808e+08,0.999634
0,10273,7.75862e+09,0.728394,0.363936,1.15714,0.864197,66468.4,0.501038,0.0447998,1,0,0,1.59199e+08,0.864197
0,11558,8.80355e+09,0.634766,0.416536,1.22342,0.817383,24669.9,0.481201,0.045166,1,0,0,1.77112e+08,0.817383
0,5414.66,2.46128e+09,0.765747,0.339212,1.13267,0.882874,4641.97,0.485413,0.0499268,1,0,0,8.08535e+07,0.770691
0,5196.44,1.88806e+09,0.812378,0.30464,1.10352,0.906189,8233.71,0.343567,0.022583,1,0,0,7.88429e+07,0.843628
0,5490.5,1.95176e+09,0.812378,0.30464,1.10352,0.906189,11424,0.334106,0.00640869,1,0,0,8.36608e+07,0.89093
0,4824.31,1.15706e+09,0.858459,0.265558,1.0762,0.929199,11944.4,0.329224,0.00512695,1,0,0,7.4241e+07,0.906006
0,4774.06,9.01012e+08,0.905334,0.219262,1.04979,0.952576,26472.8,0.312439,0.00512695,1,0,0,7.49496e+07,0.943909
0,4581.28,6.37099e+08,0.955505,0.151909,1.02285,0.977661,27398.7,0.309448,0.00476074,1,0,0,7.34746e+07,0.952576
0,4442.94,3.74281e+08,0.998657,0.0448902,1.00079,0.999207,59704.2,0.301208,0.0022583,1,0,0,7.26415e+07,0.975403
0,4325.97,1.07904e+08,0.998779,0.0724761,1.00086,0.999146,969397,0.302307,0,1,0,0,7.06596e+07,0.999146
0,4332.72,1.08647e+08,0.998779,0.0724761,1.00086,0.999146,1.08409e+06,0.338379,0,1,0,0,7.07702e+07,0.999146
0,4407.53,1.49967e+08,0.998596,0.0954076,1.00104,0.998962,979289,0.350708,0,1,0,0,7.19468e+07,0.998962
0,4430.53,1.58073e+08,0.998596,0.0954076,1.00104,0.998962,1.08097e+06,0.403809,0,1,0,0,7.23236e+07,0.998962
0,4400.53,1.37582e+08,0.998535,0.103105,1.0011,0.998901,827327,0.414795,0,1,0,0,7.18034e+07,0.998779
0,4400.53,1.37582e+08,0.998535,0.103105,1.0011,0.998901,799402,0.414673,6.10352e-05,1,0,0,7.18034e+07,0.998779
0,4416.81,1.39031e+08,0.998413,0.103403,1.00116,0.99884,773126,0.414368,0.00012207,1,0,0,7.2066e+07,0.998718
0,4350.88,7.41325e+07,0.998596,0.0954076,1.00104,0.998962,828244,0.414734,0.00012207,1,0,0,7.10185e+07,0.99884
0,4384.72,8.42837e+07,0.998413,0.118549,1.00122,0.998779,748213,0.414551,0.00012207,1,0,0,7.15238e+07,0.998657
0,4350.06,7.6761e+07,0.998657,0.102805,1.00104,0.998962,828341,0.415161,0.00012207,1,0,0,7.10052e+07,0.99884
0,4337.91,7.27483e+07,0.998596,0.110541,1.0011,0.998901,589933,0.415222,0.00012207,1,0,0,7.07773e+07,0.998718
0,4310.69,6.76016e+07,0.998657,0.102805,1.00104,0.998962,677805,0.415649,0.000183105,1,0,0,7.03478e+07,0.998779
0,4272.41,6.35656e+07,0.999023,0.0716252,1.00073,0.999268,695028,0.415771,0.000183105,1,0,0,6.98025e+07,0.999084
0,4283.16,6.40113e+07,0.998962,0.0793157,1.00079,0.999207,580542,0.415405,0.000183105,1,0,0,6.99622e+07,0.999084
0,4313.97,7.01797e+07,0.998718,0.0950846,1.00098,0.999023,508014,0.415466,0.000183105,1,0,0,7.04179e+07,0.998901
0,4232.41,2.81009e+07,0.998901,0.0720519,1.00079,0.999207,588896,0.421448,0.000183105,1,0,0,6.91308e+07,0.999084
0,4298.12,9.42237e+07,0.998901,0.0720519,1.00079,0.999207,569380,0.443237,0.000183105,1,0,0,7.02075e+07,0.999084
0,4260.5,8.44632e+07,0.999146,0.0563506,1.00061,0.99939,460591,0.464783,0.000183105,1,0,0,6.96402e+07,0.999268
0,4210.16,7.28744e+07,0.999207,0.0349437,1.00049,0.999512,533586,0.464844,0.000244141,1,0,0,6.88727e+07,0.999451
0,4165.25,6.62117e+07,0.999756,0.0110485,1.00012,0.999878,451561,0.528442,0.000366211,1,0,0,6.82353e+07,0.999695
0,2129.59,1.53813e+06,1,0,1,1,65708.9,0.524475,0.065979,1,0,0,3.48913e+07,1
0,2182.88,1.41135e+07,0.999756,0.0234389,1.00018,0.999817,66756.8,0.52356,0.0493164,1,0,0,3.57151e+07,0.999817
0,2236.97,5.50072e+07,0.999695,0.0312529,1.00024,0.999756,67706.2,0.523865,0.0368042,1,0,0,3.6585e+07,0.999756
0,2309.31,8.64047e+07,0.999512,0.0546975,1.00043,0.999573,68568.6,0.525696,0.0276489,1,0,0,3.77211e+07,0.999573
0,2364.56,1.10175e+08,0.999451,0.0625134,1.00049,0.999512,71142.3,0.527283,0.0213623,1,0,0,3.86099e+07,0.999512
0,2387.16,1.13329e+08,0.99939,0.0703297,1.00055,0.999451,72858,0.530212,0.0124512,1,0,0,3.89637e+07,0.999451
0,2489.84,1.59247e+08,0.999268,0.0859637,1.00067,0.999329,73949.1,0.531433,0.00897217,1,0,0,4.06134e+07,0.999329
0,2493.28,1.5933e+08,0.999268,0.0859637,1.00067,0.999329,75184.4,0.532776,0.00695801,1,0,0,4.06697e+07,0.999329
0,2596.19,2.2595e+08,0.999084,0.094109,1.00079,0.999207,76512.8,0.535889,0.00524902,1,0,0,4.23229e+07,0.999207
0,2613.34,2.29583e+08,0.999023,0.101902,1.00086,0.999146,78555.5,0.536804,0.00445557,1,0,0,4.25876e+07,0.999146
0,2591.88,2.19542e+08,0.99884,0.0947605,1.00092,0.999084,80383,0.540894,0.00341797,1,0,0,4.22441e+07,0.999023
0,2541.41,1.79103e+08,0.999207,0.0785381,1.00067,0.999329,81516.6,0.541443,0.00299072,1,0,0,4.14582e+07,0.999146
0,2504.41,1.53829e+08,0.999207,0.0785381,1.00067,0.999329,82577.8,0.543579,0.00268555,1,0,0,4.0852e+07,0.999146
0,2453.97,1.27179e+08,0.998962,0.0793157,1.00079,0.999207,82957,0.541992,0.00219727,1,0,0,4.00087e+07,0.999023
0,2359.75,8.13021e+07,0.998779,0.0724761,1.00086,0.999146,86522.5,0.542603,0.00189209,1,0,0,3.84732e+07,0.998962
0,2110.06,1.53807e+06,1,0,1,1,104625,0.532471,0,1,0,0,3.45713e+07,1
0,2141.22,4.65363e+06,0.999878,0.0078125,1.00006,0.999939,106747,0.536499,0.000183105,1,0,0,3.50653e+07,0.999939
0,2156.88,6.60165e+06,0.999573,0.0191374,1.00024,0.999756,108081,0.539917,0.000183105,1,0,0,3.52727e+07,0.999756
0,2196.66,1.30212e+07,0.998962,0.064443,1.00073,0.999268,112626,0.539673,0.000366211,1,0,0,3.57934e+07,0.999268
0,2262.84,4.57093e+07,0.998718,0.0800857,1.00092,0.999084,113302,0.537964,0.000366211,1,0,0,3.68287e+07,0.999084
0,2283.31,5.1961e+07,0.998718,0.0800857,1.00092,0.999084,115003,0.534851,0.000488281,1,0,0,3.7164e+07,0.999084
0,2321.75,7.04775e+07,0.998474,0.0957295,1.0011,0.998901,117136,0.53418,0.000610352,1,0,0,3.77446e+07,0.998901
0,2410.91,1.13897e+08,0.998352,0.111098,1.00122,0.998779,119091,0.532776,0.000610352,1,0,0,3.91849e+07,0.998718
0,2488.91,1.80594e+08,0.998169,0.134271,1.00141,0.998596,120222,0.53125,0.000610352,1,0,0,4.04137e+07,0.998535
0,2488,1.80566e+08,0.998352,0.126289,1.00128,0.998718,122228,0.531128,0.000671387,1,0,0,4.04316e+07,0.998657
0,2648.38,2.84447e+08,0.998596,0.125798,1.00116,0.99884,125743,0.532227,0.000610352,1,0,0,4.3092e+07,0.998779
0,2723,2.92656e+08,0.997498,0.158325,1.00183,0.998169,128233,0.519226,0.00128174,1,0,0,4.41958e+07,0.998108
0,2283.31,1.78802e+06,1,0,1,1,157827,0.345215,0,1,0,0,3.74098e+07,1
0,9158.5,7.01015e+09,0.999146,0.0206699,1.00043,0.999573,158537,0.369446,0,1,0,0,1.50024e+08,0.999573
0,9682.81,7.40513e+09,0.858154,0.265536,1.07634,0.929077,126649,0.407104,0.00762939,1,0,0,1.53884e+08,0.929077
0,10212.2,7.79944e+09,0.857422,0.266212,1.07676,0.928711,123345,0.41687,0.00762939,1,0,0,1.62532e+08,0.928711
0,10749.4,8.19295e+09,0.717285,0.370845,1.16463,0.858643,71434.5,0.448975,0.00762939,1,0,0,1.66632e+08,0.858643
0,17253.9,1.37714e+10,0.607666,0.429516,1.24404,0.803833,891462,0.428833,0.0100098,1,0,0,2.68532e+08,0.790466
0,17310.8,1.38229e+10,0.69812,0.382322,1.17777,0.84906,891260,0.428406,0.0100098,1,0,0,2.72499e+08,0.790405
0,16291.3,1.27122e+10,0.658813,0.404198,1.20568,0.829407,863961,0.475403,0.00238037,1,0,0,2.54478e+08,0.78363
0,3721.91,3.13763e+08,0.596069,0.434775,1.25308,0.798035,4203.84,0.497375,6.10352e-05,1,0,0,4.7426e+07,0.79541
0,3902.44,4.93114e+08,0.682129,0.391484,1.18897,0.841064,4209.05,0.501587,0.00012207,1,0,0,5.32716e+07,0.79541
0,3626.56,2.47409e+08,0.674805,0.39556,1.19417,0.837402,6046.34,0.492249,0.000244141,1,0,0,4.85059e+07,0.778137
0,3803.69,4.47187e+08,0.683594,0.39066,1.18794,0.841797,8342.54,0.501709,0.000793457,1,0,0,5.17028e+07,0.780762
0,3740.84,3.80488e+08,0.779297,0.329627,1.12404,0.889648,6461.73,0.512695,0.00177002,1,0,0,5.38844e+07,0.782104
0,3847.53,4.22522e+08,0.735718,0.359939,1.15234,0.867798,8091.58,0.507141,0.00256348,1,0,0,5.41189e+07,0.782166
0,4258.19,4.95518e+08,0.69104,0.583561,1.19661,0.835693,8878.38,0.489441,0.00286865,1,0,0,5.40892e+07,0.765991
0,4438.88,5.21292e+08,0.659607,0.629439,1.22223,0.818176,14368.7,0.480408,0.00341797,1,0,0,5.5531e+07,0.764648
0,5622.12,1.1306e+09,0.64801,0.695997,1.23244,0.811401,23219.4,0.458008,0.00341797,1,0,0,7.36251e+07,0.807129
0,5549.78,9.11901e+08,0.715942,0.696767,1.18561,0.843445,22915,0.447144,0.00335693,1,0,0,7.44146e+07,0.795044
0,6420.22,1.34503e+09,0.810486,0.679203,1.12342,0.890137,28936.4,0.445251,0.00335693,1,0,0,9.17228e+07,0.780457
0,6507.5,1.41748e+09,0.86908,0.649479,1.08763,0.919434,27941.4,0.457703,0.00335693,1,0,0,9.51188e+07,0.764465
0,6530.38,1.45141e+09,0.817505,0.689314,1.11913,0.893555,30348.1,0.451843,0.00341797,1,0,0,9.37201e+07,0.764648
0,6496.53,1.47633e+09,0.63678,0.768004,1.24498,0.803223,30122.1,0.457458,0.00213623,1,0,0,8.71158e+07,0.764099
0,6832.22,1.78111e+09,0.636597,0.703617,1.23896,0.807129,241791,0.457153,0.00158691,1,0,0,9.40534e+07,0.78595
0,6446.88,1.69918e+09,0.625366,0.573208,1.23569,0.809265,253631,0.47229,0.00109863,1,0,0,9.14227e+07,0.797791
0,5556.56,1.1841e+09,0.607727,0.47541,1.24811,0.801208,242429,0.479492,0.000427246,1,0,0,7.61231e+07,0.793518
0,5475.94,1.21976e+09,0.72168,0.415305,1.16521,0.858215,232047,0.484131,0.000244141,1,0,0,7.86749e+07,0.783691
0,4094.53,6.20736e+08,0.788452,0.325232,1.11844,0.894104,210980,0.512817,0.000244141,1,0,0,5.87126e+07,0.767212
0,4264.09,6.8694e+08,0.788513,0.323157,1.11829,0.894226,856914,0.507812,0.000427246,1,0,0,6.15357e+07,0.783203
0,4387.62,6.59231e+08,0.774414,0.333121,1.12713,0.887207,1.30461e+06,0.491516,0.000427246,1,0,0,6.29494e+07,0.7995
0,4409.03,6.60367e+08,0.737427,0.358173,1.15113,0.868713,1.30409e+06,0.486755,0.000549316,1,0,0,6.17518e+07,0.7995
0,4430.72,6.61755e+08,0.700195,0.381105,1.17634,0.850098,1.30357e+06,0.481506,0.000671387,1,0,0,6.04892e+07,0.799438
0,4457.34,6.63304e+08,0.664429,0.401205,1.20161,0.832214,1.30357e+06,0.475647,0.000732422,1,0,0,5.92993e+07,0.799438
0,4480.72,6.64668e+08,0.625366,0.421148,1.23049,0.812683,1.30438e+06,0.471069,0.000854492,1,0,0,5.80029e+07,0.799683
0,4056.22,2.8663e+08,0.648804,0.409428,1.213,0.824402,1.15689e+06,0.472168,0.000854492,1,0,0,5.22399e+07,0.790527
0,3776.53,3.38434e+08,0.676392,0.394683,1.19304,0.838196,6391.05,0.503113,0.0012207,1,0,0,5.10162e+07,0.780518
0,3834,4.61907e+08,0.685547,0.389557,1.18656,0.842773,7168.1,0.517883,0.00402832,1,0,0,5.2265e+07,0.779236
0,3972.25,4.01208e+08,0.678406,0.393784,1.19165,0.839172,7757.81,0.493835,0.00360107,1,0,0,5.42638e+07,0.825256
0,3974.22,4.34495e+08,0.791138,0.323251,1.11676,0.895447,8736.16,0.504333,0.00360107,1,0,0,5.80357e+07,0.805237
0,3897.59,4.34718e+08,0.874023,0.253233,1.06736,0.93689,9644.84,0.522888,0.00372314,1,0,0,5.95615e+07,0.783264
0,3980.19,4.54183e+08,0.804749,0.330425,1.10868,0.901978,12524.2,0.518738,0.00384521,1,0,0,5.84612e+07,0.78363
0,4065.31,5.22178e+08,0.684326,0.415268,1.18811,0.841675,13299.5,0.517029,0.00189209,1,0,0,5.57599e+07,0.78363
0,4065.81,5.13412e+08,0.665222,0.417509,1.20161,0.832214,12967.2,0.507874,0.000427246,1,0,0,5.517e+07,0.787415
0,4128.34,5.79832e+08,0.739075,0.375065,1.15056,0.869141,11715.1,0.507996,0.000305176,1,0,0,5.86726e+07,0.787415
0,3985.12,5.92369e+08,0.682129,0.391484,1.18897,0.841064,7978.67,0.519531,0.000671387,1,0,0,5.46263e+07,0.783508
0,3769.81,3.30536e+08,0.64209,0.41286,1.21796,0.821045,6149.7,0.522095,0.000671387,1,0,0,4.97551e+07,0.790161
0,3960.16,5.28501e+08,0.732666,0.361227,1.15429,0.866333,6191.32,0.522095,0.000671387,1,0,0,5.5913e+07,0.790161
0,3763.66,3.32648e+08,0.641968,0.412922,1.21805,0.820984,4423.75,0.517517,6.10352e-05,1,0,0,4.96502e+07,0.790405
0,3952.19,5.28437e+08,0.757568,0.344833,1.13794,0.878784,4453.16,0.524902,6.10352e-05,1,0,0,5.6618e+07,0.790405
0,3749.59,3.3042e+08,0.671875,0.397169,1.19626,0.835938,4419.35,0.498108,0,1,0,0,5.04233e+07,0.778076
0,3938.88,5.26223e+08,0.765259,0.339551,1.13298,0.882629,4462.9,0.502014,0,1,0,0,5.66579e+07,0.778015
0,3740.12,3.30451e+08,0.666504,0.400088,1.20012,0.833252,6558.52,0.459045,0.00012207,1,0,0,5.00879e+07,0.779663
0,3852.75,4.67781e+08,0.682861,0.391073,1.18845,0.841431,7336.49,0.48877,0.00488281,1,0,0,5.2482e+07,0.780762
0,3897.94,4.67804e+08,0.643433,0.412179,1.21697,0.821716,5583.86,0.500854,0.00488281,1,0,0,5.18994e+07,0.789368
0,3960.16,5.3125e+08,0.745728,0.352759,1.14565,0.872864,5639.36,0.500854,0.00488281,1,0,0,5.63512e+07,0.789368
0,3975.72,5.97735e+08,0.692749,0.38544,1.18151,0.846375,5276.23,0.506836,0.00415039,1,0,0,5.48285e+07,0.781311
0,3911.66,4.46306e+08,0.594116,0.435644,1.25461,0.797058,4395.95,0.479248,0,1,0,0,5.04694e+07,0.796082
0,3973.53,4.99886e+08,0.694702,0.384311,1.18015,0.847351,4282.68,0.478943,0,1,0,0,5.48582e+07,0.796936
0,3745.59,3.18309e+08,0.687134,0.388656,1.18544,0.843567,6165.24,0.446594,0,1,0,0,5.08698e+07,0.782837
0,3873.78,4.61352e+08,0.6875,0.388448,1.18519,0.84375,7187.38,0.437988,0.000610352,1,0,0,5.29823e+07,0.783569
0,3882.06,4.61384e+08,0.687866,0.388239,1.18493,0.843933,7180.02,0.459961,0.00402832,1,0,0,5.31302e+07,0.782898
0,3884.59,4.61333e+08,0.688232,0.38803,1.18467,0.844116,7307.35,0.474792,0.00195312,1,0,0,5.3184e+07,0.782837
0,4246.66,8.0162e+08,0.662842,0.402055,1.20276,0.831421,9199.47,0.46875,0.0012207,1,0,0,5.82641e+07,0.786743
0,4293.41,8.16392e+08,0.640747,0.413539,1.21896,0.820374,9461.07,0.466858,0.000976562,1,0,0,5.82886e+07,0.791931
0,4319.75,8.30323e+08,0.615112,0.426046,1.2383,0.807556,9224.23,0.460693,0.000793457,1,0,0,5.78601e+07,0.796326
0,3947.06,4.43424e+08,0.68335,0.390798,1.18811,0.841675,9038.46,0.457153,0.000305176,1,0,0,5.40436e+07,0.796814
0,3793.22,7.39529e+08,0.723999,0.366693,1.16009,0.862,8465.1,0.47168,0.000305176,1,0,0,5.2887e+07,0.780518
0,4321.94,1.00836e+09,0.721924,0.367984,1.16149,0.860962,10868.1,0.462402,0,1,0,0,6.14799e+07,0.837402
0,3602.41,9.03605e+08,0.610718,0.428103,1.24168,0.805359,9693.88,0.530457,0,1,0,0,4.59597e+07,0.797058
0,3924.28,1.24495e+09,0.660522,0.403292,1.20444,0.830261,8419.78,0.527832,0,1,0,0,5.29044e+07,0.791016
0,3922.38,1.25692e+09,0.794434,0.318488,1.11456,0.897217,8498.63,0.527161,0,1,0,0,5.73665e+07,0.784607
0,3518.88,7.06699e+08,0.956421,0.147576,1.02227,0.97821,14609.5,0.51947,0,1,0,0,5.6191e+07,0.803162
0,3346.03,6.98113e+08,0.598633,0.433628,1.25107,0.799316,13681.1,0.525757,0,1,0,0,4.13537e+07,0.798462
0,3945.12,1.30205e+09,0.676758,0.39448,1.19278,0.838379,15524.6,0.525513,0,1,0,0,5.37907e+07,0.796265
0,4008.88,1.36865e+09,0.820435,0.298176,1.09864,0.910217,10009.8,0.520142,0,1,0,0,5.96562e+07,0.795898
0,3464.94,9.87517e+08,0.796875,0.316646,1.11304,0.898438,8980.39,0.541321,0,1,0,0,4.99538e+07,0.77063
0,4249.03,1.56497e+09,0.765015,0.339721,1.13314,0.882507,10067,0.531067,0,1,0,0,6.17313e+07,0.771545
0,4374.44,1.57896e+09,0.730347,0.362701,1.15584,0.865173,10309.7,0.525757,0,1,0,0,6.26227e+07,0.771729
0,5107.34,1.65494e+09,0.708618,0.376103,1.17054,0.854309,10674.5,0.474182,0,1,0,0,7.39016e+07,0.854309
0,2266,6.80847e+07,1,0,1,1,11809.5,0.542053,0.0724487,1,0,0,3.71261e+07,0.769592
0,3268.41,4.21166e+08,0.974365,0.113204,1.01298,0.987183,12021.4,0.539246,0.0599976,1,0,0,5.26894e+07,0.774475
0,3972.72,4.9376e+08,0.957153,0.146332,1.02189,0.978577,14516.7,0.510986,0.020813,1,0,0,6.36513e+07,0.852844
0,2251.16,6.80682e+07,1,0,1,1,11525.9,0.55188,0.0397949,1,0,0,3.68829e+07,0.771484
0,3599.03,1.27002e+09,0.998413,0.0281684,1.00079,0.999207,13596.2,0.541748,0.0385742,1,0,0,5.89133e+07,0.790161
0,3675.25,1.43722e+09,0.870483,0.253866,1.06924,0.935242,12166.5,0.538635,0.0306396,1,0,0,5.58694e+07,0.790405
0,4003.84,1.60356e+09,0.869629,0.254693,1.06973,0.934814,12459,0.532471,0.0284424,1,0,0,6.12244e+07,0.81073
0,4094.75,1.78369e+09,0.723999,0.366693,1.16009,0.862,9424.79,0.523865,0.0214844,1,0,0,5.78273e+07,0.806641
0,5533.59,2.72003e+09,0.717651,0.370621,1.16438,0.858826,10998.5,0.499329,0.0126343,1,0,0,8.11884e+07,0.845154
0,4039.91,1.54063e+09,0.625977,0.420852,1.23003,0.812988,6992.09,0.520935,0,1,0,0,5.36397e+07,0.790222
0,4383.06,1.84198e+09,0.718384,0.370171,1.16388,0.859192,7456.27,0.513367,0,1,0,0,6.23626e+07,0.787781
0,4614.28,1.93294e+09,0.604492,0.430973,1.2465,0.802246,7644.54,0.511169,0,1,0,0,6.23293e+07,0.796631
0,3662.41,1.13209e+09,0.653809,0.40683,1.20933,0.826904,5172.44,0.521423,0,1,0,0,4.83886e+07,0.804077
0,3278.09,9.95909e+08,0.759399,0.343585,1.13675,0.8797,4748.92,0.53595,0,1,0,0,4.56351e+07,0.776917
0,4177.75,1.45669e+09,0.740845,0.355958,1.14887,0.870422,8000.76,0.50415,0,1,0,0,5.97524e+07,0.805908
0,4431.84,1.66728e+09,0.697388,0.382749,1.17828,0.848694,7585.3,0.502014,0,1,0,0,6.24573e+07,0.806458
0,4110.12,1.33378e+09,0.634338,0.416957,1.22378,0.817139,7760.45,0.505005,0,1,0,0,5.50195e+07,0.799927
0,3871.66,1.1481e+09,0.684448,0.390804,1.18742,0.842163,7655.88,0.50824,0,1,0,0,5.27795e+07,0.789368
0,4295.47,1.26081e+09,0.654541,0.407055,1.20888,0.827209,10392,0.505127,0,1,0,0,5.87197e+07,0.794128
0,4370.69,1.06107e+09,0.713074,0.374669,1.16762,0.856445,13145.5,0.49469,6.10352e-05,1,0,0,6.18895e+07,0.823242
0,4607.97,9.79717e+08,0.762512,0.34279,1.13486,0.881165,16041.6,0.473328,6.10352e-05,1,0,0,6.7436e+07,0.859924
0,4808.06,1.34274e+09,0.728394,0.368218,1.15739,0.864014,16121.5,0.487793,0.0175781,1,0,0,6.95265e+07,0.853455
0,4380.47,1.06965e+09,0.836731,0.291411,1.08914,0.918152,14864.6,0.501221,0.0294189,1,0,0,6.61417e+07,0.830261
0,4395.88,1.09899e+09,0.764954,0.349176,1.13353,0.882202,14463.9,0.504211,0.0460205,1,0,0,6.39693e+07,0.829102
0,4357.72,1.07094e+09,0.672546,0.402151,1.19609,0.83606,19051.1,0.51178,0.0525513,1,0,0,6.02844e+07,0.829163
0,2459.94,1.36348e+08,0.999512,0.0398417,1.00037,0.999634,15120.7,0.538208,0.0876465,1,0,0,4.02053e+07,0.770569
0,3703.34,1.14543e+09,0.976562,0.114344,1.01198,0.988159,18630.7,0.526428,0.0790405,1,0,0,5.98072e+07,0.775085
0,3764.41,1.13407e+09,0.952576,0.156652,1.02438,0.976196,19311.3,0.52063,0.0703735,1,0,0,6.00172e+07,0.780396
0,4388.22,1.17123e+09,0.921753,0.197633,1.04072,0.960876,27812.3,0.463013,0.0397339,1,0,0,6.92588e+07,0.861267
0,2262.72,6.80811e+07,1,0,1,1,12464.9,0.565674,0.0517578,1,0,0,3.70724e+07,0.76123
0,3264.47,8.26081e+08,0.975586,0.110477,1.01236,0.987793,13562.3,0.560486,0.0484009,1,0,0,5.26659e+07,0.764709
0,3390.34,8.42057e+08,0.951172,0.156201,1.02503,0.975586,12786.1,0.546997,0.0441895,1,0,0,5.3909e+07,0.768555
0,3476.97,8.55221e+08,0.926147,0.192021,1.03834,0.963074,13083.8,0.538696,0.0401611,1,0,0,5.44886e+07,0.772705
0,4132.81,9.22381e+08,0.922241,0.197017,1.04045,0.961121,16224.2,0.494141,0.0252075,1,0,0,6.51028e+07,0.84906
0,2253.66,6.8071e+07,1,0,1,1,11172.4,0.555237,0.0493164,1,0,0,3.69239e+07,0.763
0,3557.06,8.50657e+08,0.999268,0.0191366,1.00037,0.999634,12792.1,0.531372,0.0389404,1,0,0,5.82543e+07,0.813538
0,4118.28,1.42065e+09,0.645752,0.410996,1.21525,0.822876,9251.25,0.50647,0.00982666,1,0,0,5.55873e+07,0.81311
0,3956.09,9.36947e+08,0.673462,0.396299,1.19513,0.836731,52423.5,0.490417,0,1,0,0,5.38598e+07,0.814209
0,3506.75,4.23934e+08,0.981812,0.0953597,1.00918,0.990906,54082.4,0.483215,0,1,0,0,5.68443e+07,0.820923
0,4288.94,1.22785e+09,0.806274,0.309433,1.10725,0.903137,54855.4,0.488525,0.0256958,1,0,0,6.37696e+07,0.821533
0,2251.75,6.80689e+07,1,0,1,1,11461,0.526184,0.0505981,1,0,0,3.68927e+07,0.767395
0,3561.72,7.76998e+08,0.971558,0.11924,1.01443,0.985779,14443.4,0.510925,0.0455933,1,0,0,5.73435e+07,0.770203
0,3799.47,8.06727e+08,0.944153,0.172835,1.02895,0.971863,19698.1,0.501465,0.0397339,1,0,0,6.02435e+07,0.772949
0,4121.16,8.57815e+08,0.91803,0.213181,1.0431,0.958679,230671,0.493896,0.0374756,1,0,0,6.45719e+07,0.775452
0,4379.44,8.8194e+08,0.90686,0.245344,1.04958,0.952759,832278,0.487793,0.0310669,1,0,0,6.83325e+07,0.787048
0,4755.06,9.31569e+08,0.906616,0.2496,1.04979,0.952576,1.70126e+06,0.486755,0.0304565,1,0,0,7.44622e+07,0.807251
0,4966.69,9.51947e+08,0.906616,0.2496,1.04979,0.952576,2.24183e+06,0.484558,0.0297241,1,0,0,7.79295e+07,0.822998
0,5207.25,9.77934e+08,0.906372,0.254038,1.04999,0.952393,2.71729e+06,0.481384,0.0286865,1,0,0,8.18463e+07,0.839783
0,6418.16,1.89383e+09,0.86853,0.289107,1.07127,0.933472,2.99574e+06,0.450867,0.0379639,1,0,0,9.94657e+07,0.841431
0,6642.31,1.92361e+09,0.815735,0.354972,1.1036,0.906128,3.09434e+06,0.436768,0.0515137,1,0,0,9.91841e+07,0.830322
0,6961.62,1.98802e+09,0.754272,0.434357,1.14334,0.874634,3.33981e+06,0.431396,0.0675049,1,0,0,1.00417e+08,0.825012
0,7300.16,2.05622e+09,0.71283,0.524596,1.17221,0.853088,3.50996e+06,0.435303,0.0783691,1,0,0,1.03204e+08,0.823547
0,7843.88,2.18571e+09,0.67804,0.59032,1.19801,0.834717,3.6312e+06,0.441345,0.0882568,1,0,0,1.09501e+08,0.822449
0,8100.88,2.24327e+09,0.646606,0.654553,1.22187,0.81842,3.73036e+06,0.446411,0.0944824,1,0,0,1.11396e+08,0.81842
0,8133.78,2.25115e+09,0.611328,0.669568,1.24878,0.800781,3.8373e+06,0.452881,0.0922241,1,0,0,1.10473e+08,0.800781
0,7331.03,1.61836e+09,0.603821,0.711737,1.25615,0.796082,3.89851e+06,0.4646,0.0997925,1,0,0,9.51583e+07,0.795715
0,7300.41,1.64871e+09,0.600037,0.709119,1.25924,0.794128,3.96787e+06,0.480652,0.111572,1,0,0,9.37866e+07,0.79303
0,7094.56,1.63524e+09,0.592529,0.714859,1.26478,0.790649,4.0469e+06,0.496155,0.134094,1,0,0,8.96164e+07,0.789246
0,7168.03,1.69928e+09,0.71228,0.727878,1.17532,0.85083,3.93831e+06,0.502869,0.157104,1,0,0,9.56544e+07,0.767517
0,7208.81,1.73886e+09,0.833313,0.766611,1.09717,0.911438,3.83018e+06,0.508667,0.17926,1,0,0,1.0107e+08,0.746033
0,7015.03,1.72501e+09,0.912354,0.719819,1.05113,0.951355,3.75482e+06,0.516846,0.198425,1,0,0,1.01553e+08,0.732483
0,6159.84,8.8302e+08,0.970215,0.706819,1.02017,0.980225,3.725e+06,0.546509,0.214661,1,0,0,9.17325e+07,0.744751
0,6348.12,9.40575e+08,0.970581,0.692875,1.02011,0.980286,3.77641e+06,0.56665,0.218506,1,0,0,9.51199e+07,0.776489
0,7666.81,1.87088e+09,0.947571,0.749642,1.03252,0.968506,3.72297e+06,0.555237,0.213318,1,0,0,1.15783e+08,0.790771
0,7491.94,1.82259e+09,0.923279,0.729925,1.04516,0.956787,3.65045e+06,0.548035,0.201904,1,0,0,1.12674e+08,0.79541
0,11784.7,6.22104e+09,0.9021,0.72851,1.05649,0.946533,3.53241e+06,0.527466,0.18512,1,0,0,1.83188e+08,0.813843
0,11613,6.1679e+09,0.854309,0.747082,1.08353,0.922913,3.36371e+06,0.524109,0.179199,1,0,0,1.79142e+08,0.813599
0,11187,6.10623e+09,0.822388,0.709264,1.10196,0.907471,3.23765e+06,0.524048,0.171692,1,0,0,1.72069e+08,0.814453
0,10634.3,5.93908e+09,0.742371,0.629944,1.15129,0.868591,2.72821e+06,0.507446,0.122803,1,0,0,1.61854e+08,0.826599
0,10895.8,6.0282e+09,0.739929,0.657956,1.15315,0.867188,2.50562e+06,0.494202,0.104797,1,0,0,1.65742e+08,0.844421
0,9854.88,5.78176e+09,0.649353,0.450401,1.21372,0.823914,1.21077e+06,0.478699,0.0430298,1,0,0,1.48847e+08,0.821472
0,8285.94,4.83535e+09,0.688782,0.396327,1.18467,0.844116,23890.5,0.496521,0.0159302,1,0,0,1.25172e+08,0.841797
0,3698.94,3.08145e+08,0.753601,0.356779,1.14087,0.876526,20582.8,0.493103,0.00970459,1,0,0,5.21938e+07,0.852905
0,3544.12,2.76747e+08,0.693176,0.393839,1.1816,0.846313,18539.8,0.505066,0.00494385,1,0,0,4.76298e+07,0.838257
0,3597.44,3.30851e+08,0.76532,0.342761,1.13314,0.882507,17075.6,0.503357,0.00372314,1,0,0,5.09778e+07,0.845337
0,3569.66,3.24586e+08,0.805359,0.313632,1.108,0.902527,17041.8,0.507507,0.00292969,1,0,0,5.18661e+07,0.845581
0,3405.56,2.83997e+08,0.713135,0.373378,1.16745,0.856567,5348.32,0.520447,0.00012207,1,0,0,4.61711e+07,0.777405
0,3529.84,4.02537e+08,0.713379,0.373229,1.16728,0.856689,6393.97,0.507568,6.10352e-05,1,0,0,4.82156e+07,0.777344
0,3968.25,6.69927e+08,0.700317,0.381034,1.17625,0.850159,6211.3,0.482605,0.00012207,1,0,0,5.49601e+07,0.819824
0,3423.06,3.35551e+08,0.836548,0.284743,1.089,0.918274,5399.34,0.510071,6.10352e-05,1,0,0,5.05989e+07,0.777222
0,3597.53,3.79341e+08,0.753723,0.349835,1.14063,0.876709,9746.77,0.503174,0.00012207,1,0,0,5.0153e+07,0.777039
0,3814.09,4.73479e+08,0.710388,0.385833,1.16987,0.854797,13908.9,0.501587,0.000244141,1,0,0,5.18743e+07,0.7771
0,4435.34,7.54122e+08,0.697449,0.40706,1.17904,0.848145,18358.7,0.519714,0.000305176,1,0,0,6.12326e+07,0.843811
0,3928.91,4.20527e+08,0.847717,0.30558,1.0831,0.923279,17510.3,0.495972,0.000366211,1,0,0,5.79773e+07,0.782715
0,3948.12,4.43335e+08,0.516113,0.479682,1.3198,0.75769,15435.7,0.371826,0.000488281,1,0,0,4.77071e+07,0.732605
0,4137,6.839e+08,0.510986,0.470739,1.32396,0.75531,12625.9,0.363037,0.000610352,1,0,0,5.0986e+07,0.746826
0,3574.59,3.36144e+08,0.689941,0.387054,1.18347,0.844971,10212.6,0.357239,0.000671387,1,0,0,4.81623e+07,0.711243
0,3682.06,4.36566e+08,0.75415,0.347146,1.14015,0.877075,10217.4,0.350708,0.000732422,1,0,0,5.20776e+07,0.710876
0,3698.09,5.03254e+08,0.719238,0.369645,1.16331,0.859619,7510.94,0.429993,0.000610352,1,0,0,5.11688e+07,0.738403
0,4002.69,6.43098e+08,0.713135,0.373378,1.16745,0.856567,5598.39,0.485962,0.000488281,1,0,0,5.59544e+07,0.800781
0,3593.88,3.08288e+08,0.65564,0.405871,1.20799,0.82782,3522.08,0.461731,0.000183105,1,0,0,4.73272e+07,0.782654
0,3554.16,2.74471e+08,0.571167,0.44547,1.27294,0.785583,4466.73,0.378662,0,1,0,0,4.3842e+07,0.750549
0,3702.91,4.1518e+08,0.629395,0.419185,1.22745,0.814697,4487.39,0.378784,0,1,0,0,4.8233e+07,0.750488
0,3470.97,2.08419e+08,0.693726,0.384876,1.18083,0.846863,8052.34,0.330261,0,1,0,0,4.65915e+07,0.74762
0,3444.69,2.75121e+08,0.714233,0.37271,1.1667,0.857117,8794.75,0.366821,0,1,0,0,4.6849e+07,0.742493
0,3865.25,4.02091e+08,0.743164,0.354443,1.14734,0.871582,11692.8,0.417908,0,1,0,0,5.47103e+07,0.856689
0,4727.31,1.56376e+09,0.915161,0.205758,1.0443,0.957581,6202.34,0.403259,0.0344849,1,0,0,7.46056e+07,0.819214
0,2341.97,1.12275e+06,1,0,1,1,11568.4,0.28595,0.130981,1,0,0,3.83708e+07,0.767273
0,2385.53,6.79075e+07,1,0,1,1,12550.4,0.284729,0.117188,1,0,0,3.90845e+07,0.79248
0,3748.56,9.64071e+08,0.999756,0.0110485,1.00012,0.999878,12737.3,0.286377,0.10968,1,0,0,6.14083e+07,0.800598
0,4320.88,1.02951e+09,0.999023,0.0220971,1.00049,0.999512,14464.7,0.292786,0.0537109,1,0,0,7.07604e+07,0.875122
0,5383.19,2.123e+09,0.983765,0.0900951,1.00818,0.991882,14221.6,0.293701,0.0560303,1,0,0,8.76534e+07,0.875244
0,3425.88,1.16575e+09,1,0,1,1,11047.9,0.278198,0.108582,1,0,0,5.61295e+07,0.759705
0,2238.16,1.22328e+06,1,0,1,1,11594.9,0.278076,0.105469,1,0,0,3.667e+07,0.768127
0,2282.06,6.80183e+07,0.999878,0.0078125,1.00006,0.999939,12537.5,0.273926,0.0945435,1,0,0,3.73852e+07,0.792358
0,9724.47,5.55156e+09,0.994995,0.0500243,1.00251,0.997498,17059.5,0.2005,0.0390625,1,0,0,1.59158e+08,0.882568
0,10908.3,6.68021e+09,0.846313,0.276244,1.08324,0.923157,14023.6,0.147583,0.0952148,1,0,0,1.73565e+08,0.854492
0,4097.41,1.2131e+09,0.606201,0.43019,1.24517,0.803101,8624.56,0.02771,0.140259,1,0,0,5.39182e+07,0.781067
0,2258.66,1.24553e+06,1,0,1,1,10356.3,0.00976562,0.154297,1,0,0,3.70058e+07,0.749634
0,2187.19,1.24306e+06,1,0,1,1,12976,0.0105591,0.121887,1,0,0,3.58349e+07,0.794983
0,3879.62,1.382e+09,0.998474,0.0957295,1.0011,0.998901,22971.5,0.0153809,0.103516,1,0,0,6.304e+07,0.817749
0,4568.34,1.44685e+09,0.99707,0.100124,1.00183,0.998169,41542.2,0.0310669,0.0559082,1,0,0,7.42748e+07,0.921082
0,5846.31,2.66106e+09,0.878174,0.264673,1.06535,0.93866,35575.3,0.0314331,0.0828857,1,0,0,9.12195e+07,0.892822
0,6040.19,2.74013e+09,0.809631,0.336831,1.10591,0.904236,37558.3,0.0308228,0.105225,1,0,0,9.17663e+07,0.87677
0,6347.59,2.91016e+09,0.759338,0.401765,1.13794,0.878784,38812.3,0.0302734,0.120911,1,0,0,9.49842e+07,0.86615
0,4364.44,1.5608e+09,0.99054,0.130026,1.00528,0.994751,20096,0.0114746,0.187378,1,0,0,7.07123e+07,0.715881
0,4627.72,1.8045e+09,0.996582,0.200496,1.00263,0.997375,24509.7,0.0105591,0.196289,1,0,0,7.50546e+07,0.71405
0,3449.22,6.08213e+08,0.996277,0.239995,1.003,0.997009,28891.3,0.0103149,0.196045,1,0,0,5.566e+07,0.728882
0,3381.97,6.14805e+08,0.996094,0.241026,1.00312,0.996887,31303.8,0.0115967,0.168396,1,0,0,5.47958e+07,0.784424
0,3309.88,5.60963e+08,0.994019,0.24718,1.00435,0.995667,36540.5,0.012085,0.153503,1,0,0,5.35101e+07,0.808533
0,4916.12,2.04634e+09,0.983826,0.220827,1.0093,0.990784,39276.1,0.0359497,0.112061,1,0,0,7.9573e+07,0.85144
0,5265.5,2.11155e+09,0.983215,0.224317,1.00974,0.990356,45763.2,0.0443726,0.0930786,1,0,0,8.52664e+07,0.901978
0,6432.59,3.2211e+09,0.908386,0.311084,1.04952,0.95282,42856.2,0.0448608,0.1073,1,0,0,1.01832e+08,0.886292
0,6518.97,3.22549e+09,0.815002,0.38891,1.10382,0.905945,40848.4,0.0443726,0.116638,1,0,0,1.00077e+08,0.865112
0,6493.09,3.20553e+09,0.68866,0.457352,1.18664,0.842712,35728.4,0.0431519,0.0999146,1,0,0,9.54097e+07,0.841187
0,6457.59,3.11627e+09,0.648315,0.472764,1.21597,0.822388,30115.1,0.043335,0.0971069,1,0,0,9.35035e+07,0.821106
0,6593.78,3.21159e+09,0.605713,0.502221,1.2484,0.801025,29141.9,0.0427246,0.0860596,1,0,0,9.42766e+07,0.799805
0,5124.06,1.76647e+09,0.534363,0.510947,1.30581,0.765808,23750.6,0.0409546,0.0679932,1,0,0,6.78948e+07,0.764099
0,4300.78,1.58241e+09,0.994019,0.201396,1.00429,0.995728,21853.5,0.012146,0.0752563,1,0,0,6.98358e+07,0.743042
0,3250.56,5.69048e+08,0.993713,0.230786,1.0046,0.995422,22813.5,0.0122681,0.0699463,1,0,0,5.25594e+07,0.757996
0,3442.06,7.76819e+08,0.993347,0.273504,1.00491,0.995117,23874,0.0136108,0.0568237,1,0,0,5.56027e+07,0.786987
0,4809,1.9477e+09,0.992737,0.319799,1.00546,0.994568,31526,0.0236816,0.034668,1,0,0,7.79003e+07,0.831421
0,4978.97,1.95183e+09,0.990601,0.377572,1.00713,0.99292,40310.2,0.0274658,0.0327759,1,0,0,8.04664e+07,0.858459
0,5294,2.09583e+09,0.989319,0.4148,1.00787,0.992188,45669.7,0.029541,0.0313721,1,0,0,8.54927e+07,0.879883
0,5714.75,2.65812e+09,0.908447,0.403221,1.04999,0.952393,38312.6,0.0291748,0.0255737,1,0,0,8.98115e+07,0.86676
0,5489.97,2.48976e+09,0.825623,0.437705,1.09753,0.911133,33391.7,0.0285034,0.0239258,1,0,0,8.34089e+07,0.853271
0,5566.03,2.51324e+09,0.781921,0.479712,1.12504,0.888855,31710.7,0.0281372,0.0223999,1,0,0,8.31355e+07,0.844971
0,5713.16,2.60511e+09,0.720032,0.518134,1.16554,0.857971,29417.2,0.0264282,0.0224609,1,0,0,8.34708e+07,0.833557
0,5801.59,2.61903e+09,0.667542,0.547012,1.20214,0.831848,29057.9,0.0244141,0.0197754,1,0,0,8.31544e+07,0.820496
0,4153.41,1.14203e+09,0.622742,0.490614,1.23504,0.809692,23649.9,0.0181885,0.0116577,1,0,0,5.48849e+07,0.790527
0,5069.44,1.74174e+09,0.722473,0.443194,1.16331,0.859619,22232.3,0.0269775,0.0115967,1,0,0,7.32314e+07,0.788452
0,5367.25,1.88371e+09,0.8255,0.474581,1.10412,0.905701,23971.3,0.036438,0.0119019,1,0,0,7.81793e+07,0.773804
0,5666.41,1.87967e+09,0.907227,0.625142,1.06973,0.934814,18605.5,0.046875,0.0139771,1,0,0,7.9766e+07,0.742615
0,5654.69,1.56566e+09,0.892761,0.683925,1.08217,0.924072,23539.4,0.0510254,0.0132446,1,0,0,7.82884e+07,0.733582
0,6152.47,1.70393e+09,0.817688,0.963044,1.13415,0.881714,27556.5,0.0536499,0.0114746,1,0,0,8.29087e+07,0.727417
0,6607.06,1.821e+09,0.768127,1.37026,1.17676,0.849792,36488.3,0.0567017,0.0135498,1,0,0,8.7231e+07,0.720337
0,7276.72,2.06171e+09,0.724121,1.60275,1.22105,0.81897,39003.4,0.0610962,0.0172729,1,0,0,9.50354e+07,0.711121
0,8756.78,2.66179e+09,0.692688,1.82098,1.25212,0.798645,51137.5,0.0654297,0.0200195,1,0,0,1.1635e+08,0.709229
0,9272.12,2.82725e+09,0.649231,2.41121,1.30197,0.768066,53957.1,0.0690308,0.0263672,1,0,0,1.20649e+08,0.699707
0,9498.06,2.86118e+09,0.62384,2.6827,1.33279,0.750305,61862.7,0.0727539,0.0314941,1,0,0,1.22715e+08,0.696472
0,9690.25,2.89994e+09,0.604492,2.79821,1.35798,0.736389,71366.7,0.0759277,0.0353394,1,0,0,1.24792e+08,0.696228
0,9860.84,2.93309e+09,0.588013,2.88284,1.38122,0.723999,81320.8,0.0786133,0.0390625,1,0,0,1.26595e+08,0.696716
0,13309.5,5.98639e+09,0.574402,2.91999,1.40274,0.712891,89279.5,0.13623,0.0437012,1,0,0,1.82327e+08,0.702698
0,12487.2,5.34276e+09,0.582947,2.86992,1.37381,0.727905,83544.8,0.159241,0.0457764,1,0,0,1.69966e+08,0.678162
0,10418.8,4.54119e+09,0.646423,2.45109,1.24432,0.80365,79554.5,0.21637,0.0456543,1,0,0,1.51948e+08,0.707947
0,9735.12,4.51649e+09,0.651672,1.57744,1.22232,0.818115,74998.1,0.27301,0.0375366,1,0,0,1.45024e+08,0.745605
0,7766.62,3.66186e+09,0.632202,0.465094,1.22717,0.81488,50788.8,0.353699,0.0231323,1,0,0,1.14481e+08,0.775452
0,7905.28,3.72043e+09,0.601318,0.493639,1.25174,0.798889,43974,0.38916,0.0234375,1,0,0,1.15522e+08,0.770508
0,5062.47,7.28864e+08,0.595764,0.593193,1.25895,0.794312,35098.7,0.428467,0.0153198,1,0,0,6.85015e+07,0.776672
0,5068.47,7.7162e+08,0.74176,0.523575,1.15299,0.86731,33515.3,0.43042,0.0133057,1,0,0,7.35109e+07,0.750916
0,5071.75,7.74309e+08,0.692688,0.548187,1.18656,0.842773,33737.9,0.452698,0.0111084,1,0,0,7.18935e+07,0.76001
0,5300.31,9.80235e+08,0.667725,0.557743,1.20435,0.830322,35265.1,0.47168,0.0090332,1,0,0,7.48027e+07,0.782349
0,4920.72,5.77765e+08,0.648132,0.570106,1.21896,0.820374,35429.3,0.483276,0.00640869,1,0,0,6.78912e+07,0.788269
0,4934.41,5.88586e+08,0.659729,0.567388,1.21049,0.826111,36572,0.496338,0.00543213,1,0,0,6.84882e+07,0.783691
0,5084.22,7.22817e+08,0.680054,0.554242,1.19574,0.836304,40018.1,0.485779,0.00518799,1,0,0,7.16232e+07,0.802246
0,4942.75,6.89188e+08,0.626038,0.564727,1.23522,0.80957,31659.6,0.489319,0.00488281,1,0,0,6.7884e+07,0.802063
0,4555.47,5.07102e+08,0.715759,0.384603,1.16612,0.857544,11066.1,0.500549,0.000183105,1,0,0,6.4917e+07,0.789185
0,4608.72,5.5644e+08,0.686584,0.417032,1.18656,0.842773,11189.6,0.496338,0.000244141,1,0,0,6.45852e+07,0.785217
0,4746.91,6.89758e+08,0.673279,0.424171,1.196,0.836121,10826.4,0.490601,0.000305176,1,0,0,6.64028e+07,0.793091
0,4724.22,7.01642e+08,0.632385,0.439113,1.22589,0.815735,10591.1,0.493408,0.000366211,1,0,0,6.46876e+07,0.792358
0,4496.03,4.94197e+08,0.720032,0.386729,1.16331,0.859619,8696.6,0.49823,0.000366211,1,0,0,6.39309e+07,0.785156
0,4535,5.60683e+08,0.680115,0.409539,1.19096,0.839661,8835.78,0.491821,0.000671387,1,0,0,6.32259e+07,0.785767
0,4602.5,6.18047e+08,0.621521,0.434906,1.23392,0.810425,7518.34,0.469177,0.000854492,1,0,0,6.2398e+07,0.802795
0,4329.47,4.13618e+08,0.699585,0.388466,1.1771,0.849548,5499.66,0.477112,0.000793457,1,0,0,6.05911e+07,0.78064
0,4337.72,4.77348e+08,0.653931,0.408704,1.20942,0.826843,4464.15,0.469727,0.000793457,1,0,0,5.92517e+07,0.781555
0,4469.19,6.09143e+08,0.635193,0.416533,1.22314,0.817566,4493.31,0.458862,0.000976562,1,0,0,6.09592e+07,0.803406
0,4255.91,4.07704e+08,0.644287,0.411744,1.21633,0.822144,2717.61,0.466248,0.000854492,1,0,0,5.77966e+07,0.795288
0,4217.62,4.0709e+08,0.652466,0.407531,1.21031,0.826233,3282.75,0.469971,0.000915527,1,0,0,5.74438e+07,0.780151
0,4380.94,5.44257e+08,0.647461,0.410119,1.21399,0.82373,3387.81,0.474426,0.000976562,1,0,0,5.99516e+07,0.793274
0,4325.88,4.75822e+08,0.554199,0.452284,1.28684,0.7771,3019.73,0.445007,0.000610352,1,0,0,5.59165e+07,0.776367
0,4328.19,4.75892e+08,0.650879,0.408355,1.21148,0.825439,3020.48,0.438477,0.000610352,1,0,0,5.91985e+07,0.776428
0,4375.19,5.42494e+08,0.637817,0.415013,1.22114,0.818909,2923.58,0.457642,0.000488281,1,0,0,5.95302e+07,0.773682
0,4233.59,4.05331e+08,0.656738,0.405294,1.20719,0.828369,2792.08,0.461609,0.000305176,1,0,0,5.78452e+07,0.774475
0,4302.75,4.6796e+08,0.601562,0.432306,1.24878,0.800781,2937.83,0.474915,0.000183105,1,0,0,5.71269e+07,0.799683
0,4369,5.34634e+08,0.662109,0.402447,1.20329,0.831055,2964.15,0.475464,0.000183105,1,0,0,6.0244e+07,0.800781
0,4294.59,4.68174e+08,0.699707,0.381392,1.17667,0.849854,3302.37,0.484009,0.00012207,1,0,0,6.02865e+07,0.785583
0,53432,3.95324e+10,0.869634,0.768072,1.10545,0.90461,26.5667,0.686804,0,0.255852,1.27668,24.8994,3.33676e+07,0.90461
0,37668.9,2.58065e+10,0.878698,0.633106,1.08682,0.920118,130.79,0.752465,0.000986193,0.283959,1.27668,20.2142,3.74267e+07,0.920118
0,26240.5,1.64406e+10,0.919162,0.508527,1.05563,0.947305,153.352,0.807784,0.0011976,0.339111,1.30224,14.7468,4.27694e+07,0.947305
0,18349.7,1.03982e+10,0.949317,0.404828,1.0342,0.96693,191.761,0.856219,0.00107836,0.431731,1.34913,9.76519,4.97224e+07,0.96693
0,14845.5,7.34425e+09,0.96344,0.360572,1.02449,0.976096,259.657,0.871807,0.000937427,0.529935,1.38103,6.79139,6.1204e+07,0.976096
0,13144.6,5.88614e+09,0.970454,0.327692,1.01954,0.98083,329.394,0.885332,0.000879353,0.612362,1.41045,5.30517,7.20538e+07,0.98083
0,12455.2,5.15426e+09,0.971888,0.302143,1.01815,0.982176,646.39,0.887842,0.00159397,0.685758,1.44627,4.44791,8.24356e+07,0.982176
0,11692.3,4.63353e+09,0.974223,0.299415,1.0167,0.983573,710.323,0.89209,0.0015163,0.739273,1.47084,3.95844,8.87281e+07,0.983573
0,11126.3,4.14058e+09,0.977282,0.28126,1.01461,0.985602,702.363,0.890785,0.00127986,0.797234,1.49366,3.51018,9.99788e+07,0.985602
0,10793.7,3.8152e+09,0.97743,0.271784,1.01428,0.985917,1311.2,0.891625,0.00130573,0.852926,1.5216,3.18256,1.1055e+08,0.985917
0,10404.9,3.49781e+09,0.97871,0.274332,1.01351,0.986673,1441.69,0.891923,0.00154396,0.912166,1.55298,2.89856,1.22292e+08,0.986673
0,9928.86,3.19385e+09,0.926633,2.4379,1.06714,0.937083,358.548,0.837518,0.00152395,0.947089,1.57012,2.74841,1.27932e+08,0.937083
0,9755.63,3.05193e+09,0.931092,2.3479,1.0627,0.941003,480.748,0.840755,0.00140628,0.967831,1.5809,2.66815,1.36297e+08,0.941003
0,9589.73,2.92818e+09,0.934206,2.27637,1.05934,0.943981,618.236,0.843286,0.00137853,1.00083,1.60104,2.55906,1.41857e+08,0.943981
0,7663.72,1.31338e+09,0.94397,2.13911,1.05127,0.951233,1117.61,0.849792,0.00140381,2.88366,0,0,1.13401e+08,0.948425
0,8379.91,1.44275e+09,0.910522,2.30529,1.07373,0.931335,1667.06,0.835022,0.00201416,0.99921,1.53486,2.35953,1.15293e+08,0.927429
0,9539.72,2.19127e+09,0.888855,2.50296,1.09132,0.916321,1855.48,0.819092,0.00305176,0.791199,1.41793,3.21172,1.27396e+08,0.910767
0,9718.22,2.2235e+09,0.88562,2.50553,1.09329,0.914673,2004.3,0.817871,0.00311279,0.817107,1.42075,3.02329,1.28146e+08,0.908142
0,9713.53,2.22125e+09,0.883972,2.51212,1.09453,0.913635,2176.88,0.815979,0.00317383,0.838929,1.42075,2.86805,1.28003e+08,0.905579
0,9695.03,2.21549e+09,0.883667,2.51453,1.09489,0.91333,2358.33,0.81366,0.00366211,0.856435,1.42075,2.752,1.2879e+08,0.903564
0,9694.5,2.20894e+09,0.88324,2.51653,1.09585,0.912537,2464.62,0.813232,0.00372314,0.877295,1.42632,2.64328,1.28764e+08,0.901917
0,9702.34,2.20175e+09,0.875122,2.76933,1.10397,0.905823,2448.87,0.802795,0.00408936,0.886285,1.42355,2.57987,1.28606e+08,0.894287
0,9705.47,2.2005e+09,0.875,2.77934,1.10434,0.905518,2616.49,0.802429,0.00415039,0.901377,1.42632,2.50392,1.28799e+08,0.892212
0,9769.28,2.2177e+09,0.875427,2.78216,1.10404,0.905762,2659.52,0.801941,0.00396729,0.909252,1.42355,2.45119,1.29476e+08,0.891052
0,9815.44,2.21879e+09,0.876648,2.77616,1.1036,0.906128,2799.64,0.800171,0.00372314,0.920454,1.42355,2.39189,1.29888e+08,0.889099
0,9958.12,2.25167e+09,0.885437,2.23496,1.09256,0.915283,3202.14,0.81073,0.00396729,0.935302,1.42906,2.33453,1.30985e+08,0.898438
0,9705.84,2.20517e+09,0.907654,1.41497,1.07001,0.93457,3866.7,0.829651,0.00415039,0.937836,1.42632,2.31302,1.31116e+08,0.91571
0,10060,2.28305e+09,0.911743,1.41082,1.06806,0.936279,3958.39,0.830017,0.00476074,0.951141,1.43178,2.26602,1.33007e+08,0.913635
0,10099.7,2.29425e+09,0.920654,1.40734,1.06327,0.940491,3935.64,0.833496,0.00524902,0.953237,1.42906,2.2475,1.33432e+08,0.913147
0,10140.8,2.32195e+09,0.923096,1.34009,1.06066,0.94281,4347.29,0.838013,0.00524902,0.958612,1.47119,2.35533,1.29418e+08,0.925171
0,8296.94,1.47578e+09,0.946838,1.53536,1.04556,0.956421,4423.21,0.848633,0.00463867,3.30121,0,0,1.16201e+08,0.93689
0,8981.72,1.80872e+09,0.913391,1.91465,1.0745,0.930664,3401.64,0.821289,0.00598145,0.82881,1.53034,3.40929,1.18829e+08,0.910828
0,9018.22,1.82118e+09,0.896912,2.27667,1.0911,0.916504,2921.65,0.799072,0.00598145,0.724676,1.40456,3.75656,1.19124e+08,0.896667
0,9131.38,1.8269e+09,0.884155,2.42804,1.10189,0.907532,2941.74,0.783569,0.00592041,0.763264,1.41245,3.42447,1.20886e+08,0.888672
0,9661.75,1.8894e+09,0.845032,3.1087,1.14023,0.877014,2602.13,0.747375,0.00512695,0.68578,2.74553,16.0282,1.2354e+08,0.858337
0,10253.5,1.99269e+09,0.832825,3.19778,1.1504,0.869263,2640.26,0.740662,0.00482178,0.732614,2.75475,14.1388,1.26577e+08,0.849915
0,11281,2.3274e+09,0.826904,3.07917,1.15372,0.86676,2840.61,0.745178,0.00500488,0.770818,2.751,12.7373,1.32814e+08,0.847778
0,12171.4,2.50902e+09,0.810364,3.10132,1.16529,0.858154,2804.44,0.739258,0.00500488,0.799687,2.76171,11.9266,1.36986e+08,0.839111
0,13423.2,2.76438e+09,0.801392,3.14353,1.17238,0.852966,2844.74,0.740356,0.0100098,0.829844,2.77823,11.2084,1.43196e+08,0.833923
0,14742.2,3.02644e+09,0.791138,3.18429,1.18006,0.847412,2832.96,0.740051,0.015686,0.85701,2.79292,10.6205,1.49439e+08,0.82843
0,15925.7,3.49364e+09,0.765015,3.27741,1.20258,0.831543,2677.2,0.738464,0.0232544,0.879744,2.80488,10.1652,1.55576e+08,0.812195
0,16308.6,3.59364e+09,0.761414,2.81252,1.19933,0.833801,2751.83,0.743347,0.0245361,0.913824,2.81301,9.47583,1.58001e+08,0.814026
0,17028.8,3.72651e+09,0.681946,4.49969,1.29324,0.773254,2508.19,0.68866,0.0443115,0.927286,2.69295,8.43393,1.57572e+08,0.75293
0,17967.3,4.00706e+09,0.622375,5.30197,1.37947,0.724915,2374.77,0.671021,0.0653076,0.93805,2.6967,8.26442,1.60989e+08,0.703857
0,23638.6,5.67449e+09,0.571899,5.56867,1.45752,0.686096,2464.73,0.649353,0.0953979,0.974713,2.72815,7.83397,1.75589e+08,0.664368
0,25289.5,6.00679e+09,0.541443,6.02764,1.51005,0.662231,2399.2,0.621582,0.105774,0.975951,2.61791,7.19535,1.80583e+08,0.638428
0,25949.2,5.99075e+09,0.491028,6.82846,1.59797,0.625793,2571.9,0.608521,0.122192,0.968511,2.63025,7.3754,1.75475e+08,0.608459
0,26718.2,6.114e+09,0.466736,6.2665,1.62604,0.61499,2790.96,0.623718,0.143616,1.05788,3.07046,8.42424,1.75247e+08,0.592407
0,27303,6.18721e+09,0.437378,6.71416,1.69501,0.589966,2733.83,0.607239,0.153015,0.93875,3.42076,13.2784,1.76666e+08,0.565979
0,27523.4,6.38949e+09,0.444336,6.38207,1.67714,0.596252,2764.04,0.627747,0.158325,0.877668,3.70542,17.8244,1.74625e+08,0.572388
0,32382.8,1.08469e+10,0.438904,6.39102,1.69466,0.590088,2750.5,0.630981,0.167603,0.329525,6.27162,362.229,2.49837e+08,0.563904
0,32616.8,1.0967e+10,0.44751,6.28619,1.67611,0.596619,2859.26,0.632507,0.16748,0.384452,6.20451,260.454,2.50212e+08,0.565735
0,31795.7,1.08823e+10,0.475464,6.16296,1.62588,0.615051,2876.83,0.640564,0.16748,0.440717,6.16181,195.477,2.48596e+08,0.570862
0,30292.9,1.07246e+10,0.509338,5.98615,1.5653,0.638855,2860.94,0.632935,0.162048,0.507804,6.09687,144.152,2.46803e+08,0.577637
0,28866.3,1.04904e+10,0.565063,5.74188,1.47126,0.679688,2892.19,0.627991,0.1521,0.566066,6.04354,113.985,2.46218e+08,0.591064
0,28105.6,1.0081e+10,0.599792,5.52446,1.41742,0.705505,3004.94,0.636658,0.148071,0.595575,5.9072,98.376,2.46499e+08,0.610596
0,27761.7,1.02052e+10,0.633179,4.97281,1.36841,0.730774,3069.9,0.662964,0.130005,0.575572,5.65547,96.5466,2.51217e+08,0.645935
0,27595,1.01509e+10,0.673584,3.89004,1.31208,0.762146,3346.89,0.67981,0.114319,0.625132,5.69688,83.0482,2.54817e+08,0.683472
0,25416.8,1.10485e+10,0.728394,3.70538,1.24764,0.801514,3631.31,0.680115,0.0883179,0.635095,5.57664,77.1024,2.82332e+08,0.723938
0,22679.5,1.01278e+10,0.777405,3.47784,1.1946,0.837097,3800.05,0.699524,0.0704346,0.611889,5.33444,76.0032,2.79917e+08,0.754639
0,21194.8,9.7212e+09,0.851562,2.24178,1.12435,0.889404,4091.72,0.743652,0.0526123,0.598205,5.08393,72.2269,2.79187e+08,0.812866
0,20511.6,9.57245e+09,0.882874,2.03214,1.09901,0.909912,4556.13,0.751282,0.0301514,0.543383,4.73191,75.8337,2.76158e+08,0.858887
0,19576.5,9.38301e+09,0.92041,1.52961,1.06438,0.939514,5412.94,0.778259,0.0169678,0.455992,4.13661,82.295,2.73467e+08,0.899902
0,13435.9,4.41719e+09,0.962952,0.962685,1.02837,0.972412,7777.35,0.796265,0.00482178,19.2832,0.276658,0.00020584,1.94009e+08,0.94165
0,12804.8,4.01429e+09,0.964233,0.959538,1.0276,0.973145,7724.51,0.786072,0.00274658,16.6045,0.27868,0.000281684,1.84988e+08,0.951965
0,12772.9,4.00021e+09,0.964294,0.963452,1.0276,0.973145,7808.28,0.783142,0.00280762,15.5437,0.27868,0.000321444,1.85468e+08,0.952332
0,12294.6,3.78337e+09,0.966736,0.958001,1.02618,0.974487,7873.35,0.787659,0.00231934,14.1277,0.280742,0.000394887,1.82797e+08,0.954956
0,12510.6,3.81533e+09,0.965454,0.959438,1.02715,0.973572,8050.2,0.788025,0.00231934,12.8944,0.27868,0.000467098,1.83701e+08,0.953979
0,12506.2,3.85556e+09,0.957642,0.974026,1.03187,0.969116,7756.58,0.772278,0.00274658,11.3042,0.257154,0.000517499,1.83523e+08,0.949707
0,28045.9,1.94563e+10,0.922485,1.39776,1.05812,0.945068,5581.39,0.761963,0.00805664,3.38952,1.03593,0.0934083,4.4021e+08,0.925659
0,30552,2.16122e+10,0.918335,1.34227,1.06052,0.942932,5463.96,0.750122,0.00909424,3.03281,0.941745,0.096422,4.79831e+08,0.924194
0,27986.2,1.9592e+10,0.933044,0.971216,1.0467,0.955383,6593.4,0.768982,0.00878906,2.74579,0.921917,0.112732,4.433e+08,0.937683
0,28710.6,2.00598e+10,0.92157,1.18309,1.05792,0.945251,5582.6,0.7677,0.00854492,2.51267,0.958676,0.145571,4.48329e+08,0.929016
0,31795,2.30885e+10,0.921448,1.18898,1.05806,0.945129,5614.5,0.760925,0.00866699,2.47657,0.966396,0.152268,4.98856e+08,0.928894
0,31909.4,2.31044e+10,0.91864,1.20228,1.05984,0.943542,5469.65,0.76416,0.00897217,2.33192,0.968234,0.172398,5.00436e+08,0.928162
0,31968.2,2.31147e+10,0.918335,1.20552,1.05997,0.94342,5492.84,0.779602,0.00897217,2.16792,0.976954,0.203078,5.01523e+08,0.92926
0,31829.8,2.30939e+10,0.918884,1.20058,1.05956,0.943787,5613.41,0.774353,0.00897217,2.00531,0.973347,0.235599,4.99796e+08,0.931335
0,31793.2,2.30831e+10,0.919312,1.19701,1.05908,0.944214,5567.43,0.778687,0.0088501,1.86533,0.973347,0.272284,4.99483e+08,0.932983
0,31936,2.31157e+10,0.919067,1.20409,1.05929,0.944031,5726.86,0.784729,0.00891113,1.79611,0.97874,0.296939,5.01552e+08,0.933472
0,31979.2,2.3131e+10,0.918213,1.21093,1.05997,0.94342,5800.39,0.783203,0.00927734,1.71958,0.97874,0.32396,5.02219e+08,0.933594
0,31936.6,2.31297e+10,0.917297,1.20665,1.0608,0.942688,5854.19,0.785461,0.00921631,1.66876,0.97874,0.343992,5.01729e+08,0.933716
0,31797.8,2.3118e+10,0.917419,1.20201,1.06066,0.94281,5881.95,0.78418,0.00921631,1.58526,0.980514,0.382567,4.99464e+08,0.934937
0,31849,2.31443e+10,0.946045,1.18611,1.0439,0.957947,5952.58,0.783142,0.00872803,1.53164,0.984028,0.412764,5.01987e+08,0.937012
0,31617.1,2.28462e+10,0.949585,1.15433,1.04131,0.960327,6976.46,0.797119,0.00866699,1.44804,0.987564,0.465127,5.01266e+08,0.951416
0,13650.7,5.35074e+09,0.971375,0.436337,1.01941,0.980957,11020.2,0.822571,0.00268555,1.98255,1.36383,0.473229,2.03824e+08,0.973389
0,13403.2,5.08699e+09,0.973511,0.425194,1.0184,0.981934,13692.3,0.823669,0.00262451,1.88706,1.36383,0.522335,2.01558e+08,0.973816
0,13381.3,5.08546e+09,0.973328,0.433203,1.01865,0.981689,13015.8,0.818054,0.00268555,1.84217,1.36661,0.550339,2.0063e+08,0.973511
0,9692.31,1.48456e+09,0.983765,0.17207,1.00949,0.990601,16975.6,0.826355,0.00158691,4.23738,0,0,1.42436e+08,0.982605
0,9606.81,1.47602e+09,0.986877,0.163763,1.00769,0.992371,18341.1,0.825256,0.00140381,3.86497,0,0,1.43908e+08,0.98291
0,9594.22,1.47282e+09,0.981506,0.224688,1.01123,0.988892,16575.8,0.813904,0.00305176,3.53819,0,0,1.43686e+08,0.978088
0,9669.94,1.48899e+09,0.970459,0.242496,1.01701,0.983276,14832.9,0.81488,0.00823975,3.27538,0,0,1.42432e+08,0.971802
0,9512.75,1.4533e+09,0.957214,0.257119,1.02394,0.976624,13063.5,0.809875,0.015625,3.0459,0,0,1.41794e+08,0.963684
0,9585.38,1.47129e+09,0.943604,0.283124,1.03141,0.969543,11881.6,0.809204,0.0219727,2.82583,0,0,1.41085e+08,0.955933
0,9670.06,1.48568e+09,0.942078,0.294409,1.03304,0.968018,11432.3,0.809082,0.0235596,2.60726,0,0,1.41729e+08,0.95282
0,9617.94,1.46545e+09,0.937744,0.317,1.03782,0.963562,11575.2,0.800842,0.0285645,2.45313,0,0,1.4099e+08,0.947632
0,9811.41,1.50544e+09,0.923035,0.391276,1.05269,0.949951,10786.1,0.797485,0.0415039,2.27278,0.129023,0.00322269,1.41874e+08,0.933655
0,10647,2.28009e+09,0.902222,0.49144,1.07008,0.934509,9246,0.786682,0.0477905,1.36821,0.806099,0.347115,1.54359e+08,0.917297
0,10827.3,2.31256e+09,0.899048,0.497628,1.07197,0.932861,9166.92,0.790039,0.0477905,1.34061,0.806099,0.361553,1.55727e+08,0.915283
0,10839,2.30656e+09,0.899231,0.505585,1.07197,0.932861,9129.91,0.787842,0.0477905,1.33132,0.806023,0.366546,1.56698e+08,0.915222
0,10794.4,2.28703e+09,0.900024,0.496965,1.0712,0.933533,9141.35,0.791626,0.0475464,1.29793,0.806023,0.38565,1.57007e+08,0.915771
0,11018.2,2.32697e+09,0.898987,0.501152,1.07183,0.932983,9095.06,0.787903,0.0474243,1.26356,0.806081,0.406971,1.58681e+08,0.91571
0,10794,2.26989e+09,0.9021,0.494709,1.06827,0.936096,7487.89,0.786377,0.0477905,1.24663,0.805927,0.417939,1.56777e+08,0.916199
0,10895.4,2.42991e+09,0.900024,0.624748,1.07043,0.934204,7174.04,0.778259,0.0488892,0.415315,5.65296,185.266,1.60531e+08,0.910767
0,11368.6,2.83167e+09,0.900085,0.846387,1.06868,0.93573,6400.4,0.778076,0.0487671,0.472629,5.27133,124.394,1.63558e+08,0.904175
0,12512.4,3.94732e+09,0.904175,0.810737,1.06314,0.940613,6387.61,0.777954,0.048584,0.543525,5.31954,95.7874,1.82781e+08,0.906067
0,12421,3.9254e+09,0.910461,0.795235,1.05751,0.945618,6471.37,0.783752,0.0443726,0.591823,5.30763,80.43,1.83776e+08,0.91156
0,12332.8,3.89966e+09,0.925232,0.781708,1.0475,0.954651,6655.42,0.779419,0.0361328,0.638511,5.30763,69.0978,1.84226e+08,0.92041
0,12311.6,3.88988e+09,0.940918,0.771503,1.03887,0.962585,6928.85,0.78241,0.0289307,0.673392,5.30763,62.1248,1.85596e+08,0.92804
0,12460.9,3.92057e+09,0.952637,0.763549,1.03226,0.96875,7031.87,0.788391,0.0283203,0.713671,5.33135,55.8058,1.87573e+08,0.928711
0,12437.7,3.92434e+09,0.957092,0.761148,1.02986,0.971008,7852.99,0.791565,0.0252686,0.738006,5.31954,51.9551,1.881e+08,0.931885
0,12365.6,3.9106e+09,0.964172,0.756142,1.02624,0.974426,7124.44,0.791016,0.0175781,0.772171,5.33135,47.6703,1.86995e+08,0.939209
0,13050.1,4.64699e+09,0.962524,0.786804,1.02753,0.973206,9401.16,0.792053,0.00378418,0.49213,4.32583,77.2643,1.95583e+08,0.959351
0,12941.5,4.62527e+09,0.964478,0.780803,1.02637,0.974304,9652.35,0.795837,0.00384521,0.559089,4.34938,60.519,1.9545e+08,0.960754
0,12883.7,4.62475e+09,0.964722,0.783401,1.02624,0.974426,9806.5,0.786194,0.00378418,0.600386,4.32583,51.9132,1.94651e+08,0.960632
0,12874,4.63194e+09,0.964783,0.781257,1.02618,0.974487,9902.86,0.793335,0.00384521,0.648383,4.33764,44.7552,1.94344e+08,0.960327
0,12851.8,4.62868e+09,0.964905,0.77074,1.02599,0.97467,9931.32,0.797546,0.00378418,0.664562,4.32583,42.3709,1.93919e+08,0.960388
0,12691.6,4.46523e+09,0.971558,0.4588,1.01948,0.980896,11220,0.806702,0.00280762,0.848391,4.49516,28.0735,1.90952e+08,0.965942
0,12754.9,4.4895e+09,0.972412,0.44528,1.01891,0.981445,11459.1,0.81189,0.00286865,0.863882,4.49516,27.0758,1.91111e+08,0.966309
0,11284,3.00137e+09,0.97876,0.257235,1.01292,0.987244,13360.4,0.822632,0.00292969,0.821006,4.53359,30.4925,1.69618e+08,0.971069
0,11199.2,3.00387e+09,0.979797,0.262787,1.01248,0.987671,13989.2,0.820007,0.00280762,0.83453,4.51398,29.2573,1.68864e+08,0.971252
0,11152,2.99926e+09,0.979309,0.260331,1.0128,0.987366,14261.4,0.818176,0.00311279,0.865799,4.55302,27.6545,1.68195e+08,0.97052
0,11298.4,3.04693e+09,0.979614,0.259722,1.01261,0.987549,22327.3,0.826538,0.00305176,0.862441,4.51398,27.3943,1.71488e+08,0.970337
0,11375.7,3.03632e+09,0.969421,0.519473,1.02196,0.978516,19986.3,0.811096,0.00366211,0.996032,4.00432,16.1626,1.73021e+08,0.960999
0,11561,3.50098e+09,0.968262,0.51616,1.02253,0.977966,20328.7,0.811157,0.00396729,0.992151,3.99568,16.2191,1.78373e+08,0.960266
0,11698.4,3.54623e+09,0.966858,0.521855,1.0233,0.977234,20116.3,0.813477,0.00402832,0.988108,3.98701,16.2811,1.77126e+08,0.95929
0,9962,1.99095e+09,0.970764,0.421813,1.01973,0.980652,20859.5,0.820862,0.00305176,1.69948,3.10142,3.33035,1.47464e+08,0.963135
0,9901.97,1.99345e+09,0.972717,0.419178,1.01853,0.981812,21479.5,0.827148,0.00299072,1.6613,3.10142,3.48518,1.47033e+08,0.964539
0,9763,1.98649e+09,0.972656,0.417182,1.01859,0.98175,21601.8,0.826233,0.00335693,1.59832,3.10781,3.78077,1.45829e+08,0.964355
0,9680.84,1.97445e+09,0.972961,0.416778,1.0184,0.981934,21453.4,0.828613,0.003479,1.54104,3.10781,4.06707,1.45442e+08,0.964478
0,9964.59,2.28271e+09,0.958252,0.782648,1.03187,0.969116,18773.9,0.815125,0.00482178,1.37513,2.38917,3.01859,1.44636e+08,0.951477
0,11263.4,2.67231e+09,0.944885,0.89938,1.04039,0.961182,17499.7,0.810303,0.00524902,1.38121,2.35317,2.90258,1.51269e+08,0.94342
0,12350.9,2.90105e+09,0.935974,0.943363,1.04563,0.95636,17289,0.815674,0.00628662,1.39859,2.39445,2.93111,1.56237e+08,0.938721
0,13747.7,3.56404e+09,0.926392,0.975448,1.05167,0.950867,16422.6,0.81311,0.0106812,1.40318,2.42351,2.98305,1.63577e+08,0.933044
0,14878.2,3.79686e+09,0.91394,1.01296,1.05929,0.944031,15725,0.817688,0.0174561,1.39488,2.44778,3.07945,1.67854e+08,0.92627
0,15633.9,3.95639e+09,0.894775,1.04304,1.07071,0.93396,14084.1,0.820312,0.0278931,1.3823,2.46638,3.18356,1.69949e+08,0.916138
0,17050.3,4.55575e+09,0.876038,1.12568,1.08763,0.919434,12757.2,0.820923,0.0418091,1.40456,2.50106,3.17078,1.75978e+08,0.901184
0,21242.9,6.89157e+09,0.822327,1.50868,1.13502,0.881042,9185.35,0.806213,0.0678711,1.41496,2.3723,2.81092,2.06276e+08,0.862854
0,24819,7.68072e+09,0.798889,1.64368,1.16174,0.860779,8551.67,0.802002,0.0807495,1.42073,2.40036,2.8545,2.1374e+08,0.84375
0,25969,7.49853e+09,0.746948,1.49712,1.21022,0.826294,8098.27,0.808411,0.113586,1.73946,1.44253,0.687731,2.05713e+08,0.8078
0,36452.3,1.57562e+10,0.696472,1.65056,1.27701,0.783081,7049.4,0.800415,0.140076,1.71434,1.45706,0.722365,3.39611e+08,0.765137
0,37277.7,1.58831e+10,0.668762,1.73227,1.31853,0.758423,6578.92,0.793091,0.163025,1.64851,1.45962,0.783971,3.40175e+08,0.740234
0,37740.9,1.59927e+10,0.645935,1.76201,1.34704,0.742371,6517.13,0.784912,0.177979,1.57622,1.45877,0.856532,3.40313e+08,0.72406
0,38063.6,1.61938e+10,0.633179,1.90546,1.36784,0.731079,6408.75,0.778198,0.179688,1.51697,1.45877,0.924746,3.40578e+08,0.712952
0,38366.4,1.62565e+10,0.624817,1.93176,1.3818,0.723694,6330.62,0.772827,0.183655,1.4486,1.45792,1.0129,3.41148e+08,0.705444
0,35247.4,1.53998e+10,0.66449,1.4305,1.32289,0.75592,5717.97,0.788452,0.179138,1.91172,0.920585,0.231887,3.31589e+08,0.731689
0,33728.3,1.47811e+10,0.691589,1.35078,1.29079,0.774719,5921.56,0.790344,0.174561,1.78604,0.92435,0.26785,3.31059e+08,0.737793
0,32619.2,1.45973e+10,0.713989,1.33356,1.26118,0.792908,6009.8,0.783691,0.164856,1.67502,0.922891,0.303572,3.30612e+08,0.7453
0,31841.2,1.46357e+10,0.727417,1.26772,1.24404,0.803833,6153.43,0.78125,0.156738,1.56862,0.919627,0.343705,3.32774e+08,0.752563
0,28809.8,1.29507e+10,0.772156,0.963941,1.1875,0.842102,6010.51,0.793091,0.13031,2.06343,1.04425,0.256109,3.09665e+08,0.78717
0,22976.1,1.11688e+10,0.816589,0.721601,1.13762,0.879028,6287.61,0.801575,0.105408,2.47812,0.113188,0.00208622,2.90129e+08,0.824524
0,21261.1,1.08522e+10,0.880188,0.539251,1.0738,0.931274,5132.27,0.807922,0.0730591,2.36626,0,0,2.89859e+08,0.868164
0,10843.3,2.29358e+09,0.961914,0.434593,1.02362,0.976929,6664.39,0.814819,0.0446777,2.23081,0,0,1.58007e+08,0.91333
0,10097.1,2.13205e+09,0.978333,0.420174,1.01518,0.985046,8361.61,0.820374,0.0202026,2.07849,0,0,1.54197e+08,0.938477
0,9741.06,1.96035e+09,0.966492,0.433011,1.02138,0.979065,8818.7,0.823853,0.0139771,1.95806,0,0,1.47336e+08,0.944641
0,9534.69,1.91498e+09,0.957825,0.288735,1.02419,0.976379,9852.9,0.826721,0.0141602,1.84548,0,0,1.42276e+08,0.956421
0,9414.06,1.86983e+09,0.943359,0.409856,1.03336,0.967712,8908.22,0.821411,0.0169067,1.75205,0,0,1.40058e+08,0.949036
0,9486.16,1.88406e+09,0.941956,0.417351,1.0348,0.96637,8963.55,0.819092,0.0170288,1.66215,0,0,1.40648e+08,0.948059
0,9387.94,1.86043e+09,0.937195,0.434301,1.03979,0.961731,8629.24,0.814636,0.0172119,1.58481,0,0,1.39789e+08,0.94342
0,9437.91,1.86653e+09,0.929993,0.459727,1.0475,0.954651,8788.15,0.810059,0.0175781,1.5219,0,0,1.39494e+08,0.936218
0,9670.34,1.9077e+09,0.916382,0.531271,1.0584,0.944824,8339.25,0.809875,0.0198975,1.47148,0,0,1.40517e+08,0.926575
0,9793.75,1.93967e+09,0.914246,0.443541,1.05853,0.944702,8279.34,0.814453,0.020813,1.42309,0,0,1.4013e+08,0.927002
0,9300.91,1.60154e+09,0.910034,0.471604,1.0639,0.939941,8355.37,0.809875,0.020752,1.37988,0,0,1.34072e+08,0.922546
0,9320.59,1.58984e+09,0.901611,0.52123,1.07345,0.93158,7946.47,0.807861,0.0209961,1.34315,0,0,1.32887e+08,0.914612
0,9280.69,1.58003e+09,0.895752,0.537278,1.08017,0.925781,7681.38,0.80896,0.0212402,1.30833,0,0,1.30906e+08,0.908752
0,9348.28,1.58622e+09,0.887146,0.53097,1.08388,0.922607,7257,0.806335,0.0239258,1.27297,0,0,1.31296e+08,0.901611
0,9431.97,1.61061e+09,0.888245,0.590475,1.08174,0.924438,7084.33,0.805603,0.024231,1.24514,0,0,1.32442e+08,0.899292
0,9269.44,1.56905e+09,0.886597,0.597034,1.08367,0.922791,6912.56,0.805969,0.0234375,1.21668,0,0,1.30775e+08,0.893433
0,9356.81,1.58644e+09,0.881165,0.623045,1.09023,0.917236,6805,0.805542,0.0205688,1.19312,0,0,1.30309e+08,0.888733
0,9271.16,1.4466e+09,0.877502,0.638242,1.09467,0.913513,6817.18,0.804016,0.017395,1.17235,0,0,1.2834e+08,0.884827
0,9287.66,1.44375e+09,0.870483,0.659833,1.09607,0.912354,6812.91,0.803589,0.0123901,1.15464,0,0,1.28914e+08,0.884399
0,9465.56,1.4997e+09,0.871582,0.57279,1.09504,0.913208,6970.48,0.807129,0.0117188,1.13899,0,0,1.30765e+08,0.882507
0,9228.34,1.44054e+09,0.868408,0.581829,1.09893,0.909973,6893.31,0.804138,0.0114746,1.12531,0,0,1.27152e+08,0.879395
0,9397.5,1.47704e+09,0.864197,0.604147,1.10412,0.905701,6871.71,0.808411,0.0112915,1.11265,0,0,1.28691e+08,0.875549
0,9442.34,1.47792e+09,0.856323,0.688629,1.11319,0.898315,7552.52,0.808228,0.0119629,1.1019,0,0,1.2886e+08,0.869202
0,9306.78,1.445e+09,0.855347,0.618544,1.10845,0.902161,7259.36,0.805969,0.0101318,1.09145,0,0,1.27647e+08,0.873779
0,9430.84,1.4815e+09,0.857605,0.608631,1.10546,0.904602,7549.51,0.80249,0.00909424,1.08265,0,0,1.29549e+08,0.870728
0,9455.72,1.48512e+09,0.850708,0.758343,1.11357,0.89801,7263.25,0.798706,0.00921631,1.07357,0,0,1.29263e+08,0.864563
0,9364.22,1.46155e+09,0.84613,0.781714,1.1189,0.893738,7180.63,0.798706,0.0090332,1.06494,0,0,1.26818e+08,0.860413
0,9326.56,1.45441e+09,0.834045,0.797609,1.1283,0.886292,7183.49,0.800598,0.00872803,1.05763,0,0,1.26344e+08,0.853027
0,9381.62,1.46899e+09,0.841309,0.674902,1.11623,0.895874,7440.6,0.802307,0.00604248,1.05214,0,0,1.2696e+08,0.859314
0,9426.97,1.47372e+09,0.839233,0.68798,1.11882,0.893799,7436.32,0.799744,0.0057373,1.04705,0,0,1.28135e+08,0.855164
0,9465.28,1.47683e+09,0.834778,0.703623,1.12458,0.889221,7430.29,0.80072,0.00634766,1.04216,0,0,1.27052e+08,0.85083
0,9432.81,1.46017e+09,0.829651,0.727299,1.1311,0.884094,7400.17,0.797424,0.00665283,1.03764,0,0,1.2711e+08,0.845581
0,9377.03,1.44244e+09,0.828308,0.762988,1.13173,0.883606,7421.82,0.797058,0.00634766,1.03394,0,0,1.26495e+08,0.84491
0,9468.25,1.46593e+09,0.827759,0.695641,1.12682,0.887451,7577.19,0.797974,0.00628662,1.0304,0,0,1.27452e+08,0.844666
0,9533.41,1.47676e+09,0.828857,0.68908,1.12566,0.888367,7653.93,0.801086,0.00622559,1.02751,0,0,1.28416e+08,0.843689
0,9443.66,1.45995e+09,0.831665,0.685269,1.12258,0.890808,7722.89,0.80072,0.00634766,1.02465,0,0,1.27437e+08,0.846069
0,9453.78,1.45297e+09,0.825745,0.859966,1.12962,0.885254,7738.6,0.798035,0.00683594,1.02197,0,0,1.27747e+08,0.840393
0,9351.94,1.43395e+09,0.826904,0.777113,1.12861,0.886047,7109.27,0.797791,0.00665283,1.01987,0,0,1.26432e+08,0.840942
0,9272.91,1.41729e+09,0.82428,0.921995,1.13087,0.884277,6904.99,0.794617,0.00683594,1.01789,0,0,1.2571e+08,0.832703
0,9178.34,1.38705e+09,0.814392,0.92652,1.13762,0.879028,6695.93,0.796753,0.00708008,1.01612,0,0,1.23074e+08,0.827026
0,9191.72,1.39751e+09,0.824585,0.805634,1.12419,0.889526,7156.72,0.796936,0.00714111,1.01458,0,0,1.23414e+08,0.83728
0,9492.69,1.46678e+09,0.818909,0.809037,1.13048,0.884583,7734.62,0.799438,0.0078125,1.01319,0,0,1.27987e+08,0.832458
0,9653.75,1.47962e+09,0.775574,0.951422,1.18006,0.847412,7256.74,0.798828,0.0150757,1.01191,0,0,1.23771e+08,0.79541
0,9648.72,1.46486e+09,0.756104,1.20982,1.20232,0.831726,6952.57,0.771912,0.0184326,1.01077,0,0,1.22873e+08,0.779236
0,9543.25,1.43797e+09,0.75647,1.21863,1.2017,0.832153,6816.82,0.771057,0.019043,1.00966,0,0,1.22655e+08,0.775085
0,9508.97,1.43738e+09,0.758789,1.21955,1.19871,0.834229,6878.44,0.771484,0.0203857,1.00873,0,0,1.22472e+08,0.776978
0,9440.66,1.41876e+09,0.760132,1.22014,1.19819,0.834595,6842.37,0.773926,0.0217285,1.0078,0,0,1.22312e+08,0.7771
0,9427.25,1.42354e+09,0.757629,1.17693,1.19827,0.834534,6963.77,0.773254,0.024292,1.00698,0,0,1.2266e+08,0.776855
0,9420.84,1.42434e+09,0.761658,1.16495,1.19035,0.840088,7011.59,0.77124,0.0241699,1.00624,0,0,1.22818e+08,0.781677
0,9383.16,1.41571e+09,0.758057,1.16509,1.19504,0.836792,7008.23,0.770935,0.0240479,1.00549,0,0,1.2167e+08,0.771912
0,9267.88,1.38156e+09,0.756104,1.17262,1.19898,0.834045,7067.62,0.771545,0.0253296,1.00487,0,0,1.20197e+08,0.768494
0,9342.47,1.39763e+09,0.755615,1.06467,1.19968,0.833557,7176.72,0.771484,0.0263062,1.00427,0,0,1.21233e+08,0.768188
0,9287.47,1.38153e+09,0.751648,1.05757,1.20179,0.832092,7214.04,0.776855,0.0262451,1.00385,0,0,1.20238e+08,0.766846
0,9276.53,1.38027e+09,0.736389,1.38354,1.21354,0.824036,6862.42,0.766174,0.0292969,1.00353,0,0,1.19891e+08,0.758545
0,9373.03,1.39719e+09,0.739563,1.37584,1.20835,0.827576,6907.35,0.768066,0.0292969,1.00319,0,0,1.21505e+08,0.761292
0,9318.53,1.37749e+09,0.734619,1.31895,1.21534,0.822815,6759.28,0.771729,0.0300293,1.0028,0,0,1.18631e+08,0.750916
0,9144.53,1.33691e+09,0.73291,1.3166,1.21769,0.821228,6590.17,0.770264,0.0300903,1.00262,0,0,1.15341e+08,0.749268
0,8956.56,1.31748e+09,0.781921,1.27891,1.16034,0.861816,6925.53,0.76825,0.0241089,1.00233,0,0,1.21042e+08,0.786011
0,9172.12,1.38064e+09,0.793701,1.02502,1.14445,0.873779,9373.02,0.792725,0.0206909,1.0021,0,0,1.24585e+08,0.797668
0,9302.81,1.41488e+09,0.786438,0.997739,1.14846,0.870728,9650.76,0.798645,0.0205688,1.0019,0,0,1.26014e+08,0.794739
0,9466.91,1.44679e+09,0.788574,0.988273,1.14662,0.872131,10092,0.798218,0.019165,1.00172,0,0,1.27504e+08,0.796448
0,9528.66,1.45915e+09,0.776001,1.37859,1.16157,0.860901,9913.05,0.790466,0.0175781,1.00154,0,0,1.26788e+08,0.785706
0,9314.75,1.41365e+09,0.783752,1.36094,1.15388,0.866638,10033.1,0.791138,0.0148926,1.00139,0,0,1.24906e+08,0.790771
0,9431.47,1.43775e+09,0.777588,1.36693,1.16067,0.861572,9993.32,0.793701,0.0151978,1.00125,0,0,1.25515e+08,0.78241
0,9441.53,1.43095e+09,0.765564,1.69063,1.17499,0.851074,9870.84,0.789673,0.0154419,1.00112,0,0,1.2617e+08,0.772278
0,9336,1.40315e+09,0.763367,1.84535,1.17837,0.848633,9716.82,0.787903,0.015564,1.00107,0,0,1.24318e+08,0.77002
0,9277.59,1.3967e+09,0.767578,1.8342,1.16962,0.85498,9849.32,0.786926,0.0137329,1.00093,0,0,1.24646e+08,0.777344
0,9415.34,1.42862e+09,0.772522,1.78754,1.16529,0.858154,9942.26,0.786316,0.0129395,1.00083,0,0,1.25563e+08,0.779785
0,9473.81,1.44123e+09,0.780701,1.93963,1.1605,0.861694,9871.89,0.781738,0.0125732,1.00075,0,0,1.26546e+08,0.778015
0,9508.75,1.45512e+09,0.79248,1.35657,1.14597,0.87262,10581.1,0.795593,0.00909424,1.00069,0,0,1.2804e+08,0.790222
0,9394.62,1.42366e+09,0.777344,1.4197,1.1624,0.860291,10450.6,0.794556,0.00891113,1.00062,0,0,1.23472e+08,0.778137
0,9336.31,1.41347e+09,0.777405,1.44346,1.16273,0.860046,10481.9,0.793152,0.00848389,1.00055,0,0,1.24655e+08,0.77832
0,9526.44,1.43044e+09,0.732971,1.49402,1.20817,0.827698,10041.4,0.798523,0.0107422,1.0005,0,0,1.20184e+08,0.746521
0,9572.94,1.44895e+09,0.741089,1.37591,1.19854,0.834351,10009.8,0.800476,0.0119019,1.00045,0,0,1.22041e+08,0.753784
0,11314.2,1.93166e+09,0.706116,2.12239,1.24084,0.805908,9588.93,0.779053,0.0209351,0.452825,1.46262,10.4328,1.41551e+08,0.724792
0,13594.6,2.7451e+09,0.700806,2.24961,1.24159,0.80542,17743.6,0.771851,0.0236206,0.508042,1.36038,7.17003,1.54168e+08,0.717163
0,17460.7,3.59606e+09,0.650452,2.58712,1.29446,0.772522,17310.9,0.749878,0.0392456,0.510573,1.37147,7.2153,1.62816e+08,0.68335
0,22404.4,5.08569e+09,0.628052,2.55999,1.32664,0.753784,17488.9,0.741211,0.0601196,0.597049,1.38176,5.35605,1.8082e+08,0.664124
0,26444,6.2983e+09,0.58252,2.84373,1.39237,0.718201,17302.7,0.727966,0.0826416,0.618427,1.40048,5.12833,1.89277e+08,0.628052
0,29106.3,6.82123e+09,0.550598,3.25951,1.45261,0.688416,16964,0.705322,0.0977173,0.631512,1.36246,4.65463,1.95214e+08,0.5979
0,32573.4,7.81497e+09,0.522339,3.6613,1.52779,0.654541,16289.7,0.683228,0.111755,0.666685,1.29764,3.78848,2.00782e+08,0.563538
0,34161.8,8.08654e+09,0.501831,3.61524,1.57979,0.632996,16013.1,0.676758,0.118652,0.706141,1.2847,3.30995,2.0354e+08,0.542908
0,36654.3,8.74188e+09,0.486328,4.03025,1.62491,0.615417,15965.6,0.654236,0.121887,0.724983,1.26825,3.06021,2.13966e+08,0.520081
0,37509.4,9.21322e+09,0.490601,4.02863,1.61833,0.61792,16050.4,0.65802,0.124695,0.753269,1.26868,2.83664,2.21231e+08,0.524597
0,38298.8,9.81423e+09,0.495422,3.99465,1.61212,0.6203,16557.4,0.657593,0.125183,0.750918,1.30629,3.02616,2.26707e+08,0.529419
0,39048.4,1.02267e+10,0.491638,4.17354,1.6254,0.615234,17032.5,0.64325,0.12677,0.775227,1.30383,2.82869,2.33351e+08,0.528931
0,39355.7,1.04875e+10,0.477539,4.34617,1.65012,0.606018,17256.7,0.637695,0.133667,0.796672,1.27251,2.55132,2.34863e+08,0.52832
0,39281.2,1.05817e+10,0.50415,4.30082,1.61705,0.618408,18186.6,0.638489,0.131104,0.825949,1.27333,2.37671,2.26485e+08,0.574768
0,39828,1.09444e+10,0.506104,4.30115,1.6161,0.618774,18289.1,0.638428,0.128967,0.832215,1.27333,2.34105,2.26585e+08,0.57843
0,40824.6,1.20081e+10,0.502625,4.36945,1.62138,0.61676,19234.2,0.642517,0.119141,0.823912,1.29262,2.46137,2.4476e+08,0.600891
0,37051.1,1.09806e+10,0.551331,3.63184,1.52254,0.656799,13493,0.660583,0.116577,0.828988,1.28965,2.42019,2.3269e+08,0.623108
0,32539.2,1.01984e+10,0.615662,2.9378,1.40214,0.713196,13260.6,0.691406,0.0982666,0.85358,1.29134,2.28873,2.22442e+08,0.671875
0,26935.8,8.67387e+09,0.685547,2.37738,1.29743,0.770752,12472.8,0.717163,0.0736694,0.846426,1.25353,2.19326,2.0827e+08,0.720642
0,22746.2,7.55833e+09,0.751648,1.92786,1.21318,0.82428,13156.9,0.742676,0.045166,0.864359,1.25134,2.09587,1.99114e+08,0.779968
0,19071.4,6.39597e+09,0.787598,2.40984,1.17431,0.851562,15267.8,0.743896,0.0292358,0.867577,1.30135,2.24994,1.92115e+08,0.8078
0,16510,5.91183e+09,0.832275,2.73425,1.13431,0.881592,17175.5,0.759094,0.019104,0.838295,1.31398,2.45687,1.84827e+08,0.850342
0,13437.4,4.85348e+09,0.879761,2.38212,1.09643,0.912048,18239.9,0.789429,0.0137329,0.819577,1.33947,2.67108,1.66983e+08,0.882568
0,13079.4,4.64895e+09,0.882202,2.37478,1.09475,0.913452,18216.3,0.790344,0.0114136,0.836071,1.33755,2.55939,1.62895e+08,0.886902
0,12507.2,4.12305e+09,0.887512,2.31382,1.08972,0.917664,17885.9,0.797424,0.0108643,0.952865,1.26751,1.76945,1.55196e+08,0.893616
0,12085.4,3.76734e+09,0.922363,2.16368,1.06514,0.938843,17779.4,0.812256,0.00897217,0.899715,1.31539,2.13747,1.51307e+08,0.907837
0,11643.3,3.48532e+09,0.930542,2.06928,1.05867,0.94458,18422.8,0.822266,0.00177002,0.890204,1.45053,2.65507,1.48381e+08,0.924988
0,11423.7,3.37486e+09,0.922791,2.0771,1.06307,0.940674,17914.7,0.821472,0.00415039,0.911186,1.45815,2.56089,1.47441e+08,0.921997
0,10930.7,2.98864e+09,0.914673,2.08636,1.0675,0.936768,17493,0.820129,0.00518799,0.916064,1.45437,2.52057,1.46383e+08,0.918091
0,9677.56,1.83156e+09,0.91095,1.89726,1.06639,0.937744,15038,0.829895,0.00531006,2.92337,0,0,1.23088e+08,0.919922
0,9511.69,1.75163e+09,0.872192,2.45254,1.10673,0.903564,14218.5,0.796692,0.00854492,0.510869,3.26238,40.7803,1.22271e+08,0.88623
0,13609,5.5002e+09,0.836243,3.57786,1.14903,0.8703,12222.7,0.754089,0.00909424,0.429546,4.44963,107.307,1.90555e+08,0.852905
0,13997,5.92752e+09,0.835693,3.58142,1.14943,0.869995,12104.2,0.753052,0.00921631,0.484208,4.44963,84.447,2.00672e+08,0.852356
0,13821.4,5.86604e+09,0.836548,3.57575,1.14887,0.870422,11952.1,0.755005,0.00921631,0.550163,4.45747,65.6438,2.00573e+08,0.852905
0,13685.2,5.82948e+09,0.84259,3.31938,1.14158,0.875977,11395.4,0.759888,0.00927734,0.599311,4.45747,55.3189,2.01089e+08,0.858337
0,13877.9,5.89127e+09,0.868958,2.16702,1.10815,0.902405,11179.4,0.79126,0.00939941,0.647499,4.46528,47.5574,2.01556e+08,0.884644
0,13847.8,5.87195e+09,0.868164,2.18368,1.10883,0.901855,11379.1,0.789368,0.00964355,0.680157,4.46917,43.1753,2.01796e+08,0.884338
0,13830.9,6.04028e+09,0.86615,2.29451,1.11214,0.89917,11616.3,0.782288,0.00976562,0.691466,4.27352,38.1971,2.07255e+08,0.88147
0,13627.9,5.97625e+09,0.864563,2.29674,1.11312,0.898376,11369.7,0.783936,0.0100098,0.727502,4.28053,34.62,2.0633e+08,0.880676
0,14960.9,7.061e+09,0.860718,2.35032,1.11676,0.895447,11118.7,0.781799,0.0101929,0.76784,4.29587,31.3013,2.25954e+08,0.878052
0,15802.3,7.22234e+09,0.855713,2.33246,1.11936,0.893372,10210.7,0.788574,0.0103149,0.80085,4.32271,29.1346,2.30707e+08,0.87616
0,17049.7,7.4845e+09,0.872864,2.3308,1.10167,0.907715,10163.5,0.790039,0.010498,0.836963,4.36544,27.2047,2.37479e+08,0.871948
0,18277.6,7.72932e+09,0.874634,2.36745,1.101,0.908264,10133.6,0.796143,0.00817871,0.870415,4.40397,25.5998,2.44333e+08,0.872192
0,18892.5,7.82744e+09,0.857483,2.39626,1.11259,0.898804,9308.64,0.802246,0.0122681,0.887343,4.41347,24.7387,2.46527e+08,0.86322
0,19822.4,7.9956e+09,0.833069,2.45002,1.13196,0.883423,8514.6,0.805115,0.0164795,0.909218,4.43854,23.8311,2.4946e+08,0.849365
0,20508.3,8.13948e+09,0.823608,2.1911,1.14373,0.874329,6195.57,0.830444,0.013855,0.864986,4.60505,28.3433,2.46788e+08,0.857788
0,19314.5,6.42902e+09,0.843384,0.80825,1.11585,0.896179,6244.45,0.878479,0.0165405,2.09196,3.60924,2.97664,2.14302e+08,0.87915
0,17313.5,4.23974e+09,0.820801,0.810834,1.13968,0.877441,5862.95,0.888794,0.0200195,1.97972,3.77195,3.63014,1.72477e+08,0.859314
0,18236.3,4.40823e+09,0.804993,0.887898,1.15935,0.862549,5697.89,0.890991,0.0203247,1.93011,3.79763,3.87131,1.76035e+08,0.844299
0,19079.1,4.54896e+09,0.768616,1.00473,1.20091,0.832703,5200.28,0.894775,0.0258789,1.87403,3.81766,4.14993,1.77795e+08,0.81488
0,19539.5,4.60178e+09,0.733215,1.18506,1.2504,0.799744,4834.7,0.896729,0.0270386,1.80664,3.82911,4.49212,1.78189e+08,0.78186
0,20220.4,4.7191e+09,0.706177,1.24983,1.28472,0.778381,4587.03,0.899536,0.0316162,1.75169,3.84376,4.81502,1.7953e+08,0.760254
0,21278,4.95406e+09,0.680481,1.41009,1.3275,0.753296,4348.08,0.903381,0.0322876,1.70078,3.85772,5.14474,1.83099e+08,0.736145
0,21662.8,4.87735e+09,0.651428,1.43161,1.37024,0.729797,3909.94,0.911194,0.0443115,3.82294,0.939768,0.0604292,1.77886e+08,0.712891
0,22145.8,4.94526e+09,0.621399,1.59206,1.42099,0.703735,3710.63,0.907959,0.0459595,3.57013,0.930472,0.0679263,1.79126e+08,0.686707
0,21433.1,4.02633e+09,0.60376,1.62573,1.45068,0.689331,4228.8,0.903381,0.0465698,3.933,0,0,1.61463e+08,0.67218
0,20744.9,3.90279e+09,0.557312,1.84528,1.53552,0.651245,4047.49,0.899902,0.0570068,3.64513,0,0,1.56441e+08,0.633606
0,20308.1,3.80156e+09,0.537048,1.97252,1.58453,0.631104,3871.1,0.895569,0.0578613,3.39149,0,0,1.53917e+08,0.612854
0,19642.8,3.64107e+09,0.514099,2.0037,1.63204,0.612732,3794.74,0.895752,0.0650635,3.15979,0,0,1.50599e+08,0.591125
0,19724.4,3.66974e+09,0.518066,1.94331,1.6161,0.618774,3845.49,0.896057,0.0623169,2.94761,0,0,1.51725e+08,0.581604
0,19649.2,3.64921e+09,0.500671,2.18832,1.65931,0.602661,3839.54,0.886902,0.0619507,2.75155,0,0,1.49618e+08,0.559937
0,19206.8,3.5394e+09,0.470886,2.26253,1.72645,0.579224,3789.93,0.889893,0.0715332,2.58153,0,0,1.47297e+08,0.535889
0,19069.6,3.51452e+09,0.466309,2.24255,1.73467,0.576477,3710.93,0.890381,0.0710449,2.42731,0,0,1.46968e+08,0.526489
0,18771.6,3.45159e+09,0.450012,2.24652,1.7621,0.567505,3588.59,0.892273,0.0803833,2.28877,0,0,1.46787e+08,0.513794
0,18387.8,3.36732e+09,0.427856,2.34473,1.82735,0.547241,3533.31,0.894165,0.086853,2.16449,0,0,1.43991e+08,0.490112
0,18300.9,3.35292e+09,0.435303,2.20356,1.78456,0.560364,3576.53,0.89325,0.090271,2.04537,0,0,1.4563e+08,0.49646
0,18348.5,3.4244e+09,0.435791,2.41673,1.78592,0.559937,3548.55,0.888855,0.0951538,1.94475,0,0,1.47158e+08,0.495117
0,17975.8,3.3901e+09,0.407532,2.49168,1.87203,0.53418,3472.09,0.892883,0.106201,1.85373,0,0,1.43552e+08,0.462402
0,17866.6,3.31666e+09,0.402466,2.51276,1.88843,0.529541,3491.36,0.891541,0.110291,1.77148,0,0,1.42808e+08,0.45697
0,17592.9,3.21033e+09,0.399902,2.43965,1.87417,0.533569,3485.95,0.886902,0.105713,1.69437,0,0,1.4261e+08,0.452881
0,17655.7,3.34096e+09,0.37738,2.85918,1.95957,0.510315,3523.29,0.886902,0.118347,1.62766,0,0,1.41118e+08,0.428284
0,17766.3,3.31514e+09,0.363464,2.95292,2.01724,0.495728,3247.2,0.893799,0.124207,1.56482,0,0,1.39141e+08,0.413147
0,17591.6,3.24967e+09,0.362061,3.03444,2.00539,0.498657,3284.91,0.893005,0.127563,1.50796,0,0,1.38916e+08,0.409424
0,17488,3.19916e+09,0.347595,3.11603,2.06036,0.485352,3375.22,0.891907,0.135437,1.40062,0.192715,0.0189316,1.40232e+08,0.395142
0,17444.5,3.72651e+09,0.3797,2.90761,1.93299,0.517334,3788.26,0.88208,0.131042,1.3445,0.197311,0.0215369,1.53574e+08,0.419922
0,16649.5,3.57405e+09,0.414856,2.73419,1.81399,0.55127,3830.45,0.876953,0.128296,1.30559,0.201231,0.023756,1.54145e+08,0.453979
0,16454,3.57042e+09,0.472534,2.07172,1.64498,0.60791,4090.68,0.876526,0.11792,1.2732,0.201231,0.0249803,1.57885e+08,0.50354
0,15704.9,3.42605e+09,0.506531,1.94267,1.56665,0.638306,4148.06,0.874451,0.115723,1.24401,0.20539,0.0272591,1.58232e+08,0.532654
0,15618.2,3.67805e+09,0.539429,1.8116,1.49694,0.66803,4354.99,0.867188,0.103394,1.18045,0.256279,0.0471338,1.5971e+08,0.56012
0,15671.8,3.72473e+09,0.536987,1.78673,1.45895,0.685425,4742.75,0.839722,0.0997925,1.00216,0.349344,0.121515,1.63219e+08,0.572205
0,15151.2,3.58684e+09,0.488708,1.86605,1.50409,0.664856,4907.07,0.81958,0.0969849,0.924532,0.351608,0.144635,1.62459e+08,0.551331
0,14697.5,3.46361e+09,0.440063,1.98398,1.5552,0.643005,5099.9,0.802856,0.0896606,0.877568,0.338925,0.149158,1.61106e+08,0.525146
0,14469.7,3.40517e+09,0.413452,1.81452,1.56112,0.640564,5528.51,0.78363,0.0775146,0.856081,0.324667,0.143829,1.62194e+08,0.525757
0,13915.7,3.21354e+09,0.371277,1.99828,1.61181,0.620422,5728.81,0.763672,0.0715942,0.846427,0.311959,0.135836,1.59697e+08,0.504883
0,13416.6,3.08308e+09,0.322021,2.21753,1.68594,0.59314,5819.7,0.748047,0.0669556,0.847688,0.303085,0.127837,1.52496e+08,0.480713
0,13205.2,2.92989e+09,0.327148,2.16868,1.68058,0.595032,6084.94,0.737671,0.0549316,0.86058,0.316153,0.134962,1.53444e+08,0.489136
0,14383.4,3.2261e+09,0.346313,2.24811,1.65245,0.605164,6461.44,0.729187,0.0474243,0.828442,0.797542,0.926793,1.61774e+08,0.510925
0,17530.8,5.14235e+09,0.34613,2.21457,1.66335,0.601196,6820.13,0.718872,0.0395508,0.736844,2.22578,9.12457,1.85799e+08,0.535156
0,17273.8,5.1367e+09,0.346252,2.19528,1.66318,0.601257,7166.7,0.715332,0.0328979,0.761754,2.23593,8.61566,1.77955e+08,0.57196
0,16421.4,4.4494e+09,0.438232,2.11169,1.54173,0.648621,6850.76,0.717468,0.0291748,0.785333,2.23286,8.08377,1.71346e+08,0.579651
0,16645.3,4.57284e+09,0.511719,2.06406,1.45999,0.684937,6895.22,0.713989,0.0288086,0.805966,2.23007,7.656,1.73925e+08,0.578552
0,16801.2,4.60726e+09,0.591675,2.00925,1.37924,0.725037,6771.82,0.713623,0.0286865,0.823114,2.23007,7.34032,1.75853e+08,0.577759
0,16835,4.61479e+09,0.639709,1.97681,1.33518,0.748962,6796.53,0.708679,0.0286255,0.832732,2.22991,7.17076,1.77278e+08,0.577637
0,16746.3,4.59514e+09,0.75177,1.89852,1.24112,0.805725,6779.91,0.706848,0.0283813,0.855398,2.23007,6.79672,1.80599e+08,0.578796
0,16225.5,4.20525e+09,0.790344,1.67951,1.19959,0.833618,6662.1,0.723633,0.0266113,0.861151,2.28011,7.01056,1.77935e+08,0.595947
0,15932.4,4.16846e+09,0.805908,1.49512,1.1765,0.849976,6770.87,0.730469,0.0231934,0.862513,2.336,7.33526,1.75087e+08,0.647461
0,15736.7,4.08602e+09,0.784119,1.53076,1.18656,0.842773,6910.63,0.723572,0.0245972,0.887089,2.37904,7.19232,1.73097e+08,0.674011
0,15808.7,4.10073e+09,0.726501,1.51186,1.22727,0.814819,7252.55,0.7229,0.0256958,0.900468,2.41219,7.17607,1.70556e+08,0.679321
0,16023.6,4.23197e+09,0.679565,1.49814,1.26547,0.790222,7333.94,0.719421,0.0250244,0.90987,2.4359,7.16739,1.72229e+08,0.690613
0,16041.8,4.28939e+09,0.61969,1.55784,1.31927,0.757996,7700.73,0.714294,0.024292,0.921081,2.4679,7.17892,1.70082e+08,0.695251
0,15957.3,4.28144e+09,0.555542,1.52205,1.39001,0.719421,8297.63,0.715759,0.0233765,0.914029,2.50549,7.5139,1.65535e+08,0.695496
0,14446.5,3.89181e+09,0.531067,1.52585,1.4242,0.702148,8010.56,0.705017,0.0223999,0.965198,2.61212,7.32407,1.62361e+08,0.676636
0,12802.1,3.24467e+09,0.491516,1.63598,1.47126,0.679688,7920.31,0.685486,0.0196533,1.17121,0.436813,0.139098,1.60054e+08,0.64502
0,10525.8,1.74053e+09,0.477539,1.73965,1.4979,0.667603,8125.07,0.674133,0.0161133,1.18802,0.312586,0.0692298,1.29148e+08,0.608643
0,10179.7,1.60991e+09,0.458069,1.96217,1.54479,0.647339,8037.96,0.655823,0.0126343,1.15838,0.307789,0.0705997,1.24978e+08,0.558716
0,9959.47,1.46853e+09,0.469421,2.23493,1.55667,0.642395,8049.88,0.639221,0.0122681,1.15599,0.313332,0.0734684,1.22711e+08,0.509766
0,9855,1.40537e+09,0.476929,2.43325,1.57312,0.635681,8343.76,0.625366,0.0112915,1.13537,0.311236,0.0751462,1.21198e+08,0.458374
0,9838.44,1.36997e+09,0.471558,2.65465,1.60564,0.622803,8469.43,0.608704,0.0113525,1.1171,0.309047,0.0765356,1.19575e+08,0.406006
0,9958.12,1.38559e+09,0.507141,2.74791,1.57417,0.635254,8886.55,0.598755,0.0115356,1.06938,0.439548,0.168946,1.21599e+08,0.375427
0,10013.5,1.40604e+09,0.547791,2.70626,1.52608,0.655273,9272.25,0.601135,0.0125732,1.06723,0.440152,0.170093,1.23967e+08,0.371582
0,10162,1.44913e+09,0.628723,2.63121,1.43719,0.695801,9614.25,0.602234,0.0126343,1.06271,0.440745,0.172008,1.28016e+08,0.371948
0,12493.2,3.52981e+09,0.699524,2.62954,1.36898,0.730469,9726.35,0.604187,0.0126953,0.95607,1.35326,2.00348,1.68108e+08,0.369812
0,12474.1,3.54752e+09,0.732727,2.39559,1.32001,0.757568,9803.58,0.621826,0.0106812,0.955765,1.38235,2.09187,1.70463e+08,0.380066
0,12502.5,3.59314e+09,0.7547,2.112,1.2825,0.779724,10041,0.642395,0.00787354,0.949219,1.41726,2.22929,1.7374e+08,0.419739
0,12078.1,3.53092e+09,0.778198,1.88673,1.24517,0.803101,10281.2,0.6651,0.00628662,0.948544,1.4666,2.39062,1.70066e+08,0.471497
0,11826.8,3.43223e+09,0.807861,1.61304,1.20117,0.83252,10666.3,0.694885,0.00500488,0.942771,1.53684,2.65732,1.69391e+08,0.538879
0,11785,3.40613e+09,0.832458,1.3987,1.16679,0.857056,11014.4,0.712219,0.00372314,0.939928,1.60372,2.91118,1.70856e+08,0.603149
0,11605.1,3.38367e+09,0.853027,1.21022,1.13976,0.87738,11424.2,0.732605,0.00366211,0.93537,1.6599,3.14916,1.70985e+08,0.637756
0,11461.4,3.39672e+09,0.880249,0.992389,1.10606,0.904114,12003,0.756836,0.003479,0.930016,1.76517,3.6024,1.72011e+08,0.708557
0,11309.4,3.40432e+09,0.907959,0.765667,1.07429,0.930847,12851.5,0.781555,0.00317383,0.913326,1.88197,4.24595,1.72223e+08,0.784241
0,11269.1,3.43521e+09,0.937317,0.50503,1.04323,0.958557,14470.5,0.808716,0.00299072,0.864969,1.96207,5.14553,1.71644e+08,0.853699
0,11418,3.49858e+09,0.959656,0.381931,1.02477,0.97583,16005.4,0.824646,0.00299072,0.842783,2.06055,5.97774,1.72949e+08,0.904297
0,11335.9,3.49956e+09,0.974548,0.327188,1.01638,0.983887,19302.9,0.838745,0.00311279,0.815662,2.15678,6.9918,1.72118e+08,0.95459
0,11433.7,3.49591e+09,0.951904,0.358861,1.02889,0.971924,19952.5,0.831116,0.00537109,0.90663,2.29534,6.40965,1.73031e+08,0.96283
0,11312,3.4227e+09,0.887329,0.51255,1.07099,0.933716,16514.3,0.815369,0.00811768,0.960338,2.11389,4.84523,1.70224e+08,0.926147
0,9478.28,1.41421e+09,0.847168,1.33081,1.10501,0.904968,22507.9,0.793884,0.00915527,1.38153,0.34493,0.0623367,1.33724e+08,0.89447
0,9572.34,1.4121e+09,0.885376,1.91015,1.08784,0.91925,31467.9,0.783875,0.00872803,1.33999,0.344324,0.0660283,1.41252e+08,0.882874
0,10042.2,1.55816e+09,0.890381,1.90713,1.08503,0.921631,35377.4,0.786316,0.0119629,1.29667,0.342327,0.069698,1.48576e+08,0.875549
0,10180.1,1.56642e+09,0.839294,4.73051,1.1431,0.874817,31295.5,0.737488,0.0119019,1.26385,0.341465,0.0729957,1.47578e+08,0.828491
0,10321.7,1.57462e+09,0.760315,6.25927,1.21237,0.824829,28057.3,0.711792,0.0291138,1.2354,0.34071,0.0760601,1.43142e+08,0.77832
0,10433.4,1.64138e+09,0.657776,6.46173,1.29487,0.772278,25503,0.720947,0.0672607,1.19912,0.337339,0.0791422,1.34884e+08,0.725769
0,11033.8,1.7374e+09,0.59729,7.22532,1.3804,0.724426,23748.2,0.71521,0.0861816,1.18646,0.339098,0.0816851,1.35507e+08,0.677734
0,11387.1,1.89607e+09,0.531128,7.52501,1.49108,0.670654,21837.4,0.720032,0.109558,1.16886,0.339098,0.0841638,1.30879e+08,0.624268
0,11458.4,1.89548e+09,0.477173,10.7541,1.60896,0.621521,21012.3,0.678467,0.112244,1.14924,0.338238,0.0866207,1.27773e+08,0.575134
0,11762.3,1.93036e+09,0.417786,13.0031,1.76419,0.566833,20023.6,0.656555,0.121887,1.13118,0.337339,0.0889337,1.24452e+08,0.520691
0,11938.7,2.00421e+09,0.356018,13.7204,1.96051,0.510071,18793,0.664978,0.145752,1.10526,0.333333,0.0909562,1.17084e+08,0.464905
0,12478.8,2.08365e+09,0.298767,15.2009,2.1936,0.455872,18013.6,0.660095,0.161499,1.09174,0.332242,0.0926137,1.16816e+08,0.411438
0,13061.6,2.25609e+09,0.241211,16.2194,2.493,0.401123,17065.2,0.665894,0.173889,1.06933,0.32752,0.0938105,1.14875e+08,0.3573
0,12880.7,2.19901e+09,0.189087,21.7122,2.84346,0.351685,16349.9,0.621704,0.178467,1.06426,0.328482,0.0952637,1.08252e+08,0.302368
0,13215.3,2.33626e+09,0.15387,23.2194,3.20563,0.311951,15688,0.639099,0.199646,1.09718,0.340686,0.0964165,1.0298e+08,0.259888
0,13592.2,2.42795e+09,0.122864,24.6699,3.64737,0.27417,15320.4,0.655823,0.210388,1.24279,0.350207,0.0794066,1.01987e+08,0.245361
0,13497.8,2.46738e+09,0.100342,23.8436,4.03646,0.247742,13630.7,0.690796,0.234314,1.39129,0.279363,0.0403185,9.06936e+07,0.224365
0,13770.8,2.51511e+09,0.10675,25.7255,3.90374,0.256165,10088.8,0.663147,0.241577,1.31958,0.296923,0.0506308,9.9243e+07,0.170715
0,13425.2,2.45229e+09,0.0991821,25.5721,4.04743,0.24707,8382.34,0.673279,0.26178,1.31541,0.275993,0.0440221,8.98468e+07,0.129578
0,14086.8,2.60504e+09,0.0984497,20.0069,4.11245,0.243164,8037.55,0.729065,0.275024,1.29655,0.266497,0.0422478,9.36023e+07,0.12561
0,13686.5,2.51115e+09,0.105042,25.0245,3.9594,0.252563,8093.51,0.671753,0.238953,1.2653,0.266497,0.0443602,9.66584e+07,0.129578
0,13310,2.37575e+09,0.10437,27.5095,3.9489,0.253235,7947.1,0.64679,0.224792,1.23303,0.272727,0.0489227,9.2715e+07,0.124512
0,13285.6,2.40282e+09,0.104065,27.5639,3.96132,0.252441,7893.53,0.645874,0.215149,1.20982,0.272727,0.0508181,9.24918e+07,0.120911
0,13220,2.32652e+09,0.102661,27.3022,3.9825,0.251099,7784.08,0.649231,0.213806,1.14165,0.309408,0.0734515,9.09701e+07,0.118774
0,13589.8,2.46566e+09,0.0969238,22.561,4.11142,0.243225,7440.4,0.705139,0.235657,1.13326,0.306186,0.0729981,8.98734e+07,0.111206
0,13649.2,2.41578e+09,0.109863,25.1953,3.86689,0.258606,7991.2,0.660889,0.214661,1.13176,0.296923,0.0688298,9.84479e+07,0.125488
0,13454.5,2.42984e+09,0.106079,24.6933,3.92525,0.254761,7822.98,0.669556,0.221802,1.14362,0.275993,0.0582417,9.27283e+07,0.121826
0,13560.5,2.38603e+09,0.112183,25.2654,3.82268,0.261597,8064.34,0.653015,0.215454,1.10473,0.296923,0.0722391,9.86726e+07,0.128357
0,13496,2.46277e+09,0.105835,22.9675,3.94036,0.253784,7864.1,0.687012,0.231445,1.11459,0.279363,0.0628216,9.3161e+07,0.121094
0,14002.3,2.57549e+09,0.106262,20.1711,3.95367,0.25293,7816.04,0.714783,0.233643,1.08599,0.296923,0.0747544,9.95456e+07,0.12085
0,13798.8,2.47713e+09,0.121948,22.5327,3.68926,0.271057,8769.08,0.668518,0.214539,1.07837,0.296923,0.0758148,1.01801e+08,0.139099
0,13576.7,2.48013e+09,0.117188,22.6638,3.75177,0.266541,8614.7,0.677124,0.226257,1.05824,0.306186,0.0837155,9.80045e+07,0.13501
0,13850.7,2.48277e+09,0.121643,22.4747,3.67519,0.272095,8717.01,0.672974,0.215698,1.03203,0.319438,0.0958049,1.02389e+08,0.140137
0,15844.6,3.15498e+09,0.143555,19.1211,3.36565,0.297119,9367.91,0.69104,0.217773,1.01069,0.329848,0.10651,1.37062e+08,0.164917
0,18285.3,3.67721e+09,0.163025,16.9171,3.02791,0.330261,10926.3,0.689941,0.209412,1.01882,0.324964,0.101736,1.48553e+08,0.197571
0,20422.8,4.34591e+09,0.156128,16.5411,2.89112,0.345886,11502.2,0.671204,0.218933,1.0127,0.326894,0.104196,1.53747e+08,0.211792
0,20755.8,4.40495e+09,0.176147,12.3191,2.71348,0.36853,12298.8,0.688416,0.232178,0.922323,0.352767,0.146288,1.5578e+08,0.234009
0,20982.7,4.44589e+09,0.205627,8.02832,2.50443,0.399292,13677.8,0.719604,0.234802,0.871194,0.350095,0.161488,1.58243e+08,0.264282
0,20812.2,4.3319e+09,0.246399,7.7483,2.28285,0.438049,15221.5,0.694641,0.212708,0.846073,0.340549,0.16201,1.60293e+08,0.302307
0,20603.8,4.28124e+09,0.28009,6.31193,2.13195,0.469055,16493.8,0.698486,0.210266,0.841941,0.333333,0.156745,1.62635e+08,0.331238
0,20151.6,4.13992e+09,0.345581,6.04962,1.90357,0.52533,18289.9,0.655945,0.181519,0.865397,0.334858,0.149724,1.66631e+08,0.388672
0,19808.8,4.05988e+09,0.379517,4.16216,1.80879,0.552856,19416,0.665649,0.176514,0.858733,0.32599,0.14411,1.6824e+08,0.414429
0,19763,4.04828e+09,0.422424,3.70198,1.71237,0.583984,21352,0.654297,0.157043,0.865504,0.322364,0.138725,1.70166e+08,0.448792
0,19660.9,3.9766e+09,0.461487,3.22248,1.63873,0.610229,22944.2,0.642944,0.145264,0.873442,0.319841,0.134091,1.72517e+08,0.476868
0,19894.7,3.93426e+09,0.488464,6.03688,1.6275,0.614441,24322.2,0.579041,0.120239,0.887262,0.319637,0.129781,1.72761e+08,0.494507
0,19303.1,3.81744e+09,0.48645,8.10621,1.64647,0.607361,24456.6,0.548828,0.113831,0.897106,0.319036,0.126471,1.71762e+08,0.491394
0,20252.2,4.02054e+09,0.484253,7.10509,1.69082,0.591431,24799.6,0.562378,0.114502,0.90904,0.320129,0.124017,1.69312e+08,0.491638
0,21998.9,5.60611e+09,0.516235,7.03367,1.65696,0.603516,25972.1,0.549805,0.0980225,0.926003,0.323912,0.122357,1.96119e+08,0.527954
0,22094.7,5.74246e+09,0.517212,7.0243,1.65579,0.603943,27164.9,0.542236,0.0847778,0.937812,0.325892,0.120758,1.90571e+08,0.571472
0,17664.2,4.59773e+09,0.568909,6.73909,1.55034,0.64502,26871.1,0.563843,0.0751343,0.925165,0.316462,0.117005,1.88751e+08,0.594116
0,14933.4,3.7884e+09,0.637939,6.36669,1.41205,0.708191,27396.4,0.57782,0.0440674,0.923648,0.310004,0.112647,1.87408e+08,0.641602
0,14773.2,3.8087e+09,0.685242,6.12971,1.34185,0.745239,27183.9,0.605469,0.0299683,0.942676,0.314918,0.111602,1.89275e+08,0.670349
0,14682.9,3.81833e+09,0.695129,6.51759,1.32342,0.755615,26459.4,0.60791,0.0255737,0.96206,0.321401,0.111607,1.8904e+08,0.679993
0,14665.3,3.86501e+09,0.719482,6.30465,1.2818,0.780151,25843.3,0.62561,0.0219727,0.983783,0.328739,0.111661,1.88248e+08,0.704712
0,14915.6,4.01384e+09,0.736694,6.16102,1.25413,0.797363,25407.6,0.643616,0.020813,1.01003,0.337567,0.1117,1.89985e+08,0.721985
0,14935.6,4.02901e+09,0.738403,6.14355,1.25126,0.799194,24980.7,0.649353,0.0211792,0.994977,0.332539,0.111701,1.89073e+08,0.72406
0,14912.3,4.03314e+09,0.738953,6.12205,1.24945,0.800354,25811.8,0.644104,0.0239258,1.00002,0.334149,0.11165,1.88478e+08,0.725647
0,14844.2,4.02144e+09,0.738281,6.09947,1.25021,0.799866,26364.3,0.642029,0.0257568,0.992994,0.331593,0.111511,1.88402e+08,0.725708
0,13969.2,3.8105e+09,0.756226,5.35314,1.23262,0.811279,27997.6,0.654663,0.0265503,0.978963,0.325723,0.110705,1.88618e+08,0.736511
0,14187.2,3.8492e+09,0.782288,2.83194,1.19898,0.834045,30186.5,0.685913,0.0276489,0.968758,0.32016,0.10922,1.89979e+08,0.758667
0,14301.4,3.87328e+09,0.80481,1.33865,1.17062,0.854248,34062.6,0.697449,0.0223999,0.91791,0.440569,0.230371,1.89642e+08,0.788635
0,13536.6,3.7444e+09,0.843506,1.2818,1.14119,0.876282,38062.7,0.703247,0.0126343,0.923313,0.442483,0.229665,1.8402e+08,0.833191
0,11839.6,2.16685e+09,0.844788,1.28267,1.13936,0.877686,38065.5,0.707336,0.0114746,0.923953,0.441226,0.228047,1.52959e+08,0.835327
0,11549.6,1.99995e+09,0.842834,1.31708,1.14047,0.876831,39090.1,0.703735,0.0101318,0.624797,4.62308,54.7502,1.43026e+08,0.838135
0,11454.8,1.92092e+09,0.838013,1.32127,1.14318,0.874756,39987.9,0.701843,0.0106812,0.667423,4.6318,48.1613,1.34344e+08,0.83667
0,11735.9,1.98802e+09,0.835876,1.32665,1.14461,0.873657,39824.7,0.703186,0.0107422,0.678477,4.6318,46.6048,1.34825e+08,0.835571
0,11823.4,2.00662e+09,0.838745,1.31275,1.14134,0.87616,40524.8,0.703369,0.0108643,0.713254,4.64241,42.3641,1.3757e+08,0.838745
0,12111.8,2.06828e+09,0.836731,1.31808,1.1427,0.875122,40449.4,0.702454,0.0109253,0.72618,4.64649,40.9413,1.38415e+08,0.837708
0,12015.3,2.04627e+09,0.839355,1.31425,1.13992,0.877258,40703.6,0.70343,0.0108643,0.757939,4.65698,37.7521,1.39308e+08,0.839783
0,12294.7,2.11179e+09,0.851807,0.976096,1.12558,0.888428,41905.6,0.712219,0.0108643,0.782445,4.64396,35.2264,1.48051e+08,0.85083
0,12547.2,2.1738e+09,0.853333,0.980088,1.12466,0.88916,41976.2,0.713501,0.0109253,0.798733,4.62319,33.5027,1.55227e+08,0.851746
0,12742.4,2.20883e+09,0.8526,0.986728,1.12512,0.888794,42350.6,0.712891,0.0113525,0.820616,4.59788,31.3933,1.57698e+08,0.851379
0,13132.1,2.25227e+09,0.843811,1.16147,1.134,0.881836,42874.1,0.701782,0.0112915,0.676242,3.59358,28.239,1.60214e+08,0.844727
0,16993,3.44215e+09,0.82196,1.27047,1.14549,0.872986,43485.9,0.715332,0.0133057,0.643346,3.42833,28.3973,1.69234e+08,0.836182
0,17709.2,3.8133e+09,0.805054,1.52505,1.15543,0.865479,44493,0.707031,0.0159912,0.505269,3.93137,60.54,1.77995e+08,0.829956
0,17875.5,3.94911e+09,0.82782,1.37867,1.1276,0.886841,45188.4,0.729492,0.0170898,0.539485,3.88164,51.7692,1.77711e+08,0.852661
0,17701.6,3.99604e+09,0.860291,1.2213,1.10122,0.908081,46857.5,0.760559,0.015686,0.561886,3.79926,45.7196,1.73994e+08,0.881287
0,17514,4.27712e+09,0.875,1.0836,1.09001,0.917419,46462.9,0.785706,0.0148926,0.57306,3.73139,42.3975,1.67427e+08,0.90332
0,17391.5,4.35232e+09,0.864746,1.24674,1.09915,0.90979,44274.4,0.77655,0.0150757,0.654215,3.68536,31.7336,1.65758e+08,0.89563
0,16974.6,4.30346e+09,0.866821,1.18949,1.09665,0.911865,42596.4,0.785645,0.0148926,0.735412,3.6151,24.1647,1.61107e+08,0.897034
0,16964.1,4.34211e+09,0.86676,1.18184,1.09695,0.911621,42679.8,0.787354,0.0143433,0.761041,3.6151,22.5645,1.58698e+08,0.8974
0,16214.4,4.19537e+09,0.86853,1.17378,1.09475,0.913452,41804.2,0.790955,0.0141602,0.785081,3.61171,21.1639,1.53797e+08,0.899292
0,18835.9,5.51202e+09,0.851074,1.30196,1.11138,0.89978,40786.3,0.782288,0.015564,0.754505,3.64733,23.3683,1.66651e+08,0.885498
0,18670.5,5.48416e+09,0.846375,1.30953,1.11509,0.89679,40132.4,0.786682,0.0168457,0.778059,3.64414,21.9363,1.64095e+08,0.88147
0,18545.9,5.47936e+09,0.838318,1.29457,1.12004,0.892822,38433.5,0.790833,0.020813,0.806133,3.64947,20.495,1.60988e+08,0.874817
0,18041.2,5.41416e+09,0.841614,1.1888,1.11615,0.895935,36638.8,0.801819,0.0203247,0.849593,3.81007,20.1115,1.54564e+08,0.878418
0,17926.5,5.38882e+09,0.855652,1.01217,1.10323,0.906433,41533.7,0.815735,0.0197144,0.829774,3.91842,22.2999,1.59666e+08,0.887573
0,15235.7,4.85498e+09,0.903198,0.875879,1.06743,0.936829,44925.5,0.82782,0.0153809,0.838862,3.96488,22.3398,1.64153e+08,0.909302
0,15039.1,4.89778e+09,0.920288,0.540917,1.05127,0.951233,43419.9,0.853394,0.0115356,1.14792,3.73556,10.5899,1.55931e+08,0.929077
0,14843.6,4.86311e+09,0.920532,0.558152,1.05133,0.951172,44686,0.853699,0.00866699,1.02762,3.66631,12.729,1.56132e+08,0.932617
0,15226,5.24114e+09,0.917847,0.604062,1.05411,0.948669,44844.1,0.85022,0.00891113,0.970929,3.52267,13.1634,1.57866e+08,0.930054
0,15228,5.23321e+09,0.915649,0.60477,1.05526,0.947632,44561.8,0.850952,0.00927734,0.97289,3.52267,13.1104,1.58084e+08,0.929016
0,15542.4,5.28163e+09,0.910828,0.669619,1.05984,0.943542,47013.4,0.842041,0.00952148,0.991332,3.43612,12.0143,1.6088e+08,0.925293
0,20992.5,6.75311e+09,0.882019,0.802198,1.0831,0.923279,45679.9,0.830261,0.0144043,0.898794,3.38377,14.1736,1.79874e+08,0.904541
0,25860.9,8.03733e+09,0.84906,1.03286,1.11668,0.895508,48162.5,0.807312,0.0332642,0.981856,3.43745,12.2568,1.92758e+08,0.876953
0,29268.7,8.65196e+09,0.803528,1.34786,1.16554,0.857971,45778.2,0.785522,0.0526123,0.958204,3.7138,15.0218,2.01026e+08,0.839355
0,33337.2,9.38826e+09,0.750977,1.70902,1.228,0.814331,42821.2,0.760254,0.071167,1.05442,3.77466,12.8153,2.09338e+08,0.795837
0,34544.5,9.10481e+09,0.709717,2.39176,1.28825,0.776245,40754.4,0.724304,0.0896606,0.557444,4.72173,71.7463,2.07079e+08,0.749695
0,35820.4,9.53612e+09,0.668335,2.49731,1.33572,0.748657,40993.5,0.717407,0.0900879,0.597173,4.65532,60.7713,2.12898e+08,0.729248
0,36526.9,9.65558e+09,0.66687,2.51322,1.33812,0.747314,41746.5,0.716858,0.0895996,0.63545,4.6534,53.6264,2.20459e+08,0.72876
0,37262.1,9.77097e+09,0.652893,2.53194,1.35338,0.738892,43579.7,0.711121,0.0895996,0.67554,4.6534,47.4503,2.27673e+08,0.720337
0,37390.9,9.80238e+09,0.643311,2.55187,1.36465,0.732788,41942.6,0.707153,0.0896606,0.723148,4.66463,41.6084,2.21562e+08,0.714172
0,36443.6,9.27061e+09,0.643616,2.53612,1.36465,0.732788,39724.6,0.709473,0.0891113,0.749155,4.64554,38.4529,2.09693e+08,0.7146
0,36745.9,9.0169e+09,0.646606,2.49424,1.36102,0.734741,39662.5,0.709351,0.0890503,0.782819,4.70418,36.1114,2.12889e+08,0.716125
0,37061,8.83897e+09,0.640686,2.57284,1.3699,0.72998,39269.6,0.702759,0.0898438,0.821049,4.72048,33.0547,2.19895e+08,0.710876
0,36905.6,8.54695e+09,0.641907,2.57364,1.36887,0.73053,39325.8,0.704651,0.0895996,0.837924,4.71694,31.6892,2.21108e+08,0.711731
0,32677.6,7.40644e+09,0.672974,2.39161,1.32396,0.75531,38288.2,0.722046,0.0880737,0.741794,4.59073,38.2999,2.11375e+08,0.727661
0,27876.3,6.13256e+09,0.699402,3.03058,1.29364,0.77301,34561.7,0.701233,0.072937,0.63884,3.95233,38.2757,2.07863e+08,0.724915
0,23950.9,5.45661e+09,0.766418,2.62942,1.20924,0.826965,36224.9,0.727783,0.048645,0.643647,3.84272,35.6435,2.07446e+08,0.76825
0,19824,4.60137e+09,0.827026,2.34285,1.14286,0.875,37990.2,0.74884,0.0292969,0.625764,3.69078,34.7869,2.02294e+08,0.809082
0,16019.2,3.54761e+09,0.896423,1.75616,1.08095,0.92511,41702.1,0.779602,0.00952148,0.732873,3.42258,21.8096,1.99529e+08,0.863342
0,14884.9,3.02311e+09,0.905396,1.59294,1.07408,0.93103,41621,0.776733,0.00341797,0.727643,3.52473,23.4647,1.8361e+08,0.885498
0,16076.2,4.37187e+09,0.875732,1.96571,1.09842,0.9104,38980.3,0.755432,0.00354004,0.829248,3.55772,18.4066,2.05334e+08,0.873657
0,14956.2,4.09771e+09,0.876221,1.9606,1.09805,0.910706,33930.7,0.757874,0.00421143,0.845836,3.54917,17.6068,1.93392e+08,0.877563
0,15491.8,4.9238e+09,0.870056,2.11348,1.10486,0.90509,31776.5,0.726379,0.0043335,0.893179,3.5545,15.8373,1.98941e+08,0.880432
0,14771.9,4.74474e+09,0.875061,2.09996,1.10159,0.907776,30149.4,0.669983,0.00427246,0.907032,3.56003,15.405,1.96942e+08,0.883972
0,14462.8,4.66084e+09,0.87915,2.058,1.09834,0.910461,29931,0.630493,0.00439453,0.92348,3.57927,15.0222,1.96665e+08,0.887085
0,13814.6,4.49575e+09,0.884338,2.04954,1.09511,0.913147,30184.4,0.577942,0.0043335,0.943317,3.60477,14.6029,1.95835e+08,0.890869
0,12827.7,4.23856e+09,0.890625,1.98317,1.0903,0.917175,30379.8,0.501282,0.00396729,0.945072,3.59938,14.5053,1.88775e+08,0.897461
0,12651.9,4.57542e+09,0.898987,1.92433,1.0841,0.922424,30108.7,0.469727,0.00311279,0.953027,3.61829,14.4144,1.90105e+08,0.903259
0,12083.1,4.42625e+09,0.897339,1.91461,1.08496,0.921692,30082.9,0.444641,0.00292969,0.957904,3.616,14.25,1.81968e+08,0.905945
0,12114.4,4.42569e+09,0.89679,1.9245,1.08546,0.921265,30156.1,0.422607,0.00299072,0.962462,3.62163,14.1593,1.82453e+08,0.905518
0,11720.3,4.36088e+09,0.929565,1.07892,1.05357,0.949158,33155.9,0.406677,0.0032959,1.25443,3.57372,8.11609,1.77712e+08,0.934021
0,15689.5,8.36662e+09,0.928101,1.06017,1.05472,0.94812,20817.9,0.407349,0.00482178,1.46134,3.85757,6.96829,2.40614e+08,0.933044
0,15112.1,8.25946e+09,0.927368,1.04863,1.05499,0.947876,21621.5,0.408508,0.00445557,1.42147,3.86335,7.38679,2.31253e+08,0.936646
0,14544.2,8.15618e+09,0.928345,1.0442,1.05438,0.948425,17710.3,0.415283,0.0043335,1.36262,3.85176,7.99037,2.22514e+08,0.939392
0,14393.7,8.15104e+09,0.928772,1.03734,1.05397,0.948792,18567,0.417358,0.0043335,1.33165,3.86336,8.41693,2.20068e+08,0.941223
0,14273.4,8.20799e+09,0.957031,0.687405,1.03265,0.968384,19976.1,0.448242,0.00408936,2.23109,2.62044,1.37947,2.19127e+08,0.957275
0,12613.1,6.76542e+09,0.970154,0.490877,1.02189,0.978577,21132.6,0.46405,0.00421143,2.2637,3.07556,1.84591,1.93699e+08,0.972961
0,12463.1,6.72989e+09,0.968201,0.527613,1.02406,0.976501,24070.7,0.46283,0.00421143,2.19434,3.07556,1.96445,1.90607e+08,0.973206
0,13093.5,7.25487e+09,0.953979,0.530651,1.03193,0.969055,20388.2,0.479675,0.00616455,1.88316,4.4119,5.48879,1.97811e+08,0.966614
0,29831,2.33006e+10,0.94635,0.608647,1.03801,0.963379,19360.5,0.530029,0.00823975,1.67687,4.1962,6.26199,4.62928e+08,0.960938
0,30250.8,2.34649e+10,0.944336,0.602405,1.03887,0.962585,19250.5,0.580933,0.00946045,1.56765,4.14472,6.99026,4.68007e+08,0.960083
0,34307.9,2.69373e+10,0.941711,0.610888,1.04052,0.96106,19585.7,0.633301,0.0102539,1.47201,4.09757,7.74875,5.31629e+08,0.958557
0,34486.7,2.70919e+10,0.937927,0.611331,1.0427,0.959045,19188.1,0.698975,0.0114136,1.34431,4.00436,8.8729,5.29115e+08,0.956543
0,33697.3,2.65445e+10,0.938965,0.611805,1.04204,0.959656,18438.8,0.768127,0.0125732,1.23198,3.94306,10.2438,5.15671e+08,0.954834
0,34100.8,2.66567e+10,0.934814,0.606455,1.0443,0.957581,18190.7,0.818176,0.0127563,1.19118,3.91923,10.8255,5.1496e+08,0.95282
0,29741.7,2.26451e+10,0.947083,0.410063,1.03317,0.967896,20127.2,0.86676,0.0117798,1.22193,4.25717,12.138,4.4579e+08,0.962097
0,29369.3,2.25725e+10,0.950562,0.397882,1.03102,0.96991,20239.1,0.868958,0.0103149,1.20017,4.25717,12.5822,4.44542e+08,0.963806
0,29523.9,2.2599e+10,0.949585,0.403909,1.03154,0.969421,19297.7,0.868164,0.0103149,1.18169,4.25717,12.9787,4.45671e+08,0.962341
0,29574.2,2.25963e+10,0.949402,0.405551,1.03161,0.96936,18327.1,0.869385,0.010376,1.17374,4.27676,13.2765,4.46942e+08,0.960449
0,29296.3,2.2534e+10,0.95105,0.404197,1.0307,0.970215,17855.5,0.870239,0.010498,1.14965,4.27676,13.8389,4.464e+08,0.959534
0,29437.4,2.25897e+10,0.94696,0.492963,1.03434,0.966797,16920.9,0.866882,0.0108032,1.12893,4.27118,14.314,4.47847e+08,0.955017
0,29559.5,2.26587e+10,0.963013,0.43399,1.02528,0.975342,16393.5,0.86792,0.00994873,1.12959,4.29626,14.4658,4.51392e+08,0.955872
0,25853.5,1.92482e+10,0.972107,0.299607,1.01789,0.982422,18213.7,0.875916,0.00775146,1.76877,4.30691,5.92911,3.97192e+08,0.968384
0,11371.7,5.18563e+09,0.986023,0.197842,1.00868,0.991394,19815.4,0.878601,0.00567627,5.65533,0,0,1.74772e+08,0.972961
0,11062.6,5.06675e+09,0.988403,0.204659,1.00763,0.992432,20197.6,0.874023,0.00445557,5.37064,0,0,1.74115e+08,0.973083
0,9321.69,3.10938e+09,0.985962,0.21183,1.00887,0.991211,19793.5,0.875549,0.00469971,5.08739,0,0,1.41343e+08,0.971741
0,7236.31,1.4094e+09,0.987549,0.209143,1.008,0.992065,19537.9,0.87793,0.00408936,4.68806,0,0,1.1212e+08,0.973389
0,7679.06,1.50069e+09,0.969849,0.238371,1.01713,0.983154,17737.2,0.873352,0.00933838,4.20366,0,0,1.14188e+08,0.965393
0,7505.09,1.44403e+09,0.946838,1.01925,1.03749,0.963867,17147.9,0.855164,0.0114746,3.84024,0,0,1.13009e+08,0.946899
0,7696.84,1.4763e+09,0.93042,1.18359,1.04831,0.953918,15827,0.847351,0.0158081,3.43508,0,0,1.13972e+08,0.9375
0,7704.38,1.45811e+09,0.930481,1.18759,1.04831,0.953918,15970.5,0.846436,0.0158081,3.27978,0,0,1.1447e+08,0.937866
0,7849.16,1.48825e+09,0.930115,1.19187,1.04858,0.953674,16266.6,0.846741,0.0160522,3.04454,0,0,1.15232e+08,0.937378
0,7861.62,1.48572e+09,0.926086,1.19567,1.05309,0.949585,15984.6,0.842468,0.0160522,2.76838,0,0,1.14984e+08,0.933472
0,7879.28,1.47525e+09,0.914062,1.48392,1.06611,0.937988,14342.1,0.8349,0.0162354,2.59115,0,0,1.15077e+08,0.923035
0,7809.19,1.43832e+09,0.895752,2.10033,1.0864,0.920471,12513.7,0.817444,0.0166016,2.43212,0,0,1.12917e+08,0.906189
0,8131.09,1.48677e+09,0.888428,2.01039,1.08994,0.91748,16246.4,0.818481,0.0205078,2.22918,0,0,1.17805e+08,0.902527
0,7707.56,1.32539e+09,0.889465,1.984,1.0851,0.92157,15360.3,0.819458,0.0233154,2.05016,0,0,1.1218e+08,0.901489
0,7931.19,1.37559e+09,0.890686,1.9841,1.08302,0.92334,15145.9,0.822876,0.0237427,1.94955,0,0,1.14435e+08,0.900513
0,7906.69,1.37671e+09,0.886841,1.98421,1.08799,0.919128,14536.1,0.824463,0.0234985,1.81166,0,0,1.13868e+08,0.892822
0,8614.19,1.81741e+09,0.851257,2.06,1.1205,0.892456,12915.8,0.822571,0.0294189,1.49769,0.31604,0.0445284,1.13702e+08,0.866272
0,14714.2,7.5324e+09,0.8396,2.20551,1.13165,0.883667,12257.2,0.81311,0.0282593,0.420768,3.38131,64.578,2.03593e+08,0.857422
0,14576,7.52122e+09,0.843689,2.18571,1.12551,0.888489,12486,0.813843,0.0241089,0.4776,3.38131,50.1235,2.01204e+08,0.863464
0,14886.6,7.61139e+09,0.865173,1.19849,1.09893,0.909973,12457.3,0.83606,0.0219116,0.535087,3.4005,40.3865,2.05568e+08,0.885376
0,14743.5,7.59197e+09,0.875488,1.17935,1.08748,0.919556,12468,0.8396,0.0177612,0.593346,3.4005,32.845,2.068e+08,0.891724
0,14561.9,7.55625e+09,0.881104,1.16967,1.08138,0.924744,12193.9,0.841431,0.0174561,0.633999,3.4005,28.7679,2.053e+08,0.892517
0,14433.6,7.58677e+09,0.883911,1.16928,1.07853,0.927185,12388.9,0.84198,0.0176392,0.681898,3.39096,24.729,2.02748e+08,0.895325
0,25193.3,1.77996e+10,0.879944,1.34156,1.08274,0.923584,14521.2,0.829407,0.0194092,0.630149,3.01992,22.967,3.71094e+08,0.891724
0,26592.8,1.80873e+10,0.896301,0.610614,1.06383,0.940002,16395.3,0.853027,0.0198364,0.69638,3.07856,19.5435,3.78649e+08,0.907227
0,28474.6,1.9097e+10,0.892273,0.692334,1.06722,0.937012,15310.6,0.85498,0.020813,0.74833,2.93403,15.3725,3.9581e+08,0.904236
0,37636.1,2.6176e+10,0.85199,0.833686,1.0979,0.910828,11525.1,0.849304,0.0383911,0.811083,2.93348,13.0809,5.06074e+08,0.877014
0,38267.1,2.63132e+10,0.863953,0.833259,1.09307,0.914856,15945.3,0.849731,0.0428467,0.829115,2.926,12.4543,5.14504e+08,0.872498
0,38678.4,2.6443e+10,0.864746,0.836896,1.0938,0.914246,18323.8,0.848572,0.0479736,0.861022,2.93348,11.6075,5.18401e+08,0.869995
0,38549.2,2.63957e+10,0.874023,0.81516,1.0877,0.919373,19347.9,0.851135,0.0495605,0.874847,2.92694,11.1934,5.20876e+08,0.8797
0,37787.4,2.58318e+10,0.873291,0.763415,1.08727,0.919739,23269.1,0.854065,0.0458984,0.927276,2.69525,8.4485,5.00359e+08,0.907654
0,33145.8,2.16017e+10,0.884277,0.65376,1.07782,0.927795,24294.6,0.862427,0.0469971,1.06099,2.70149,6.48308,4.37996e+08,0.912781
0,32926.5,2.15647e+10,0.884766,0.665824,1.07782,0.927795,24376.2,0.862122,0.0476685,1.05013,2.69735,6.59762,4.37311e+08,0.911621
0,32767.5,2.15302e+10,0.885803,0.656436,1.07712,0.928406,24286.9,0.861877,0.0476685,1.04748,2.70149,6.65149,4.37239e+08,0.911743
0,32763.3,2.15252e+10,0.883789,0.693715,1.07903,0.926758,24449.4,0.859741,0.0479736,1.04299,2.70149,6.70887,4.38053e+08,0.909851
0,32885,2.15445e+10,0.882996,0.695196,1.07953,0.926331,24080.1,0.860168,0.0480957,1.03882,2.70149,6.76286,4.38662e+08,0.908997
0,23506.3,1.24431e+10,0.889587,0.514847,1.07225,0.932617,23959.3,0.871582,0.046814,1.59844,1.83229,1.314,2.87721e+08,0.915283
0,21542.3,1.13399e+10,0.90271,0.483079,1.06369,0.940125,26449.6,0.868286,0.046936,1.46058,1.80794,1.53222,2.72706e+08,0.919189
0,20424.5,1.11628e+10,0.922546,0.416801,1.04884,0.95343,27463.2,0.865112,0.0472412,1.30976,1.79321,1.87447,2.70813e+08,0.924011
0,10424.4,2.92088e+09,0.973755,0.209061,1.01568,0.984558,34832.8,0.872437,0.0326538,3.13895,0.268018,0.00729051,1.49832e+08,0.950378
0,9754.12,2.7546e+09,0.966675,0.222545,1.01967,0.980713,27029.3,0.870117,0.0252686,2.91938,0.268018,0.00842841,1.38777e+08,0.953796
0,8970.88,2.54141e+09,0.955078,0.237032,1.0258,0.974854,19854.1,0.869019,0.0193481,2.67558,0.268018,0.0100344,1.30265e+08,0.954773
0,9200.53,2.46758e+09,0.944763,0.257751,1.03154,0.969421,19197.7,0.86615,0.0218506,2.50208,0.263523,0.0110926,1.29347e+08,0.949341
0,8784.56,2.13482e+09,0.944946,0.259093,1.03187,0.969116,19064.5,0.866882,0.0206909,2.40275,0.233854,0.00947261,1.25104e+08,0.949402
0,8682.31,1.87666e+09,0.914307,0.424935,1.05956,0.943787,13864.6,0.864441,0.0273438,2.36344,0.145721,0.0038015,1.19088e+08,0.924744
0,8436.44,1.64205e+09,0.908936,0.458774,1.06493,0.939026,13178.6,0.862732,0.0272217,2.2706,0,0,1.15821e+08,0.920654
0,8542.31,1.70574e+09,0.904053,0.484847,1.07043,0.934204,12659,0.858887,0.026001,2.13042,0,0,1.15552e+08,0.91687
0,8871.25,2.08628e+09,0.896362,0.521746,1.07917,0.926636,11496.2,0.854248,0.0259399,2.01195,0,0,1.14516e+08,0.910706
0,11910.1,4.6412e+09,0.856384,0.880221,1.11806,0.894409,10864.5,0.822449,0.0324097,0.677613,1.94977,8.27946,1.5623e+08,0.879028
0,11443.3,4.47725e+09,0.85968,0.824431,1.11479,0.897034,10496.8,0.727295,0.0318604,0.755165,1.97327,6.82795,1.49812e+08,0.883911
0,10523.8,4.16001e+09,0.866272,0.79532,1.1074,0.903015,6809.19,0.574341,0.0301514,0.856525,2.00739,5.49269,1.38215e+08,0.888245
0,10072.7,3.98209e+09,0.889648,0.699568,1.08031,0.925659,6889.93,0.514099,0.0263062,0.891963,2.02123,5.13496,1.38371e+08,0.895325
0,10218.7,4.1829e+09,0.890503,0.778012,1.07931,0.926514,7625.38,0.464966,0.026123,0.933756,1.97242,4.46201,1.41701e+08,0.896606
0,12051.8,5.17985e+09,0.889221,0.947793,1.07988,0.926025,9589.73,0.462891,0.0255737,0.816923,2.27231,7.73698,1.7167e+08,0.897217
0,13143.8,5.69872e+09,0.89209,1.02173,1.07542,0.929871,10839.2,0.462097,0.0213623,0.821652,2.14914,6.84154,1.84884e+08,0.902039
0,16256.6,7.30959e+09,0.858704,1.14802,1.09915,0.90979,10347.3,0.456482,0.0281982,0.862092,2.13412,6.12817,2.18976e+08,0.878906
0,16699.4,7.38658e+09,0.856873,1.16175,1.10048,0.908691,15828.1,0.454651,0.0272827,0.880424,2.1354,5.88266,2.2429e+08,0.877563
0,16869.1,7.48366e+09,0.897766,1.04994,1.07211,0.932739,18142.1,0.45459,0.0209351,0.893945,2.13667,5.71284,2.25997e+08,0.89856
0,17477.8,7.86668e+09,0.902954,1.0432,1.06924,0.935242,19302,0.457397,0.0214844,0.905611,2.13566,5.56136,2.3312e+08,0.901062
0,14304,4.96382e+09,0.921021,0.703962,1.05553,0.947388,26246,0.490173,0.0164185,0.929891,2.36129,6.44814,1.90582e+08,0.94104
0,15081.8,5.39527e+09,0.912842,0.776323,1.061,0.942505,26466.2,0.554932,0.0192261,0.768349,2.66381,12.0196,1.96303e+08,0.936157
0,16008.3,6.09282e+09,0.905579,0.823814,1.06688,0.937317,25872.1,0.607788,0.0206909,0.777343,2.60021,11.1891,1.97864e+08,0.930969
0,20641.5,9.90562e+09,0.889893,0.954361,1.07889,0.92688,24593.9,0.659363,0.0220337,0.667327,3.87243,33.6737,2.58581e+08,0.920532
0,22040.5,1.02063e+10,0.879761,0.987894,1.0851,0.92157,24247.4,0.719116,0.0238647,0.703537,3.88027,30.4194,2.6379e+08,0.915222
0,23513,1.05168e+10,0.870361,1.01761,1.0919,0.915833,23954.5,0.779724,0.0285034,0.740523,3.89575,27.6761,2.6819e+08,0.909241
0,24804.2,1.07835e+10,0.864014,1.04542,1.0982,0.910583,24224.6,0.837769,0.0333252,0.759586,3.88417,26.1482,2.72528e+08,0.903992
0,24072.1,9.83843e+09,0.845215,0.837413,1.10643,0.903809,20616.2,0.869629,0.0511475,0.781734,4.19302,28.7697,2.57866e+08,0.892151
0,23750.4,9.45717e+09,0.836548,0.837819,1.11267,0.898743,18539.5,0.86908,0.0650635,0.788214,4.16437,27.9132,2.59619e+08,0.878784
0,21643.1,8.10656e+09,0.86676,0.697307,1.09358,0.914429,18125.8,0.882751,0.069397,0.743269,4.28633,33.2567,2.45577e+08,0.880615
0,22183.9,8.29314e+09,0.857178,0.740741,1.10434,0.905518,12289.9,0.888062,0.0713501,0.787275,4.33125,30.2672,2.43503e+08,0.879211
0,23140.6,8.85485e+09,0.817322,0.824043,1.14166,0.875916,9978.12,0.892639,0.0825806,0.831778,4.36976,27.5995,2.42379e+08,0.850769
0,23211.7,8.81088e+09,0.801208,0.889446,1.15952,0.862427,9837.76,0.889587,0.0827637,0.860533,4.39513,26.086,2.42403e+08,0.841309
0,22844.6,8.55221e+09,0.800049,0.898568,1.16067,0.861572,9455.47,0.891724,0.0824585,0.87261,4.38827,25.2899,2.38333e+08,0.840454
0,22736.2,8.48951e+09,0.800598,0.861467,1.16009,0.862,9363.05,0.893982,0.0825806,0.94499,4.916,27.0626,2.31024e+08,0.843689
0,25280.3,9.38357e+09,0.776306,1.17539,1.18957,0.840637,10462.6,0.87854,0.0923462,0.605426,5.15162,72.4044,2.33306e+08,0.822327
0,30755.9,1.27505e+10,0.717957,1.32325,1.26254,0.792053,9750.46,0.882507,0.138367,0.733627,5.88574,64.3652,2.50023e+08,0.773315
0,37222.8,1.41718e+10,0.656311,1.54425,1.33966,0.74646,9212.03,0.86377,0.169312,0.848199,6.15014,52.5745,2.64458e+08,0.727905
0,35334.8,1.09453e+10,0.61084,1.56741,1.39783,0.715393,8263.61,0.867615,0.197876,1.0894,7.32206,45.1741,2.47436e+08,0.69397
0,35026.8,1.08804e+10,0.594238,1.61535,1.43117,0.69873,7806.42,0.865112,0.214233,1.07989,7.32206,45.9731,2.44556e+08,0.674561
0,35837.5,1.13505e+10,0.55188,1.77282,1.51311,0.660889,7635.96,0.857544,0.240723,1.07862,6.86159,40.4682,2.42619e+08,0.634827
0,37603,1.23077e+10,0.5448,1.83046,1.51887,0.658386,7540.48,0.84021,0.252869,1.10087,6.78406,37.9757,2.62408e+08,0.612183
0,37072.7,1.22996e+10,0.563232,1.7417,1.47843,0.676392,8248.96,0.835938,0.237427,1.07333,6.74526,39.4943,2.66535e+08,0.628174
0,36171.2,1.22035e+10,0.570679,1.69543,1.46207,0.68396,8271.42,0.831482,0.2323,1.04265,6.68896,41.1569,2.64276e+08,0.632935
0,35476.7,1.21846e+10,0.599487,1.60046,1.40527,0.711609,8501.06,0.821411,0.225159,1.01182,6.61694,42.7672,2.67804e+08,0.648865
0,34166.4,1.18071e+10,0.627319,1.58552,1.36329,0.733521,9537.57,0.815918,0.222229,0.983537,6.54679,44.3073,2.69586e+08,0.669434
0,34031.4,1.17169e+10,0.681702,1.5179,1.30425,0.766724,10008.5,0.812683,0.21344,0.968613,6.51849,45.2891,2.71167e+08,0.693787
0,34207.5,1.18726e+10,0.680847,1.54706,1.30706,0.765076,9830.53,0.79895,0.213257,1.02895,6.59022,41.0214,2.72458e+08,0.691833
0,13023.6,3.62629e+09,0.939087,0.470666,1.04052,0.96106,12905.6,0.819824,0.0656128,2.33441,1.98924,0.726139,1.82304e+08,0.897278
0,11564.4,3.28238e+09,0.970276,0.558749,1.0217,0.97876,17213.4,0.825928,0.0360718,2.92019,0.265615,0.00827339,1.74193e+08,0.933594
0,11308.6,2.50281e+09,0.912048,0.607472,1.0539,0.948853,14849.1,0.828613,0.0420532,2.73185,0.263243,0.00928537,1.6181e+08,0.921387
0,14305.1,4.07228e+09,0.88916,0.682498,1.06945,0.935059,14716.4,0.81842,0.0443115,2.54661,0.254951,0.0100228,1.75907e+08,0.91272
0,13710.4,3.80986e+09,0.89209,0.678772,1.06799,0.93634,14947.4,0.8172,0.0410156,2.40668,0.245734,0.0104254,1.75179e+08,0.916809
0,12574.5,3.46136e+09,0.903809,0.627583,1.06087,0.942627,13593.3,0.823486,0.0328979,2.04542,0.317177,0.0240458,1.77552e+08,0.927795
0,11645.9,3.00259e+09,0.908142,0.580087,1.05771,0.945435,13485.3,0.839661,0.0311279,1.92614,0.238158,0.0152881,1.66392e+08,0.933777
0,11741.8,3.07335e+09,0.907776,0.589698,1.05806,0.945129,13471.9,0.832886,0.031189,1.80579,0.241387,0.0178687,1.67943e+08,0.933472
0,12951.2,3.43431e+09,0.88147,0.674033,1.0769,0.928589,13528.7,0.823181,0.0379028,1.72502,0.243164,0.0198705,1.75158e+08,0.916931
0,13763.3,3.89933e+09,0.873413,0.698415,1.08245,0.923828,14291.7,0.81311,0.0385742,1.65134,0.247784,0.022515,1.8107e+08,0.91217
0,14746.5,4.16252e+09,0.849487,0.768669,1.10583,0.904297,14185,0.810669,0.0440674,1.58717,0.257605,0.0263429,1.83444e+08,0.892639
0,15765.8,4.62933e+09,0.836304,0.795945,1.11905,0.893616,15466.1,0.812012,0.0465088,1.52726,0.268391,0.0308824,1.92552e+08,0.881958
0,16654.8,5.04813e+09,0.827087,0.818288,1.12814,0.886414,16328.5,0.808411,0.0474854,1.47188,0.279626,0.0360919,1.95984e+08,0.874756
0,9574.28,2.52242e+09,0.966858,0.248209,1.02005,0.980347,20473.5,0.820312,0.0167236,1.27485,0.261426,0.0420512,1.44195e+08,0.93689
0,9247.19,2.14889e+09,0.966797,0.220436,1.0196,0.980774,21201.6,0.827454,0.0169678,1.25808,0.183137,0.0211903,1.38506e+08,0.937134
0,9436,2.19518e+09,0.964233,0.24009,1.02132,0.979126,21433.6,0.824951,0.0171509,1.24006,0,0,1.41163e+08,0.935547
0,9451.5,2.1975e+09,0.963989,0.240353,1.02145,0.979004,21454.6,0.7995,0.0172119,1.20799,0,0,1.41409e+08,0.935425
0,10062.2,2.45275e+09,0.958679,0.2521,1.02438,0.976196,22279.7,0.80835,0.017334,1.18523,0,0,1.5049e+08,0.932617
0,10921.7,2.89498e+09,0.958435,0.255553,1.02451,0.976074,22720.4,0.814758,0.0172729,1.16581,0,0,1.63924e+08,0.932434
0,9856.94,2.35191e+09,0.987854,0.156853,1.00756,0.992493,24887.1,0.825317,0.0101318,1.14712,0,0,1.52479e+08,0.951477
0,10357.8,2.66655e+09,0.987732,0.159574,1.00756,0.992493,24934.5,0.828491,0.00958252,1.13299,0,0,1.60872e+08,0.9552
0,10093.7,2.76986e+09,0.987854,0.15841,1.00744,0.992615,32069,0.827209,0.00250244,1.12001,0,0,1.57145e+08,0.978577
0,9993.94,2.79378e+09,0.987915,0.154677,1.00738,0.992676,31950.9,0.827942,0.00201416,1.10779,0,0,1.55772e+08,0.983704
0,10054.9,2.66555e+09,0.990906,0.131205,1.00546,0.994568,34306.5,0.826172,0.000854492,1.09748,0,0,1.59602e+08,0.991516
0,10560.9,2.98549e+09,0.989502,0.142665,1.00651,0.99353,36186.9,0.827454,0.00146484,1.08786,0,0,1.66754e+08,0.99054
0,10698.7,3.06623e+09,0.988281,0.182586,1.00769,0.992371,35758.4,0.839478,0.00146484,1.07699,0,0,1.68159e+08,0.98938
0,10428.5,3.00266e+09,0.991516,0.146876,1.00552,0.994507,37282.6,0.839661,0.000854492,1.04636,0,0,1.64601e+08,0.99231
0,4095.56,1567.81,0.999878,0.0078125,1.00006,0.999939,17349.5,0.875488,0,1.01508,0,0,6.71012e+07,0.999939
0,4099.06,110103,0.999878,0.0078125,1.00006,0.999939,43246.4,0.88446,0,1.01259,0,0,6.71585e+07,0.999939
0,5504.38,3.30906e+08,0.993652,0.0877793,1.0038,0.996216,26786.1,0.902344,0.000549316,1.01084,0,0,8.82811e+07,0.996216
0,5518.88,3.3431e+08,0.993652,0.0877793,1.0038,0.996216,26786.1,0.864868,0.000549316,1.00822,0,0,8.85187e+07,0.996216
0,7804.66,1.0636e+09,0.976196,0.259419,1.01669,0.983582,25733.1,0.849854,0.00378418,1.00718,0,0,1.16977e+08,0.983582
0,8264.03,1.1672e+09,0.967224,0.32941,1.02336,0.977173,23886.1,0.84259,0.00506592,1.00647,0,0,1.2183e+08,0.977173
0,9143.94,1.46262e+09,0.963562,0.352662,1.02586,0.974792,27253.3,0.824097,0.00537109,1.00585,0,0,1.34569e+08,0.974792
0,9668.22,1.61633e+09,0.951782,0.390752,1.03454,0.966614,24273.8,0.8172,0.00909424,1.00513,0,0,1.38445e+08,0.966614
0,10393,1.81346e+09,0.949341,0.409344,1.03631,0.964966,28025.5,0.830811,0.00976562,1.00461,0,0,1.48734e+08,0.964966
0,8996.72,1.49735e+09,0.962769,0.307252,1.02496,0.975647,28307.7,0.795776,0.00946045,1.00211,0,0,1.31055e+08,0.967102
0,9558.19,1.62245e+09,0.957703,0.348935,1.02902,0.971802,29071.8,0.798828,0.00982666,1.0019,0,0,1.37605e+08,0.963257
0,11035.8,2.07476e+09,0.947388,0.409527,1.03657,0.964722,30157.2,0.812805,0.0109253,1.00172,0,0,1.54742e+08,0.956177
0,12188.1,2.67839e+09,0.942688,0.384002,1.03828,0.963135,30018.8,0.804993,0.010376,1.00154,0,0,1.62286e+08,0.952271
0,11312.7,2.3315e+09,0.949463,0.393897,1.0346,0.966553,39831.1,0.804321,0.0106812,1.00139,0,0,1.62658e+08,0.94812
0,11522.8,2.34256e+09,0.923401,0.543529,1.05608,0.946899,32196.7,0.797546,0.0118408,1.00126,0,0,1.62021e+08,0.926453
0,11064.9,2.12131e+09,0.889038,0.791842,1.08828,0.918884,25454.4,0.802246,0.0139771,1.00114,0,0,1.54635e+08,0.89801
0,11294.3,2.20103e+09,0.861511,0.82762,1.10635,0.90387,24061.6,0.802063,0.0113525,1.00102,0,0,1.54621e+08,0.888672
0,12274,3.07256e+09,0.848572,0.87513,1.11821,0.894287,22882.4,0.797363,0.0135498,1.00093,0,0,1.53742e+08,0.879639
0,12364.2,3.13318e+09,0.838623,0.888566,1.12651,0.887695,21231.7,0.793884,0.0171509,1.00081,0,0,1.54208e+08,0.873779
0,12380,3.13698e+09,0.838501,0.888625,1.12659,0.887634,21375,0.799377,0.0171509,1.00053,0,0,1.54204e+08,0.873718
0,12903.6,3.2442e+09,0.813965,1.29204,1.15113,0.868713,25051.9,0.781372,0.0213013,1.00046,0,0,1.54788e+08,0.854797
0,9252.72,2.06887e+09,0.84082,1.17337,1.12566,0.888367,24232.1,0.809998,0.0181274,1.00031,0,0,1.1695e+08,0.873962
0,9082.28,1.86043e+09,0.819641,1.93663,1.14614,0.872498,30826.5,0.788391,0.0203247,1.00028,0,0,1.16222e+08,0.853027
0,8603.56,1.77318e+09,0.818848,3.83904,1.15145,0.868469,47059,0.745361,0.0197144,1.00025,0,0,1.14491e+08,0.838318
0,6665.44,9.06013e+08,0.875671,4.23191,1.10523,0.904785,62518.4,0.721741,0.0194092,1.00019,0,0,9.52259e+07,0.873352
0,5886.81,3.77893e+08,0.886536,4.20553,1.09776,0.91095,65767.9,0.735657,0.0140381,1.00016,0,0,9.04325e+07,0.885742
0,5345.91,2.59312e+08,0.908508,3.67101,1.07889,0.92688,69026,0.76062,0.0098877,0.994835,0.169937,0.0291791,8.27018e+07,0.904297
0,4122.56,4.48765e+06,0.998352,0.0785545,1.00128,0.998718,51013.6,0.858521,0.00286865,0.997824,0.166372,0.0278004,6.74867e+07,0.989868
0,4094.03,7052.12,0.999329,0.0630013,1.00055,0.999451,3165.6,0.875854,0,0.998991,0.157617,0.0248934,6.70684e+07,0.999451
0,4101.47,573074,0.999878,0.0078125,1.00006,0.999939,389688,0.751099,0,1.00011,0,0,6.7198e+07,0.999939
0,4516.19,9.31893e+07,0.994202,0.0931942,1.00355,0.99646,93980,0.785278,0.00012207,1.00009,0,0,7.29882e+07,0.99646
0,4519.12,9.32877e+07,0.994324,0.0928645,1.00349,0.996521,94985.3,0.718445,0.00012207,1.00004,0,0,7.30368e+07,0.996521
0,4509.5,9.352e+07,0.987427,0.348365,1.00955,0.99054,67184.6,0.753906,0.000427246,1.00003,0,0,7.26932e+07,0.99054
0,4512.25,9.36416e+07,0.987427,0.348365,1.00955,0.99054,69845.9,0.715576,0.000427246,1.00003,0,0,7.27383e+07,0.99054
0,4565.84,1.07122e+08,0.983887,0.383464,1.01248,0.987671,63573.1,0.689575,0.000671387,1.00003,0,0,7.30619e+07,0.987671
0,4596,1.14387e+08,0.981995,0.418081,1.01418,0.986023,61489.9,0.706421,0.000671387,1.00002,0,0,7.34454e+07,0.986023
0,5657.66,7.34642e+08,0.973083,0.516943,1.02081,0.979614,87223.7,0.68927,0.00146484,0.893116,1.10023,1.51759,8.90307e+07,0.979614
0,6158.03,1.1285e+09,0.975708,0.499741,1.01878,0.981567,89301.2,0.685364,0.00158691,0.893739,1.14107,1.63007,9.81422e+07,0.979553
0,6839.56,1.67627e+09,0.968689,0.654682,1.02535,0.975281,89214.8,0.681885,0.00274658,0.413027,8.07762,382.48,1.04103e+08,0.973267
0,7409.69,1.9339e+09,0.959839,0.757209,1.03213,0.968872,88202.6,0.703125,0.00305176,0.41084,7.36419,321.294,1.12343e+08,0.966858
0,12418.2,4.4507e+09,0.925354,1.22747,1.06128,0.942261,83679.4,0.713623,0.00640869,0.428706,6.21157,209.935,1.75806e+08,0.940247
0,15054.4,5.90812e+09,0.89209,1.63265,1.08994,0.91748,82719.9,0.70575,0.0108643,0.440419,5.45844,153.605,1.99586e+08,0.915466
0,15644.5,6.14949e+09,0.881409,1.65236,1.09724,0.911377,81991.7,0.703247,0.0151367,0.465302,5.33059,131.245,2.02271e+08,0.909363
0,16424.4,6.62159e+09,0.875122,1.65799,1.10167,0.907715,81286.6,0.703674,0.0172729,0.51394,5.27842,105.483,2.06404e+08,0.905701
0,17163.2,7.07966e+09,0.871277,1.66846,1.10412,0.905701,80931.7,0.726685,0.019104,0.553787,5.24643,89.7514,2.10746e+08,0.903687
0,17537.6,7.35349e+09,0.861511,1.91332,1.11433,0.8974,79559.5,0.713257,0.0204468,0.559817,5.08674,82.5633,2.11998e+08,0.895142
0,17763.1,7.40468e+09,0.831299,3.07897,1.15113,0.868713,73293.1,0.677429,0.0229492,0.560127,4.9362,77.6629,2.11117e+08,0.866089
0,18187.8,7.53684e+09,0.832275,3.03778,1.14814,0.870972,73905.4,0.697754,0.0250854,0.584462,4.84575,68.74,2.10628e+08,0.868286
0,18625,7.66907e+09,0.827637,3.05117,1.15137,0.86853,73537,0.734741,0.0264893,0.625661,4.84021,59.8482,2.09689e+08,0.865845
0,18867,7.84922e+09,0.826904,3.01334,1.15145,0.868469,73944,0.761414,0.0264893,0.619039,4.70572,57.7851,2.08645e+08,0.866638
0,19347.4,8.11824e+09,0.825989,2.98164,1.15121,0.868652,76691.5,0.767456,0.0270996,0.579638,4.44543,58.8187,2.12108e+08,0.866272
0,19234.2,8.00868e+09,0.832764,2.8637,1.14381,0.874268,76022.6,0.774719,0.02771,0.585577,4.40096,56.4841,2.09874e+08,0.869263
0,19033.6,7.71857e+09,0.834412,2.86829,1.14286,0.875,77445.5,0.774353,0.0272827,0.627615,4.40957,49.3636,2.09216e+08,0.868835
0,18734.8,7.39284e+09,0.841614,2.74251,1.13541,0.880737,76877.3,0.782532,0.0267944,0.647657,4.4682,47.5965,2.08087e+08,0.874084
0,18665.2,7.52218e+09,0.852539,2.57103,1.12489,0.888977,79065.8,0.792664,0.0272827,1.1001,1.29453,1.38472,2.06664e+08,0.881104
0,14292.7,5.431e+09,0.907349,2.15721,1.07839,0.927307,80817.9,0.816345,0.0267944,1.21194,1.34486,1.23138,1.86693e+08,0.90155
0,12119.2,4.07672e+09,0.924561,1.91969,1.06231,0.941345,78859,0.834717,0.0252686,2.71217,1.03041,0.14434,1.7012e+08,0.916016
0,12248.5,4.09881e+09,0.910339,2.07418,1.07457,0.930603,80202.1,0.817566,0.0222778,1.46795,1.44742,0.972227,1.69136e+08,0.909851
0,12066.2,3.92889e+09,0.888794,2.38931,1.0957,0.912659,74108.2,0.795837,0.0213623,1.07312,1.99612,3.46001,1.67572e+08,0.893372
0,13446.7,4.42735e+09,0.856567,2.75909,1.12481,0.889038,66760.9,0.773621,0.0251465,0.903306,2.57209,8.10776,1.70338e+08,0.869568
0,13310.7,4.263e+09,0.840332,2.90115,1.14087,0.876526,64837.9,0.761353,0.027832,0.930739,2.50021,7.216,1.65829e+08,0.856995
0,13832,4.35808e+09,0.840576,2.19243,1.13447,0.88147,75502.7,0.761108,0.0286255,0.879925,2.08737,5.62739,1.6881e+08,0.861206
0,15123.7,4.79015e+09,0.815002,2.34562,1.15731,0.864075,70303.8,0.751648,0.0282593,0.926742,2.09838,5.12686,1.77044e+08,0.844055
0,16448.4,5.04891e+09,0.806091,2.39142,1.16388,0.859192,69130.8,0.753113,0.0302734,0.949638,2.11457,4.95824,1.83361e+08,0.838867
0,17799.3,5.30526e+09,0.796265,2.44238,1.17154,0.853577,68858,0.750244,0.0349731,0.973334,2.13332,4.80381,1.89723e+08,0.832825
0,18781.3,5.27993e+09,0.780701,2.52961,1.18441,0.844299,64103.9,0.750793,0.043335,0.992529,2.14939,4.68968,1.93073e+08,0.823547
0,20152.8,5.73756e+09,0.764038,2.58548,1.201,0.832642,57817.4,0.750366,0.0518799,1.00898,2.16324,4.59665,1.95809e+08,0.810791
0,20644.6,5.5903e+09,0.70575,3.09609,1.25992,0.793701,49266.3,0.721497,0.0705566,1.00535,2.0886,4.31596,1.92761e+08,0.770935
0,20135.6,5.43835e+09,0.643188,4.95915,1.34992,0.740784,39924.9,0.670471,0.0797729,1.00386,2.08775,4.32526,1.85011e+08,0.716553
0,20036.3,5.162e+09,0.574097,6.36441,1.45107,0.689148,38352.3,0.632324,0.0932007,1.00227,2.08618,4.33244,1.8048e+08,0.664368
0,23298.9,5.85094e+09,0.519836,6.84363,1.55152,0.644531,36180.7,0.61908,0.119629,1.01585,2.09728,4.26234,1.87447e+08,0.619324
0,26840.2,6.68891e+09,0.468933,7.13405,1.64135,0.609253,33848.8,0.613281,0.139221,1.02552,2.10567,4.21591,1.92982e+08,0.583374
0,27541.8,6.76739e+09,0.424683,7.76762,1.74372,0.573486,33552.4,0.594971,0.153687,1.00272,2.01366,4.03287,1.89656e+08,0.553711
0,27079.9,6.499e+09,0.37207,10.4476,1.89893,0.526611,34280.3,0.558716,0.155945,1.01481,2.12694,4.3928,1.83966e+08,0.504395
0,26381.1,5.93207e+09,0.352295,10.5347,1.95234,0.512207,32427.8,0.570862,0.165405,1.14138,1.42967,1.56896,1.80629e+08,0.486816
0,26492.1,5.67942e+09,0.294434,11.3226,2.15296,0.464478,30308.3,0.560181,0.171936,1.12328,1.43388,1.62949,1.77098e+08,0.43866
0,27049.2,5.84187e+09,0.268494,11.2975,2.24285,0.445862,28305.6,0.564514,0.172119,1.23068,1.49555,1.47677,1.75635e+08,0.423279
0,26921,5.89128e+09,0.278503,11.2873,2.20038,0.454468,27961.6,0.561279,0.171936,1.01813,2.54053,6.22649,1.76599e+08,0.422546
0,26615.6,6.12439e+09,0.296997,11.1834,2.13056,0.46936,29273.5,0.553711,0.170837,0.862618,3.27104,14.3792,1.79499e+08,0.419739
0,26233.9,6.10326e+09,0.275208,12.7641,2.26049,0.442383,28090.6,0.515503,0.168091,0.214998,4.77371,492.995,1.81249e+08,0.372437
0,25812.5,6.28617e+09,0.294128,12.4568,2.17901,0.458923,27954.7,0.514771,0.16394,0.286446,4.72652,272.269,1.86433e+08,0.366516
0,24848.4,6.17179e+09,0.326721,12.063,2.06426,0.484436,28297.8,0.513428,0.15509,0.356652,4.6811,172.269,1.86254e+08,0.372498
0,23968.3,5.97539e+09,0.383423,11.3715,1.9007,0.526123,28456,0.526306,0.138,0.396814,4.4648,126.599,1.91627e+08,0.403748
0,24966.4,6.442e+09,0.438843,8.99288,1.74875,0.571838,29135.9,0.562744,0.122986,0.517811,4.62461,79.7641,2.05067e+08,0.456848
0,24959.6,6.49277e+09,0.489868,7.73595,1.63546,0.61145,28123.5,0.598633,0.109192,0.564349,4.62484,67.158,2.04879e+08,0.50592
0,21749.2,5.68836e+09,0.543213,7.23678,1.54014,0.649292,28471.1,0.608521,0.0812988,0.606476,4.60963,57.7704,1.96204e+08,0.551392
0,18201.5,4.67049e+09,0.621216,6.75854,1.40817,0.710144,30048.7,0.618347,0.0532837,0.630706,4.50675,51.0591,1.92607e+08,0.598755
0,18970.6,5.31043e+09,0.659607,6.10988,1.3536,0.73877,30448.3,0.633606,0.0415039,0.670281,4.48116,44.6959,2.16125e+08,0.635986
0,18977.4,5.36349e+09,0.727844,4.80029,1.25663,0.795776,26921.8,0.680359,0.0323486,0.711868,4.48116,39.6262,2.1782e+08,0.694702
0,18527.7,5.34352e+09,0.777588,4.54067,1.20844,0.827515,29853.1,0.695679,0.0206299,0.748412,4.50731,36.2705,2.19104e+08,0.746704
0,18460.2,5.425e+09,0.803772,4.41525,1.18467,0.844116,32385.7,0.706238,0.0137329,0.762919,4.47914,34.4693,2.19125e+08,0.797058
0,17923.5,5.28218e+09,0.828674,4.10489,1.15747,0.863953,31781.2,0.730347,0.0109863,0.695264,4.24888,37.3465,2.14901e+08,0.825562
0,18029.1,5.0951e+09,0.816467,4.54151,1.17456,0.851379,30227.4,0.705139,0.00927734,0.799405,4.47347,31.3152,2.29714e+08,0.813538
0,17011.3,4.85457e+09,0.808044,2.37334,1.17981,0.847595,22440.7,0.706299,0.00750732,2.77749,4.32279,2.42226,2.22949e+08,0.813477
0,17692.2,5.22948e+09,0.781494,2.48212,1.21031,0.826233,20784.8,0.672729,0.00689697,3.10785,3.41536,1.20768,2.37513e+08,0.801514
0,18220.4,5.74016e+09,0.731873,2.67023,1.27343,0.785278,17701.2,0.638428,0.00848389,2.95186,3.41658,1.33965,2.43157e+08,0.764282
0,21850.6,7.58753e+09,0.713623,3.29771,1.30311,0.767395,20715.8,0.603088,0.00836182,2.80854,3.41952,1.48241,3.06687e+08,0.749084
0,22233.7,7.63332e+09,0.661743,3.03192,1.37634,0.726562,15336.1,0.587402,0.0103149,2.68921,3.39211,1.59108,2.90521e+08,0.707275
0,23474.4,8.47607e+09,0.613647,3.45257,1.45506,0.687256,14474.2,0.55304,0.012146,2.40712,3.35322,1.94056,3.00391e+08,0.668823
0,26596.1,1.03558e+10,0.567261,3.73057,1.53739,0.650452,14030.4,0.530029,0.0130005,2.31279,3.39714,2.15752,3.11563e+08,0.633972
0,30050.2,1.21448e+10,0.525879,4.18283,1.6225,0.616333,15786.5,0.503845,0.0133667,2.28433,3.40066,2.21619,3.34436e+08,0.602417
0,33932.7,1.42813e+10,0.487671,4.74929,1.7088,0.585205,15231,0.469849,0.0148926,2.18749,3.44023,2.47332,3.73933e+08,0.573242
0,36274,1.64951e+10,0.448547,4.83447,1.80123,0.555176,14214.6,0.459595,0.0162354,2.10575,3.44301,2.67341,3.62957e+08,0.541931
0,38588.8,1.77935e+10,0.394775,5.57355,1.95723,0.510925,15061.9,0.424377,0.0165405,2.06412,3.42876,2.75934,3.82966e+08,0.501892
0,42838.8,2.0378e+10,0.341675,5.65474,2.12807,0.46991,13269.8,0.409119,0.0178833,1.95272,3.45053,3.12244,3.80588e+08,0.460693
0,43442.6,2.08747e+10,0.33374,5.91802,2.15806,0.463379,14976,0.397827,0.0181885,1.89862,3.44068,3.28408,3.90831e+08,0.45752
0,41917.5,2.04209e+10,0.406921,4.89357,1.90114,0.526001,15222.1,0.464905,0.0177002,1.6252,3.46486,4.54523,3.74756e+08,0.518127
0,40093.4,1.96924e+10,0.479309,4.17893,1.71094,0.584473,16581.7,0.525208,0.0158081,1.61119,3.50553,4.73386,3.51814e+08,0.57843
0,41758.9,2.02201e+10,0.493713,4.28335,1.67886,0.595642,17334.7,0.530762,0.0145264,1.59708,3.52757,4.8786,3.63486e+08,0.593872
0,38196.6,1.83364e+10,0.472778,3.59126,1.72191,0.58075,13374.3,0.550659,0.013855,1.75341,3.29295,3.52699,2.9978e+08,0.571228
0,38108.1,1.86296e+10,0.533447,3.47374,1.59114,0.628479,15781.4,0.597229,0.0100708,1.87305,2.98569,2.5409,2.9298e+08,0.626526
0,34345,1.62174e+10,0.559692,3.77681,1.54406,0.647644,17680.8,0.594421,0.00915527,1.70938,2.7687,2.62347,2.82681e+08,0.64624
0,32545.2,1.52363e+10,0.562195,3.51985,1.5361,0.651001,15451.4,0.601013,0.0098877,1.86194,1.99862,1.15221,2.71175e+08,0.646301
0,34593.1,1.63599e+10,0.563965,3.50432,1.53093,0.653198,15799.8,0.603027,0.0102539,1.75817,1.98412,1.27354,2.66506e+08,0.649658
0,30121,1.30512e+10,0.594482,3.00304,1.47285,0.678955,12275.3,0.629211,0.00994873,1.788,1.21969,0.465331,2.32666e+08,0.67157
0,28360.3,1.26477e+10,0.643921,2.89629,1.39083,0.718994,14167.6,0.64856,0.0098877,1.68028,1.23645,0.541492,2.3306e+08,0.713989
0,27014.4,1.14862e+10,0.645691,3.12395,1.3913,0.71875,14176.9,0.636597,0.0103149,1.61595,1.21621,0.566454,2.51597e+08,0.712463
0,28749.8,1.25104e+10,0.592773,3.27328,1.4763,0.677368,12361,0.610107,0.0111084,1.56187,1.21804,0.608182,2.45509e+08,0.671265
0,29848.4,1.33759e+10,0.583191,3.36449,1.49108,0.670654,12419.5,0.598572,0.0114746,1.49225,1.21011,0.657602,2.51759e+08,0.664429
0,30481.4,1.37352e+10,0.575867,3.44534,1.50298,0.665344,12853.1,0.589539,0.0117798,1.43306,1.20789,0.710434,2.54931e+08,0.658936
0,32487.1,1.4199e+10,0.554993,3.86527,1.54333,0.647949,13733,0.569458,0.0122681,1.27026,1.89486,2.22522,2.82309e+08,0.641541
0,30938.2,1.32348e+10,0.567688,3.79112,1.51214,0.661316,14687.9,0.584717,0.0128784,1.14507,2.176,3.61121,2.73312e+08,0.651062
0,31724.1,1.34581e+10,0.590759,3.80655,1.46194,0.684021,16858.3,0.597168,0.0143433,1.14394,2.17363,3.61049,2.76e+08,0.676147
0,31901.3,1.31774e+10,0.583374,4.00228,1.47604,0.67749,17860,0.591125,0.0143433,1.11717,2.16232,3.74628,2.96769e+08,0.670471
0,35091.1,1.52585e+10,0.547058,3.97648,1.53653,0.650818,16103.1,0.572937,0.0150146,1.10648,2.16072,3.81334,2.99442e+08,0.642151
0,37042.8,1.61086e+10,0.525146,4.02353,1.57402,0.635315,15397.7,0.562561,0.0167236,1.11551,2.18731,3.84484,3.0269e+08,0.626648
0,37040.1,1.57211e+10,0.523376,4.07643,1.57903,0.633301,15624.5,0.561768,0.0172119,1.11322,2.50515,5.06417,3.07817e+08,0.618347
0,34483.5,1.378e+10,0.511169,3.87815,1.61546,0.619019,14214.3,0.566711,0.0155029,1.09286,2.59059,5.6191,2.78615e+08,0.605957
0,37683.5,1.51837e+10,0.480469,4.01623,1.68179,0.594604,13800.9,0.544739,0.0181885,1.108,2.61991,5.59098,2.98689e+08,0.577332
0,36704.8,1.39523e+10,0.424927,3.76261,1.82227,0.548767,10167.9,0.53186,0.0187378,1.07509,2.77892,6.68132,2.75536e+08,0.526978
0,38637.5,1.4682e+10,0.435303,4.02168,1.79472,0.55719,12671.9,0.520935,0.019165,1.11259,2.71892,5.97198,3.02573e+08,0.538513
0,36664.8,1.29393e+10,0.394775,4.27948,1.91985,0.520874,12225.8,0.496216,0.0192261,1.0775,2.66787,6.13051,2.87152e+08,0.502136
0,38114.7,1.3316e+10,0.354675,4.71552,2.04698,0.488525,12433.2,0.461365,0.0201416,1.08005,2.60004,5.79524,2.99379e+08,0.468567
0,38140.2,1.31116e+10,0.305603,4.88204,2.23917,0.446594,11207.4,0.445618,0.0202026,1.06877,2.61856,6.00279,2.95217e+08,0.424622
0,38482.7,1.35504e+10,0.304932,4.99313,2.25582,0.443298,12648.1,0.431519,0.0206299,1.12857,2.38292,4.45822,3.09651e+08,0.414978
0,38327.4,1.38438e+10,0.2995,5.0678,2.28987,0.436707,12156.2,0.41864,0.0196533,1.19977,2.11782,3.1159,3.0799e+08,0.410645
0,39364.1,1.43914e+10,0.269226,5.03413,2.41937,0.41333,10873.4,0.405823,0.0202637,1.19556,2.09614,3.07398,2.90076e+08,0.392883
0,38051.7,1.31626e+10,0.297363,4.99564,2.30371,0.434082,11807.5,0.408264,0.0204468,1.18516,2.10146,3.14404,2.97205e+08,0.4151
0,34477.8,1.1255e+10,0.264893,4.79107,2.4608,0.406372,10595.6,0.398804,0.0196533,1.13576,2.14165,3.55571,2.61112e+08,0.39447
0,33792.2,1.15272e+10,0.261963,4.39029,2.45086,0.40802,10523,0.401001,0.0203857,1.1443,1.76316,2.37413,2.47537e+08,0.391968
0,33056.7,1.12886e+10,0.291565,4.73655,2.32331,0.43042,13259.5,0.397034,0.0202026,1.10571,2.19575,3.94352,2.72638e+08,0.416382
0,31563.1,1.01945e+10,0.29303,4.86442,2.32265,0.430542,13636.2,0.393616,0.0195923,1.10364,2.18263,3.91111,2.6818e+08,0.420166
0,31192.7,1.01142e+10,0.280823,4.56806,2.37587,0.420898,12631.7,0.405396,0.0183716,1.09487,2.22869,4.1436,2.4248e+08,0.408936
0,33140,1.13917e+10,0.283447,4.82259,2.3493,0.425659,13238.5,0.394348,0.0198975,0.935348,3.48761,13.9031,2.59736e+08,0.415588
0,33386.3,1.1469e+10,0.297241,5.00562,2.295,0.43573,12932.5,0.4021,0.0197754,0.897966,3.56018,15.7189,2.71386e+08,0.424377
0,34209.2,1.15423e+10,0.29071,4.91599,2.32364,0.430359,12525.9,0.419739,0.0201416,0.91689,3.62633,15.6423,2.6285e+08,0.423584
0,36722.6,1.30162e+10,0.289001,4.81475,2.31805,0.431396,11703.7,0.428345,0.0217285,0.918209,3.64013,15.7163,2.65245e+08,0.424988
0,37831,1.35706e+10,0.298401,4.97352,2.28285,0.438049,12961.3,0.423462,0.0230103,0.95308,3.63448,14.5421,2.83356e+08,0.435852
0,36746.5,1.30195e+10,0.264587,4.57867,2.4269,0.412048,9308.92,0.427246,0.0253296,0.941678,3.79627,16.2521,2.51542e+08,0.406006
0,39499.3,1.52425e+10,0.2724,4.76155,2.38938,0.418518,10621.8,0.425171,0.0256348,0.935841,3.69767,15.6117,2.7896e+08,0.412354
0,37729.5,1.39316e+10,0.24585,4.6591,2.52372,0.39624,10032.2,0.429565,0.0264282,0.929658,3.77669,16.5035,2.5503e+08,0.388306
0,40832.8,1.64129e+10,0.255981,4.82499,2.46117,0.406311,10648.5,0.427124,0.027771,0.923973,3.69108,15.9583,2.83517e+08,0.39502
0,42004.8,1.66924e+10,0.259583,4.93392,2.44866,0.408386,10968.5,0.432739,0.0281982,0.949814,3.69611,15.143,2.8771e+08,0.401062
0,41484.6,1.59292e+10,0.226868,4.78024,2.64771,0.377686,8831.11,0.44458,0.0285645,0.956506,3.82531,15.994,2.68671e+08,0.369629
0,42712.7,1.72012e+10,0.214111,4.32292,2.69031,0.371704,6776.67,0.453247,0.0305176,0.959842,3.8269,15.8963,2.55923e+08,0.360229
0,43155.7,1.72828e+10,0.214111,4.43945,2.69829,0.370605,7021.6,0.455566,0.0296631,0.989925,3.84325,15.0728,2.61043e+08,0.362305
0,43197.3,1.70838e+10,0.225769,4.84177,2.64557,0.377991,7884.95,0.446594,0.0285034,0.927984,3.88366,17.5147,2.75058e+08,0.37384
0,41080.8,1.57151e+10,0.211426,4.30763,2.72159,0.367432,6777.94,0.460449,0.0280151,1.1496,3.29768,8.22864,2.47798e+08,0.358887
0,40851.1,1.56904e+10,0.206848,4.25831,2.76243,0.362,6409.32,0.465576,0.0272827,1.11372,3.30128,8.78648,2.42937e+08,0.353027
0,41639.2,1.63964e+10,0.229919,4.42235,2.61558,0.382324,8087.37,0.443726,0.0280151,0.963786,4.13863,18.4396,2.5047e+08,0.377014
0,30446.9,1.12371e+10,0.422058,3.20181,1.87417,0.533569,13795.8,0.580261,0.0180054,0.809059,4.42199,29.8728,1.9343e+08,0.527161
0,17827.8,5.02801e+09,0.695251,2.03475,1.3275,0.753296,22038,0.749939,0.00756836,0.823012,4.48702,29.7238,1.47078e+08,0.750427
0,16171,4.52787e+09,0.724792,2.10492,1.2823,0.779846,26719.4,0.730347,0.0101318,0.764771,4.37534,32.7311,1.47982e+08,0.774353
0,15334.5,4.14441e+09,0.770081,2.1706,1.22653,0.815308,34148.7,0.701416,0.00946045,0.800587,4.40809,30.3168,1.53928e+08,0.813721
0,14099.9,4.11835e+09,0.801086,1.82766,1.18673,0.842651,33597.1,0.692566,0.00933838,0.673588,4.3874,42.4253,1.35452e+08,0.833374
0,10336.5,2.46015e+09,0.923218,1.53094,1.06293,0.940796,77380.7,0.651611,0.0065918,0.789405,4.52178,32.8109,1.36651e+08,0.937744
0,22105.9,1.44944e+10,0.928101,2.14597,1.06114,0.942383,76365,0.649658,0.00616455,0.990281,4.43355,20.0441,1.45177e+08,0.941406
0,28330.3,1.96723e+10,0.837585,2.84745,1.15056,0.869141,18362.2,0.572754,0.00842285,3.36615,0.750494,0.0497083,1.3458e+08,0.864014
0,32049,2.26493e+10,0.784668,3.19586,1.20675,0.828674,15055.4,0.526367,0.0110474,2.70576,1.06085,0.15372,1.45117e+08,0.823303
0,34575.3,2.39475e+10,0.759033,3.69754,1.24093,0.805847,16228.1,0.470337,0.0111694,1.29604,3.11126,5.76286,1.68692e+08,0.800232
0,36177.5,2.43158e+10,0.738464,4.7311,1.27077,0.786926,15365.8,0.414429,0.0114136,1.37799,3.0723,4.97088,1.90806e+08,0.780273
0,37766.3,2.45808e+10,0.641296,5.35622,1.41595,0.706238,13922.5,0.307861,0.0167236,1.35702,3.0182,4.9468,2.04876e+08,0.698364
0,39014.5,2.4974e+10,0.596985,5.95081,1.48959,0.671326,16856.8,0.252075,0.0197754,1.25293,2.79576,4.97909,2.2048e+08,0.663147
0,40629.7,2.5298e+10,0.57196,6.75618,1.54231,0.648376,17246.6,0.197266,0.0199585,1.26287,2.67668,4.49234,2.43293e+08,0.639893
0,43066.8,2.7147e+10,0.497803,7.18225,1.6973,0.589172,14698.1,0.205078,0.0204468,1.18008,2.54212,4.64058,2.72934e+08,0.582703
0,43201.1,2.73021e+10,0.449341,7.43656,1.80222,0.554871,14037.1,0.223999,0.0236206,1.15381,2.5302,4.80886,2.67509e+08,0.548279
0,45541.8,2.78223e+10,0.419434,8.41345,1.88778,0.529724,15840.7,0.2276,0.0238037,1.08926,2.38475,4.79316,3.11267e+08,0.523499
0,46658,2.80591e+10,0.370789,8.80029,2.03908,0.490417,15317.7,0.222107,0.0247803,1.08616,2.37851,4.79538,3.1619e+08,0.485291
0,38629.7,2.02853e+10,0.345947,8.56107,2.11461,0.4729,15563.3,0.208374,0.0270996,1.08749,2.37081,4.75269,3.08977e+08,0.463135
0,29497.8,1.16172e+10,0.336243,8.46457,2.14929,0.465271,15730.9,0.209412,0.0285645,1.07384,2.3705,4.87304,3.02727e+08,0.449463
0,30182.2,1.19145e+10,0.332153,8.5596,2.16405,0.462097,16444.8,0.207031,0.0285034,1.07797,2.35723,4.78178,3.0644e+08,0.451111
0,29768.8,1.06553e+10,0.34729,8.87322,2.122,0.471252,18393.2,0.198914,0.0274048,1.07881,2.28602,4.49022,3.20747e+08,0.467896
0,26336.9,7.97081e+09,0.319031,8.26603,2.22397,0.449646,16537.2,0.212708,0.0281982,1.2188,1.69515,1.93442,2.91725e+08,0.443604
0,24155.3,7.53993e+09,0.290405,7.10739,2.24839,0.444763,18447.3,0.215515,0.0302734,1.05568,1.97553,3.50185,2.57365e+08,0.430481
0,16762.4,4.59074e+09,0.378296,4.03651,1.76933,0.565186,82635.1,0.167603,0.0186157,1.0567,2.14507,4.12078,1.65247e+08,0.556824
0,4298.81,2.56473e+08,0.609436,0.568686,1.25193,0.798767,344772,0.0411987,0.00543213,1.0344,2.96909,8.23889,5.6322e+07,0.794922
0,3847.94,1.01622e+08,0.599304,0.439401,1.25107,0.799316,344854,0.0323486,0.00524902,2.58231,0,0,4.94664e+07,0.797119
0,4006.12,1.14783e+08,0.57489,0.460808,1.27077,0.786926,330971,0.0249634,0.00622559,2.40858,0,0,5.11037e+07,0.77533
0,4127.56,1.73735e+08,0.564819,0.473713,1.2793,0.781677,331096,0.0140991,0.00726318,2.25016,0,0,5.2692e+07,0.775574
0,4311.19,2.13281e+08,0.525818,0.51654,1.31303,0.761597,322078,0.0137329,0.00830078,2.0937,0,0,5.43631e+07,0.757019
0,4572.25,2.18628e+08,0.430969,0.557582,1.40058,0.713989,302541,0.00720215,0.00860596,1.91646,0,0,5.53841e+07,0.713074
0,4577.38,2.17938e+08,0.338135,0.578342,1.49803,0.667542,238933,0.00866699,0.00976562,1.75062,0,0,5.22931e+07,0.654053
0,4579.66,2.18279e+08,0.0299683,0.400401,1.94746,0.513489,1206.51,0.0119629,0.0109253,1.42309,0,0,4.20204e+07,0.500916
0,4752.25,3.25656e+08,0.0314941,0.451614,1.94584,0.513916,1389.88,0.0116577,0.0101318,1.37311,0,0,4.4758e+07,0.502991
0,4830.12,3.89601e+08,0.0322266,0.459621,1.94446,0.514282,1447.01,0.0119629,0.00854492,1.31689,0,0,4.60216e+07,0.50531
0,4765.31,3.6908e+08,0.03302,0.438897,1.94284,0.514709,1566.34,0.0120239,0.00750732,1.28559,0,0,4.5058e+07,0.506775
0,4842,4.01973e+08,0.034668,0.490361,1.94054,0.51532,1781.44,0.012085,0.00646973,1.25574,0,0,4.62694e+07,0.50885
0,5025.41,4.97864e+08,0.0366211,0.483672,1.93527,0.516724,2286.14,0.012085,0.00524902,1.22106,0,0,4.92324e+07,0.512268
0,5217.41,6.09679e+08,0.0386963,0.523828,1.93208,0.517578,2294.16,0.0119629,0.00427246,1.19711,0,0,5.2374e+07,0.514709
0,5276.88,6.18331e+08,0.0405273,0.556953,1.92957,0.51825,2413.09,0.0123901,0.00354004,1.17108,0,0,5.32214e+07,0.51709
0,5388.69,6.69737e+08,0.0428467,0.566312,1.92481,0.519531,2511.11,0.0126343,0.00292969,1.15289,0,0,5.51388e+07,0.518433
0,5434.72,6.71275e+08,0.046875,0.660733,1.9194,0.520996,2885.54,0.0126953,0.00195312,1.12085,0,0,5.57947e+07,0.519836
0,5495.06,6.77241e+08,0.0499878,0.750811,1.91469,0.522278,3135.63,0.0125732,0.00146484,1.10456,0,0,5.67301e+07,0.52124
0,5136.72,4.21079e+08,0.0567017,0.672189,1.90224,0.525696,3973.2,0.012207,0.000610352,1.06223,0,0,5.12282e+07,0.524658
0,4681.75,1.95922e+08,0.0609741,0.510715,1.89126,0.528748,4185.26,0.0115356,0.000305176,1.04509,0,0,4.43023e+07,0.527527
0,5392.22,6.0875e+08,0.0650635,0.608683,1.89915,0.52655,4428.86,0.0174561,0.000488281,1.04078,0,0,4.58742e+07,0.525208
0,5969.03,8.71926e+08,0.0703735,0.830163,1.93048,0.518005,4576.33,0.0281372,0.00219727,1.03535,0,0,4.62428e+07,0.516418
0,6440.41,1.20376e+09,0.0751953,0.850838,1.93162,0.5177,4994.87,0.0302124,0.00372314,1.03195,0,0,5.36325e+07,0.515808
0,6393.06,1.19809e+09,0.0819702,0.851471,1.91985,0.520874,5657.75,0.0299683,0.00378418,1.02752,0,0,5.33755e+07,0.518555
0,6645.41,1.36004e+09,0.0906982,0.865612,1.90379,0.525269,6394.68,0.0294189,0.00372314,1.0247,0,0,5.78145e+07,0.523071
0,6758.69,1.43013e+09,0.10199,0.866817,1.88279,0.531128,7396.62,0.0296631,0.00408936,1.02233,0,0,6.02271e+07,0.528198
0,7423.59,1.50422e+09,0.123108,1.82926,1.87032,0.534668,11089.6,0.03125,0.00402832,1.02019,0,0,7.02587e+07,0.531555
0,8513.84,1.61766e+09,0.152954,3.88506,1.85802,0.538208,21273.6,0.038147,0.00415039,1.01818,0,0,8.59341e+07,0.535278
0,13117.6,2.67726e+09,0.187256,3.98063,1.8142,0.551208,26173.8,0.0440674,0.00421143,1.01645,0,0,1.60306e+08,0.548279
0,17342.4,3.5857e+09,0.228699,4.12228,1.76647,0.566101,32027.6,0.0595093,0.00622559,1.01457,0,0,2.28026e+08,0.56311
0,3219.31,1.32963e+06,0.411255,0.493093,1.41718,0.705627,4097.89,0.000244141,0,1.0006,0,0,3.29902e+07,0.705627
0,3597.5,1.6001e+07,0.422302,0.811007,1.41035,0.709045,4235.61,0.00311279,0,1.00051,0,0,3.85434e+07,0.708984
0,3591.5,1.69489e+07,0.428406,0.809216,1.4043,0.712097,4477.3,0.00311279,0,1.00043,0,0,3.86499e+07,0.712097
0,3563.56,8.37337e+07,0.475159,0.794691,1.35978,0.735413,6452.5,0.00378418,6.10352e-05,1.00014,0,0,3.97568e+07,0.735413
0,2459.59,1.63243e+06,0.769287,0.336742,1.1304,0.884644,29065,0.00134277,0,1,0,0,3.25565e+07,0.884583
0,2159.34,1.40135e+06,0.907959,0.214274,1.04824,0.953979,68532,0.00195312,0,1,0,0,3.22939e+07,0.953979
0,2394.06,1.09054e+07,0.912659,0.380064,1.04697,0.955139,70436.5,0.00384521,6.10352e-05,1,0,0,3.57135e+07,0.955139
0,2600.72,1.97019e+07,0.919373,0.637102,1.0445,0.957397,74495,0.00628662,6.10352e-05,1,0,0,3.8784e+07,0.957397
0,2655.56,2.19779e+07,0.925964,0.726458,1.04151,0.960144,80975.8,0.00701904,6.10352e-05,1,0,0,3.96948e+07,0.960144
0,2028.81,6.72571e+07,0.99585,0.0455542,1.00208,0.997925,169169,0.00238037,0,1,0,0,3.31008e+07,0.997925
0,3148.25,4.4961e+08,0.991089,0.0667494,1.00448,0.995544,175556,0.00408936,0,1,0,0,5.12819e+07,0.995544
0,7533.09,2.23713e+09,0.974365,0.113204,1.01298,0.987183,177227,0.0135498,0,1,0,0,1.22562e+08,0.987183
0,16043.1,6.84475e+09,0.957397,0.145915,1.02176,0.978699,167614,0.0352173,0.00012207,1,0,0,2.6142e+08,0.978699
0,26999.5,1.33641e+10,0.941406,0.171085,1.03018,0.970703,161699,0.0585938,0.000183105,1,0,0,4.40394e+08,0.970703
0,36119.6,1.82582e+10,0.92395,0.194847,1.03953,0.961975,159698,0.0800171,0.000366211,1,0,0,5.89232e+08,0.961975
0,45372,2.30566e+10,0.908813,0.213282,1.04777,0.954407,157333,0.101257,0.000610352,1,0,0,7.40315e+08,0.954407
0,4096,0,0.398071,0.495152,1.43054,0.699036,335225,0.00805664,0,1,0,0,4.69115e+07,0.685059
0,4114.75,715424,0.138367,0.429147,1.757,0.569153,10637.4,0.00878906,0,1,0,0,3.84778e+07,0.569153
0,4471.94,2.28995e+07,0.175659,0.792128,1.70684,0.585876,12261.1,0.0113525,6.10352e-05,1,0,0,4.46781e+07,0.585815
0,2993.19,1.35984e+06,0.510376,0.468065,1.32417,0.755188,6804.91,0.000244141,0,1,0,0,3.26113e+07,0.755188
0,2561.38,1.31789e+06,0.709839,0.376013,1.16978,0.854858,19355.2,0.00134277,0,1,0,0,3.2236e+07,0.854736
0,2567.59,6.11234e+06,0.747192,0.362946,1.14509,0.873291,25813.4,0.00231934,6.10352e-05,1,0,0,3.3429e+07,0.873291
0,2048.66,836176,0.946899,0.162882,1.02727,0.97345,86987.1,0.00195312,0,1,0,0,3.17834e+07,0.97345
0,2223.06,1.5283e+07,0.94989,0.233709,1.02637,0.974304,90345.4,0.00274658,0,1,0,0,3.44033e+07,0.974304
0,2688.94,6.60765e+07,0.947205,0.652662,1.02966,0.971191,86957.9,0.00469971,0,1,0,0,4.10655e+07,0.971191
0,8073.59,5.58398e+09,0.945435,0.753976,1.03102,0.96991,85681.8,0.0100708,0,1,0,0,1.29042e+08,0.96991
0,10268.9,7.8346e+09,0.945068,0.754164,1.03122,0.969727,85492.1,0.0125732,0,1,0,0,1.64997e+08,0.969727
0,10286.4,7.83527e+09,0.93811,0.789875,1.03532,0.965881,87326.2,0.0133667,0.000305176,1,0,0,1.64964e+08,0.965881
0,10690.7,7.86344e+09,0.932983,1.12914,1.03959,0.961914,83553.5,0.0166016,0.000305176,1,0,0,1.70782e+08,0.961914
0,10911.2,7.93718e+09,0.908203,1.1279,1.0539,0.948853,147221,0.0205078,0.00115967,1,0,0,1.733e+08,0.948608
0,13559.7,1.05458e+10,0.882568,0.884886,1.06715,0.937073,207047,0.0562744,0.0147095,1,0,0,2.16345e+08,0.936646
0,6006.31,2.99065e+09,0.841614,0.507671,1.08871,0.918518,317023,0.118591,0.039978,1,0,0,9.20704e+07,0.917847
0,6402,3.2579e+09,0.827209,0.514441,1.09717,0.911438,391638,0.157898,0.0500488,1,0,0,9.80992e+07,0.910034
0,6605.84,3.39322e+09,0.797241,0.52427,1.11539,0.896545,369903,0.190247,0.0608521,1,0,0,1.00452e+08,0.895142
0,6738.59,3.45898e+09,0.760437,0.537908,1.13873,0.878174,345966,0.230652,0.0733643,1,0,0,1.01406e+08,0.87677
0,6992.28,3.7219e+09,0.738525,0.504288,1.15267,0.867554,356198,0.260925,0.0755615,1,0,0,1.04948e+08,0.86615
0,7076.94,3.84517e+09,0.717407,0.499762,1.1662,0.857483,365232,0.295349,0.0797119,1,0,0,1.05831e+08,0.856018
0,7112.19,3.8948e+09,0.72229,0.414427,1.16215,0.860474,440510,0.334595,0.0800171,1,0,0,1.06868e+08,0.85907
0,7540.94,4.04531e+09,0.646484,0.528786,1.21642,0.822083,402552,0.370667,0.114441,1,0,0,1.11095e+08,0.821716
0,7947.44,4.31256e+09,0.61145,0.569552,1.24338,0.80426,406869,0.407776,0.129944,1,0,0,1.16522e+08,0.803894
0,8319.19,4.40236e+09,0.5495,2.57879,1.31366,0.76123,374967,0.42926,0.133728,1,0,0,1.19726e+08,0.760864
0,5777.72,1.9505e+09,0.566833,2.56639,1.29898,0.769836,385233,0.438965,0.13092,1,0,0,7.86268e+07,0.760803
0,5524.09,1.74845e+09,0.593323,2.54346,1.27701,0.783081,341910,0.444824,0.128113,1,0,0,7.53603e+07,0.749451
0,6143.31,2.34916e+09,0.578186,2.55651,1.28947,0.775513,358191,0.443481,0.118896,1,0,0,8.49976e+07,0.753601
0,6342.84,2.48511e+09,0.564209,2.57485,1.30125,0.768494,394496,0.438599,0.104797,1,0,0,8.77957e+07,0.76355
0,6015.59,2.18381e+09,0.59436,2.55457,1.27641,0.783447,351850,0.449707,0.108337,1,0,0,8.33884e+07,0.751831
0,9988.66,6.05935e+09,0.565247,2.58017,1.30073,0.768799,368550,0.450256,0.0998535,1,0,0,1.47451e+08,0.757874
0,9848.72,6.03641e+09,0.57428,2.55224,1.29222,0.773865,400478,0.452148,0.0939331,1,0,0,1.45732e+08,0.764954
0,9785.88,6.02901e+09,0.596985,2.53996,1.27363,0.785156,333492,0.435364,0.122681,1,0,0,1.45447e+08,0.740784
0,10015.6,6.40412e+09,0.609924,2.52192,1.26254,0.792053,332412,0.447021,0.111267,1,0,0,1.49883e+08,0.744873
0,9905.66,6.38985e+09,0.587585,1.64419,1.27284,0.785645,366515,0.470459,0.101379,1,0,0,1.47688e+08,0.768921
0,10164.4,6.49744e+09,0.643494,0.524771,1.21859,0.820618,383405,0.486938,0.10437,1,0,0,1.53991e+08,0.785767
0,10207.5,6.56088e+09,0.594971,0.551307,1.25577,0.796326,382993,0.488708,0.108459,1,0,0,1.53067e+08,0.785217
0,9839.41,6.16687e+09,0.597107,0.572766,1.25433,0.797241,381794,0.487244,0.104004,1,0,0,1.47049e+08,0.784546
0,9811.78,6.19413e+09,0.588989,0.553767,1.2605,0.793335,387446,0.482544,0.113159,1,0,0,1.46383e+08,0.785522
0,6115.34,2.58305e+09,0.590698,0.532293,1.25895,0.794312,387405,0.483643,0.110291,1,0,0,8.59356e+07,0.783752
0,5931.84,2.41066e+09,0.637573,0.492443,1.22269,0.817871,386619,0.490295,0.112061,1,0,0,8.45716e+07,0.787109
0,5995.72,2.47751e+09,0.604126,0.507399,1.24821,0.801147,390461,0.491455,0.105469,1,0,0,8.44959e+07,0.790466
0,5678.25,2.1658e+09,0.605408,0.502294,1.24716,0.801819,391953,0.49646,0.100525,1,0,0,7.93518e+07,0.792175
0,5556,2.04409e+09,0.644592,0.475675,1.21733,0.821472,386912,0.496948,0.100952,1,0,0,7.86924e+07,0.791016
0,5899.88,2.28022e+09,0.613953,0.559844,1.24112,0.805725,401812,0.494629,0.0955811,1,0,0,8.30976e+07,0.794495
0,5530.44,2.10432e+09,0.636658,0.463148,1.22305,0.817627,403754,0.497803,0.0905762,1,0,0,7.80646e+07,0.794617
0,5543.69,2.08108e+09,0.61322,0.490097,1.24102,0.805786,400736,0.498413,0.0904541,1,0,0,7.7438e+07,0.794312
0,5681.38,2.07957e+09,0.616638,0.536771,1.23887,0.80719,426688,0.493347,0.0889893,1,0,0,7.96529e+07,0.800964
0,5555.69,1.92953e+09,0.641968,0.559164,1.22005,0.819641,381789,0.498291,0.0958252,1,0,0,7.83555e+07,0.789856
0,5922.12,2.17793e+09,0.590759,0.635915,1.25982,0.793762,402033,0.493347,0.085022,1,0,0,8.25119e+07,0.791138
0,5822.25,2.04537e+09,0.586121,0.637784,1.26352,0.791443,404379,0.48761,0.0855103,1,0,0,8.07199e+07,0.788086
0,5832.47,1.99452e+09,0.628662,0.693322,1.23095,0.812378,367400,0.486023,0.0853271,1,0,0,8.21448e+07,0.77771
0,6032.72,2.14609e+09,0.577942,0.714172,1.27057,0.787048,403312,0.487488,0.0755615,1,0,0,8.37258e+07,0.785339
0,5954.09,2.07126e+09,0.576172,0.715009,1.27205,0.786133,396213,0.486511,0.0761719,1,0,0,8.23762e+07,0.783447
0,5681.34,1.9527e+09,0.588074,0.617999,1.26176,0.792542,395901,0.476257,0.0769653,1,0,0,7.85096e+07,0.784302
0,5807.81,2.14288e+09,0.624329,0.57856,1.23336,0.810791,370183,0.476624,0.0790405,1,0,0,8.18678e+07,0.777222
0,6028.16,2.2007e+09,0.596069,0.664301,1.25712,0.795471,410017,0.455688,0.0748291,1,0,0,8.43238e+07,0.782532
0,5729.72,1.93678e+09,0.612,0.68162,1.24603,0.802551,367253,0.455994,0.0789795,1,0,0,7.98612e+07,0.771118
0,16684,1.23931e+10,0.603943,0.80019,1.25509,0.796753,408636,0.447693,0.0733643,0.943891,0.229783,0.0592639,2.58447e+08,0.782349
0,16287.2,1.20237e+10,0.618042,0.692691,1.24461,0.803467,442001,0.450562,0.0947266,0.959099,0.229783,0.0573993,2.52594e+08,0.796814
0,15981.3,1.17192e+10,0.594482,0.727378,1.26352,0.791443,398321,0.452698,0.133362,0.972045,0.227823,0.0549314,2.46702e+08,0.788025
0,15946.6,1.15859e+10,0.660217,0.731042,1.21336,0.824158,457954,0.449341,0.131226,0.972559,0.233854,0.0578171,2.4823e+08,0.802856
0,15162.7,1.08329e+10,0.706726,0.616634,1.17558,0.850647,491369,0.467102,0.152893,0.983536,0.233854,0.0565338,2.37361e+08,0.814819
0,4008.97,2.30926e+08,0.672119,0.438879,1.19714,0.835327,460617,0.48407,0.185486,1.05021,0,0,5.43493e+07,0.805176
0,4095.44,2.56633e+08,0.716492,0.439084,1.16637,0.857361,382370,0.478088,0.208496,1.04201,0,0,5.71587e+07,0.781616
0,4055.75,2.49182e+08,0.67157,0.467067,1.19775,0.8349,382912,0.473938,0.208191,1.03636,0,0,5.49888e+07,0.781921
0,4257.5,3.50375e+08,0.634949,0.528998,1.22506,0.816284,383610,0.473145,0.206726,1.03232,0,0,5.69221e+07,0.782349
0,4428.22,5.03429e+08,0.692139,0.447857,1.18313,0.845215,514223,0.46228,0.174011,1.02495,0,0,6.18081e+07,0.815979
0,4369.38,5.05149e+08,0.93335,0.299584,1.03552,0.965698,397128,0.461853,0.193726,1.01939,0,0,6.88927e+07,0.783813
0,4371.28,5.05688e+08,0.803162,0.41744,1.1104,0.900574,375269,0.468689,0.183777,1.01292,0,0,6.4492e+07,0.779663
0,4367.97,4.96151e+08,0.698975,0.477046,1.17862,0.84845,375642,0.465088,0.172607,1.00931,0,0,6.09398e+07,0.780457
0,4257.5,5.34023e+08,0.656128,0.450302,1.20871,0.827332,381887,0.479126,0.16272,1.00811,0,0,5.78478e+07,0.78717
0,4166.94,4.32407e+08,0.721313,0.391546,1.16256,0.860168,539507,0.475647,0.123169,1.00595,0,0,5.8666e+07,0.827576
0,4168.94,4.32429e+08,0.898499,0.257873,1.05397,0.948792,540452,0.472534,0.123291,1.00515,0,0,6.46461e+07,0.827576
0,4125.44,4.31417e+08,0.932434,0.222183,1.03545,0.965759,501443,0.480896,0.133728,1.00405,0,0,6.50721e+07,0.815063
0,4340.19,4.55252e+08,0.873779,0.388309,1.06861,0.935791,502223,0.479675,0.13501,1.00334,0,0,6.63337e+07,0.815735
0,4462.84,4.83581e+08,0.695923,0.570368,1.18142,0.846436,491025,0.457092,0.152771,1.00206,0,0,6.21747e+07,0.804199
0,4130.25,6.06807e+07,0.651306,0.624149,1.21552,0.822693,461833,0.457153,0.162537,1.0015,0,0,5.49028e+07,0.793945
0,4216.34,6.44082e+07,0.734131,0.694116,1.16679,0.857056,382320,0.444031,0.170105,1.00136,0,0,5.75647e+07,0.765991
0,4530.84,1.72293e+08,0.820923,0.795101,1.11851,0.894043,293829,0.425903,0.178223,1.00122,0,0,6.42924e+07,0.740845
0,4672.56,1.94523e+08,0.917542,0.774877,1.06135,0.9422,199228,0.425415,0.191284,1.00111,0,0,6.97846e+07,0.72699
0,4777.22,2.03116e+08,0.943787,0.761561,1.04677,0.955322,71895.3,0.43219,0.205811,1.001,0,0,7.22734e+07,0.722961
0,4999.06,3.03715e+08,0.943115,0.790872,1.0473,0.954834,25519,0.43866,0.215881,1.00084,0,0,7.57852e+07,0.744934
0,5468.06,8.79248e+08,0.944336,0.671332,1.0459,0.956116,219061,0.45752,0.200439,1.00072,0,0,8.38257e+07,0.768738
0,5580.38,8.8063e+08,0.944946,0.634381,1.0453,0.956665,508482,0.516785,0.142273,1.00049,0,0,8.58132e+07,0.841187
0,5664.09,8.78458e+08,0.935425,0.627446,1.05282,0.949829,621464,0.54425,0.0988159,1.00036,0,0,8.68444e+07,0.88324
0,6583.19,1.03242e+09,0.917297,0.650859,1.06403,0.939819,630690,0.517639,0.0908203,1.00033,0,0,1.01166e+08,0.889404
0,6593,1.03646e+09,0.864868,0.640834,1.09118,0.916443,625049,0.505005,0.10498,1.00029,0,0,1.0011e+08,0.882629
0,6297.75,1.00828e+09,0.825928,0.420836,1.10041,0.908752,632182,0.509399,0.132385,1.00024,0,0,9.64511e+07,0.88739
0,6052.06,9.36181e+08,0.761841,0.445828,1.14055,0.87677,621186,0.496155,0.146545,1.00021,0,0,9.03736e+07,0.872864
0,3670.91,3.22865e+07,0.998962,0.0448894,1.00067,0.999329,14803.9,0.234985,0.401733,1.00006,0,0,6.00253e+07,0.719604
0,3644.34,7.7909e+07,0.999329,0.0281711,1.00043,0.999573,16262.8,0.23053,0.404541,1.00005,0,0,5.96803e+07,0.780396
0,4272.75,6.53693e+08,0.99939,0.0174693,1.00031,0.999695,252500,0.259033,0.348755,1.00004,0,0,6.99843e+07,0.838257
0,4510.81,6.8735e+08,0.998596,0.080468,1.00098,0.999023,440391,0.286682,0.282837,1.00003,0,0,7.37044e+07,0.905029
0,4615.56,7.10942e+08,0.967712,0.200765,1.01701,0.983276,450098,0.302856,0.26825,1.00003,0,0,7.4241e+07,0.9151
0,4638.81,7.17401e+08,0.883972,0.302369,1.06238,0.941284,466676,0.353088,0.237671,1.00002,0,0,7.1767e+07,0.937134
0,4617.84,7.18709e+08,0.834473,0.355367,1.09118,0.916443,477990,0.382568,0.219849,1.00002,0,0,6.97196e+07,0.916199
0,4614.19,7.20353e+08,0.706848,0.472755,1.17313,0.852417,504547,0.444275,0.181519,1.00001,0,0,6.52646e+07,0.852173
0,4673.38,7.21894e+08,0.620117,0.546217,1.23634,0.808838,514567,0.463013,0.166443,1.00001,0,0,6.32238e+07,0.808533
0,3772.88,5.26236e+07,0.990173,0.251156,1.00589,0.994141,127876,0.481689,0.232544,1.00001,0,0,6.10284e+07,0.733215
0,4506.31,6.88929e+08,0.992065,0.2037,1.00472,0.9953,506609,0.444641,0.183777,0.980594,0.16872,0.0296044,7.31843e+07,0.806519
0,3458.81,1.37831e+06,0.949097,0.159481,1.02612,0.974548,181108,0.508362,0.0187378,1.01845,0,0,5.49612e+07,0.752747
0,4062.59,6.54689e+08,0.999634,0.0135316,1.00018,0.999817,112835,0.521545,0.0187378,0.98832,0.166378,0.0283398,6.65492e+07,0.745667
0,3486.19,6.80336e+07,0.999878,0.0078125,1.00006,0.999939,67830.6,0.470459,0.0216675,1.021,0,0,5.71172e+07,0.73468
0,4109.69,6.59085e+08,0.974609,0.112664,1.01286,0.987305,258219,0.469543,0.020813,1.01656,0,0,6.64847e+07,0.755493
0,4199.53,7.25745e+08,0.825806,0.293776,1.09541,0.912903,257225,0.481567,0.0187988,1.01044,0,0,6.29601e+07,0.755371
0,4448.94,9.34764e+08,0.652466,0.407531,1.21031,0.826233,428060,0.497559,0.00500488,1.0052,0,0,6.12301e+07,0.790894
0,4090.06,4.20675e+08,0.718262,0.370246,1.16397,0.859131,595143,0.479492,0,1.00386,0,0,5.7558e+07,0.826172
0,3820.59,2.78137e+08,0.644287,0.411744,1.21633,0.822144,442571,0.41687,0,1.00122,0,0,5.06609e+07,0.791809
0,4050.72,4.61763e+08,0.708008,0.376469,1.17095,0.854004,580382,0.405701,0,1.00096,0,0,5.65693e+07,0.822144
0,3477.31,1.29582e+06,0.959473,0.14232,1.02068,0.979736,201360,0.514404,0.0340576,1.00016,0,0,5.56124e+07,0.753052
0,3480.28,6.80091e+07,1,0,1,1,25643.1,0.527771,0.0366211,1.00015,0,0,5.70209e+07,0.746216
0,4139.72,6.70513e+08,0.997192,0.0374674,1.00141,0.998596,305856,0.519531,0.0349731,1.00012,0,0,6.77309e+07,0.774719
0,4222.28,7.37147e+08,0.795288,0.317844,1.11403,0.897644,296516,0.503601,0.0237427,1.00007,0,0,6.23089e+07,0.765076
0,4473.81,8.81299e+08,0.734009,0.360369,1.1534,0.867004,568415,0.471008,0.00958252,1.00004,0,0,6.43738e+07,0.815186
0,3807.91,2.12478e+08,0.678101,0.393735,1.19182,0.83905,517226,0.459534,0,1.00003,0,0,5.15876e+07,0.793213
0,3828.19,2.79342e+08,0.652832,0.40734,1.21004,0.826416,444215,0.476501,0,1.00002,0,0,5.1072e+07,0.786743
0,4075.41,4.38143e+08,0.709229,0.375737,1.17012,0.854614,620960,0.455139,0,1.00001,0,0,5.70148e+07,0.826355
0,3600.75,1.08062e+06,0.678223,0.393667,1.19174,0.839111,529835,0.465698,0.000427246,0.97863,0.191833,0.0384247,4.81976e+07,0.802551
0,3474.97,6.80082e+07,1,0,1,1,66793.7,0.499084,0.0012207,0.987013,0.188422,0.0364434,5.69339e+07,0.745483
0,4067.47,6.68733e+08,0.999878,0.0078125,1.00006,0.999939,109729,0.505127,0.0012207,0.989025,0.185185,0.0350589,6.66373e+07,0.749329
0,3625.5,1.02193e+06,0.65564,0.405871,1.20799,0.82782,548565,0.468445,0.0245972,1.01087,0,0,4.78454e+07,0.796265
0,3475.41,6.80165e+07,1,0,1,1,11397.1,0.502319,0.0441284,1.00695,0,0,5.69411e+07,0.734985
0,4075.31,6.68197e+08,1,0,1,1,105885,0.498962,0.0437012,1.00661,0,0,6.67699e+07,0.743164
0,4126,6.68219e+08,0.985962,0.0837776,1.00707,0.992981,281659,0.48468,0.0427856,1.00565,0,0,6.71293e+07,0.761597
0,4201.81,6.81179e+08,0.944702,0.170305,1.02856,0.972229,281718,0.480225,0.041626,1.00495,0,0,6.69051e+07,0.762024
0,4290.31,7.03717e+08,0.851807,0.276714,1.08024,0.92572,281154,0.469421,0.0371704,1.00371,0,0,6.52093e+07,0.762085
0,4668.41,9.21366e+08,0.820557,0.310683,1.09893,0.909973,589424,0.460815,0.0240479,1.00247,0,0,7.02858e+07,0.823181
0,4002.06,2.55097e+08,0.666626,0.410294,1.20047,0.833008,553134,0.465149,0,1.00129,0,0,5.42034e+07,0.804565
0,3880.22,2.86551e+08,0.662598,0.402798,1.20303,0.831238,457067,0.481628,0,1.00087,0,0,5.21989e+07,0.78595
0,4081.44,4.22539e+08,0.717041,0.370995,1.16479,0.858521,666858,0.485901,0,1.00063,0,0,5.73757e+07,0.831238
0,3523.28,6.7953e+07,0.999878,0.0078125,1.00006,0.999939,12201.7,0.396362,0.0592651,1.00009,0,0,5.77213e+07,0.736877
0,4349.81,6.84766e+08,0.999634,0.0135316,1.00018,0.999817,542745,0.376221,0.0493164,1.00006,0,0,7.1255e+07,0.809265
0,4842.44,1.24043e+09,0.965637,0.134212,1.01758,0.982727,564153,0.371155,0.0524902,1.00005,0,0,7.81302e+07,0.81427
0,4684.88,1.2519e+09,0.900635,0.233269,1.05255,0.950073,580074,0.402344,0.0565186,1.00004,0,0,7.32836e+07,0.828979
0,4352.66,1.26636e+09,0.779236,0.348643,1.12458,0.889221,582520,0.431519,0.0643921,1.00003,0,0,6.36954e+07,0.831665
0,2769.41,5.88601e+08,0.917236,0.234747,1.04363,0.958191,288623,0.529785,0.0654907,1.00001,0,0,4.23716e+07,0.764282
0,2573.94,6.4098e+08,0.999207,0.0785381,1.00067,0.999329,25701.3,0.547852,0.0658569,1.00001,0,0,4.19912e+07,0.750122
0,3438.38,7.26928e+08,0.99939,0.0174693,1.00031,0.999695,632675,0.513184,0.038147,1.00001,0,0,5.63139e+07,0.826294
0,2364.03,6.81367e+07,0.999634,0.0247071,1.00024,0.999756,12511.7,0.561218,0.0388794,1,0,0,3.8679e+07,0.757507
0,3585.38,1.19773e+09,0.975952,0.111597,1.01223,0.987915,61491.7,0.552856,0.0355835,1,0,0,5.78949e+07,0.761658
0,4145.22,1.26327e+09,0.97583,0.109923,1.01223,0.987915,644837,0.48822,0.0261841,1,0,0,6.71043e+07,0.835205
0,2329.47,6.79765e+07,1,0,1,1,10462.5,0.353333,0.0588989,1,0,0,3.8166e+07,0.761414
0,4106.38,1.13868e+09,0.99939,0.0174693,1.00031,0.999695,666773,0.406189,0.0427246,1,0,0,6.72584e+07,0.842651
0,2560.72,5.55135e+08,0.926147,0.192021,1.03834,0.963074,284453,0.530273,0.0229492,1,0,0,3.94767e+07,0.762268
0,2445.28,6.16274e+08,1,0,1,1,40195.6,0.548401,0.0229492,1,0,0,4.00635e+07,0.749268
0,3508.53,5.78141e+08,0.99939,0.0174693,1.00031,0.999695,728328,0.541016,0.0139771,1,0,0,5.74633e+07,0.839783
0,2454.84,6.81044e+07,1,0,1,1,11706.7,0.459656,0.109924,1,0,0,4.02202e+07,0.733704
0,4381.94,9.79068e+08,0.99939,0.0174693,1.00031,0.999695,649894,0.486572,0.0767212,1,0,0,7.17732e+07,0.841003
0,2567.84,5.55135e+08,0.920654,0.19901,1.04131,0.960327,301320,0.537354,0.0319824,1,0,0,3.94092e+07,0.763
0,2445.28,6.16274e+08,1,0,1,1,40995.9,0.555481,0.032959,1,0,0,4.00635e+07,0.749084
0,8305.22,4.54155e+09,0.998047,0.03125,1.00098,0.999023,673642,0.503723,0.0206909,1,0,0,1.36007e+08,0.824463
0,3222.03,9.69834e+08,1,0,1,1,90604.6,0.325134,0.0935059,1,0,0,5.27898e+07,0.751038
0,4010.38,1.241e+09,0.99939,0.0174693,1.00031,0.999695,687636,0.385071,0.0426025,1,0,0,6.56855e+07,0.827271
0,2618.66,5.40418e+08,0.858276,0.265424,1.07627,0.929138,385410,0.540344,0.0476685,1,0,0,3.81486e+07,0.770264
0,2502.59,5.98117e+08,0.972656,0.116916,1.01386,0.986328,166010,0.549316,0.0484009,1,0,0,4.0085e+07,0.750366
0,3225.75,1.25985e+09,0.999878,0.0078125,1.00006,0.999939,162779,0.55426,0.0484009,1,0,0,5.28466e+07,0.750305
0,3297.41,7.88467e+08,0.999268,0.0191366,1.00037,0.999634,676251,0.503723,0.0322876,1,0,0,5.40001e+07,0.811584
0,4242.88,1.66648e+09,0.937256,0.177029,1.03239,0.968628,661646,0.469482,0.0349731,1,0,0,6.74099e+07,0.801392
0,3482.91,1.04447e+09,0.997864,0.129652,1.00165,0.998352,102984,0.335999,0.0396118,1,0,0,5.67322e+07,0.755554
0,4288.09,1.50332e+09,0.998779,0.0247053,1.00061,0.99939,733073,0.407166,0.0267334,1,0,0,7.02152e+07,0.834167
0,2791.16,5.40368e+08,0.772095,0.334765,1.12861,0.886047,528521,0.520447,0.0234375,1,0,0,3.80831e+07,0.780212
0,2502.59,5.98117e+08,0.998657,0.0259111,1.00067,0.999329,121247,0.533447,0.0235596,1,0,0,4.09574e+07,0.737793
0,2532.12,5.43827e+08,0.970703,0.121017,1.01487,0.985352,75967.2,0.527832,0.0231323,1,0,0,4.05033e+07,0.733826
0,3227.91,6.11806e+08,0.957397,0.145915,1.02176,0.978699,718979,0.479004,0.0162354,1,0,0,5.14565e+07,0.813599
0,5146.12,2.4125e+09,0.785645,0.325013,1.12004,0.892822,708092,0.369812,0.0875244,1,0,0,7.71215e+07,0.806641
0,4203.91,1.9394e+09,0.997314,0.0366438,1.00134,0.998657,132626,0.302551,0.220398,1,0,0,6.87867e+07,0.756531
0,5581.5,3.00994e+09,1,0,1,1,124382,0.31427,0.220398,1,0,0,9.14473e+07,0.756531
0,3814,1.14348e+09,1,0,1,1,250586,0.324951,0.206787,1,0,0,6.24886e+07,0.770508
0,4278.69,1.20914e+09,0.99939,0.0174693,1.00031,0.999695,754094,0.376892,0.14386,1,0,0,7.00815e+07,0.833191
0,2843.47,5.40341e+08,0.734375,0.360135,1.15315,0.867188,614554,0.522583,0.0203857,1,0,0,3.76745e+07,0.796448
0,2502.59,5.98117e+08,0.995117,0.0494104,1.00245,0.997559,131693,0.520203,0.0214233,1,0,0,4.08387e+07,0.739502
0,3024.75,9.14467e+08,0.999878,0.0078125,1.00006,0.999939,127992,0.52771,0.0214233,1,0,0,4.95534e+07,0.739502
0,2568.22,3.76622e+08,1,0,1,1,237842,0.519592,0.0204468,1,0,0,4.20777e+07,0.747742
0,3117.78,4.43092e+08,0.99939,0.0174693,1.00031,0.999695,654530,0.476929,0.0147095,1,0,0,5.10612e+07,0.802856
0,3300.22,1.00453e+09,0.995483,0.0475215,1.00226,0.997742,136127,0.331665,0.0718994,1,0,0,5.39192e+07,0.757141
0,4222.34,1.25841e+09,0.999268,0.0191366,1.00037,0.999634,12935.1,0.373779,0.0616455,1,0,0,6.91543e+07,0.826172
0,4999.41,2.03173e+09,0.949219,0.15929,1.02605,0.974609,12233.1,0.361694,0.0586548,1,0,0,8.02063e+07,0.816162
0,3258.38,9.10938e+08,0.899658,0.223676,1.05282,0.949829,9661.99,0.336975,0.0275879,1,0,0,5.00183e+07,0.769348
0,4529.72,2.07068e+09,0.957886,0.145077,1.02151,0.978943,9975.37,0.338196,0.0275879,1,0,0,7.28018e+07,0.769348
0,4529.72,2.07068e+09,1,0,1,1,9975.37,0.350098,0.0275879,1,0,0,7.42149e+07,0.769348
0,4096.5,1.29591e+09,0.99939,0.0174693,1.00031,0.999695,11403,0.391235,0.0275879,1,0,0,6.70966e+07,0.827148
0,2827.31,5.16598e+08,0.67749,0.394074,1.19226,0.838745,9044.7,0.519104,0,1,0,0,3.55011e+07,0.796448
0,2579.75,5.68567e+08,0.875366,0.249082,1.06646,0.937683,9823.82,0.530823,0,1,0,0,3.80846e+07,0.763
0,3024.88,1.02133e+09,0.976318,0.108808,1.01198,0.988159,10267.6,0.52655,0,1,0,0,4.87649e+07,0.75116
0,2551.91,5.11411e+08,0.952637,0.153843,1.02426,0.976318,12056.6,0.526184,0,1,0,0,4.02212e+07,0.747864
0,3383.44,5.78e+08,0.950195,0.157753,1.02554,0.975098,14984.4,0.495544,0,1,0,0,5.37631e+07,0.834045
0,4328.84,1.37429e+09,0.755859,0.345992,1.13904,0.87793,12729.8,0.378784,0.00286865,1,0,0,6.27318e+07,0.827393
0,3320.06,8.66745e+08,0.959473,0.14232,1.02068,0.979736,11067.5,0.247253,0.0419312,1,0,0,5.3036e+07,0.713623
0,3270.34,9.33539e+08,1,0,1,1,11476.9,0.251648,0.0487061,1,0,0,5.35813e+07,0.705566
0,3333.84,4.05837e+08,0.999878,0.0078125,1.00006,0.999939,11884.1,0.25946,0.048584,1,0,0,5.46176e+07,0.718933
0,3832.12,4.71861e+08,0.999268,0.0191366,1.00037,0.999634,13536.4,0.296204,0.046814,1,0,0,6.2761e+07,0.785767
0,3905.84,9.28601e+08,0.639526,0.414155,1.21986,0.819763,9605.94,0.491272,0.00506592,1,0,0,5.18979e+07,0.817078
0,2900.16,5.25305e+08,0.655029,0.406191,1.20844,0.827515,9214.04,0.499939,0,1,0,0,3.59409e+07,0.799255
0,2564.28,5.78013e+08,0.910645,0.21114,1.04677,0.955322,10215.1,0.516663,0,1,0,0,3.90149e+07,0.753418
0,5044,2.60779e+09,0.976807,0.10768,1.01173,0.988403,10661.7,0.526367,0,1,0,0,8.18627e+07,0.741821
0,4958.81,2.16194e+09,0.862061,0.261899,1.07408,0.93103,9486.46,0.49469,0,1,0,0,7.66167e+07,0.738831
0,5313.72,2.22679e+09,0.78479,0.325639,1.12058,0.892395,8549.28,0.480896,0,1,0,0,7.98387e+07,0.750854
0,5708.28,2.30476e+09,0.703369,0.379233,1.17414,0.851685,6974.06,0.470398,0,1,0,0,8.35712e+07,0.761841
0,6096.88,2.38249e+09,0.625977,0.420852,1.23003,0.812988,4795.28,0.472778,0,1,0,0,8.73411e+07,0.773254
0,6338.31,2.40178e+09,0.594116,0.435644,1.25461,0.797058,3326.48,0.467773,0,1,0,0,9.02154e+07,0.785156
0,3888.91,3.9519e+08,0.565491,0.447991,1.2776,0.782715,1579.54,0.472229,0,1,0,0,4.91095e+07,0.782104
0,3955.31,4.09729e+08,0.588867,0.44178,1.25905,0.79425,1686.67,0.469299,0,1,0,0,5.09102e+07,0.78241
0,4009.31,4.44343e+08,0.607849,0.437567,1.24432,0.80365,2090.74,0.495728,0,1,0,0,5.23889e+07,0.793335
0,3996.84,4.30869e+08,0.598694,0.441699,1.25145,0.799072,2145.62,0.507263,0,1,0,0,5.18774e+07,0.794312
0,4024.19,4.43124e+08,0.66449,0.409608,1.20197,0.83197,2151.94,0.506653,0,1,0,0,5.45331e+07,0.794312
0,4095.28,5.09732e+08,0.59552,0.443106,1.25394,0.797485,2261.26,0.510315,0,1,0,0,5.33837e+07,0.795898
0,4024,4.56564e+08,0.647888,0.418233,1.21408,0.823669,2185.23,0.515015,0,1,0,0,5.3973e+07,0.78894
0,4120.59,5.16844e+08,0.598206,0.441916,1.25183,0.798828,2144.29,0.503662,0,1,0,0,5.38885e+07,0.796875
0,4037.28,4.36339e+08,0.651306,0.416486,1.21157,0.825378,2207.46,0.502991,0,1,0,0,5.43053e+07,0.798828
0,4063.16,4.93263e+08,0.602417,0.435772,1.2484,0.801025,2143.02,0.50708,0,1,0,0,5.31318e+07,0.795898
0,4035.19,4.24361e+08,0.616577,0.429239,1.23746,0.808105,2054.38,0.504211,0,1,0,0,5.31487e+07,0.802917
0,3916.44,4.4084e+08,0.626831,0.420437,1.22938,0.813416,2201.77,0.514099,0,1,0,0,5.16454e+07,0.791931
0,3985.75,4.68202e+08,0.600952,0.432583,1.24926,0.800476,2196.7,0.512451,0,1,0,0,5.19127e+07,0.796082
0,3912.12,4.06931e+08,0.64624,0.410746,1.21489,0.82312,2099.81,0.515259,0,1,0,0,5.2226e+07,0.792053
0,4011.47,4.65109e+08,0.620239,0.423614,1.23439,0.81012,2183.94,0.503052,0,1,0,0,5.29812e+07,0.804077
0,3857.25,3.86285e+08,0.652466,0.407531,1.21031,0.826233,2814.05,0.496887,0,1,0,0,5.15359e+07,0.794617
0,3995.78,4.66336e+08,0.614014,0.426563,1.23915,0.807007,2832.7,0.477234,0,1,0,0,5.25153e+07,0.803711
0,3892.31,3.87432e+08,0.615234,0.425989,1.23821,0.807617,2786.21,0.479248,0,1,0,0,5.08611e+07,0.799133
0,4047.06,4.12503e+08,0.61261,0.440261,1.24187,0.805237,5597.38,0.481873,0.000427246,1,0,0,5.30826e+07,0.789673
0,4452.94,5.50154e+08,0.590881,0.470607,1.26031,0.793457,8709.83,0.476013,0.000976562,1,0,0,5.87899e+07,0.791565
0,6223.62,2.17966e+09,0.630493,0.486423,1.23188,0.811768,10275.2,0.458557,0.00256348,1,0,0,8.88745e+07,0.781433
0,6238.75,2.10113e+09,0.661011,0.472042,1.20915,0.827026,11633.1,0.450378,0.00256348,1,0,0,9.01463e+07,0.811768
0,6386.34,2.1665e+09,0.704041,0.449913,1.17845,0.848572,12919.4,0.445435,0.00256348,1,0,0,9.40104e+07,0.842468
0,3179.25,6.47501e+08,0.63147,0.418166,1.22589,0.815735,8800.34,0.53186,0.0308838,1,0,0,3.9723e+07,0.815491
0,1968.31,1.60911e+06,1,0,1,1,10833.7,0.551392,0.0679321,1,0,0,3.22488e+07,0.757568
0,3842.53,1.84333e+09,0.999512,0.015625,1.00024,0.999756,11556.4,0.536255,0.071167,1,0,0,6.29396e+07,0.769592
0,4161,1.84354e+09,0.999512,0.015625,1.00024,0.999756,12870.1,0.520325,0.0679932,1,0,0,6.81574e+07,0.806458
0,4611.84,1.90881e+09,0.998657,0.0259111,1.00067,0.999329,14162.4,0.509094,0.0632324,1,0,0,7.55031e+07,0.851868
0,5268.22,2.57796e+09,0.984253,0.0887301,1.00794,0.992126,13984.2,0.509521,0.0639648,1,0,0,8.57738e+07,0.851929
0,3385.34,7.41632e+08,0.657837,0.404715,1.20639,0.828918,9764.65,0.527466,0.0447388,1,0,0,4.39721e+07,0.828674
0,1947.03,1.63584e+06,1,0,1,1,11614.7,0.556152,0.0942383,1,0,0,3.19002e+07,0.773438
0,2000.44,6.85058e+07,1,0,1,1,14007.9,0.561096,0.113403,1,0,0,3.27752e+07,0.823242
0,2718.31,7.41081e+08,0.999878,0.0078125,1.00006,0.999939,14189.3,0.545288,0.112244,1,0,0,4.45327e+07,0.830872
0,3362.06,8.07331e+08,0.999146,0.0206699,1.00043,0.999573,15795.2,0.526672,0.0916748,1,0,0,5.50554e+07,0.898865
0,3940.91,1.40716e+09,0.984253,0.0887301,1.00794,0.992126,15499,0.526489,0.0896606,1,0,0,6.40394e+07,0.899048
0,3195.38,6.69518e+08,0.629272,0.419245,1.22754,0.814636,8822.43,0.572876,0,1,0,0,3.99135e+07,0.814392
0,1988.25,1.58715e+06,1,0,1,1,10835.3,0.609253,0,1,0,0,3.25755e+07,0.757568
0,2693.22,6.69784e+08,0.999634,0.0135316,1.00018,0.999817,11210.3,0.594238,0,1,0,0,4.41134e+07,0.769165
0,3545.25,7.35773e+08,0.998901,0.0234375,1.00055,0.999451,13462.6,0.599365,0,1,0,0,5.80485e+07,0.863647
0,4119.94,1.33135e+09,0.984375,0.0883856,1.00787,0.992188,13284.9,0.59613,0,1,0,0,6.69768e+07,0.863831
0,4134.12,1.33278e+09,0.796997,0.316554,1.11297,0.898499,11902.3,0.560425,0.00366211,1,0,0,6.09219e+07,0.862854
0,3514.31,6.66636e+08,0.682617,0.39121,1.18862,0.841309,10662,0.52771,0.00878906,1,0,0,4.69166e+07,0.841064
0,2216.25,5.29236e+06,0.999573,0.0468822,1.00037,0.999634,13400.7,0.391724,0.0540771,1,0,0,3.62127e+07,0.737854
0,2325.44,7.21413e+07,0.999451,0.0475298,1.00043,0.999573,14601.2,0.363831,0.0800171,1,0,0,3.79976e+07,0.767273
0,3991.12,1.26005e+09,0.939636,0.179424,1.03128,0.969666,58642.4,0.354004,0.0790405,1,0,0,6.32812e+07,0.773315
0,4140.09,1.28249e+09,0.909241,0.217594,1.0477,0.954468,58799,0.3526,0.0773926,1,0,0,6.4702e+07,0.777344
0,4329.94,1.33066e+09,0.895813,0.229782,1.05506,0.947815,125456,0.391907,0.0743408,1,0,0,6.73905e+07,0.803101
0,4550.31,1.3802e+09,0.850891,0.273773,1.08067,0.925354,126797,0.394531,0.0717773,1,0,0,6.94938e+07,0.809448
0,4720.25,1.42798e+09,0.837158,0.28422,1.08864,0.918579,189004,0.434631,0.0672607,1,0,0,7.18725e+07,0.837585
0,4900.91,1.47776e+09,0.791626,0.32059,1.1163,0.895813,198743,0.459717,0.0628052,1,0,0,7.33046e+07,0.857544
0,5107.22,1.52774e+09,0.746582,0.352195,1.14509,0.873291,255503,0.499329,0.0440674,1,0,0,7.51734e+07,0.872986
0,5211.25,1.53715e+09,0.717773,0.370546,1.1643,0.858887,266557,0.517212,0.0341797,1,0,0,7.59112e+07,0.858582
0,5329.41,1.55908e+09,0.687866,0.388239,1.18493,0.843933,278261,0.528992,0.0168457,1,0,0,7.68435e+07,0.843628
0,4015.56,3.87069e+08,0.662231,0.402382,1.2032,0.831116,287767,0.55011,0.00012207,1,0,0,5.44573e+07,0.826965
0,4009.25,3.87629e+08,0.674805,0.39556,1.19417,0.837402,252035,0.548218,0.00012207,1,0,0,5.47758e+07,0.828674
0,4016.88,4.1948e+08,0.656006,0.405679,1.20773,0.828003,177565,0.541382,0.00012207,1,0,0,5.427e+07,0.821411
0,4032.75,4.2357e+08,0.686768,0.388864,1.1857,0.843384,229185,0.550232,0.00012207,1,0,0,5.55622e+07,0.827454
0,4021.75,4.02035e+08,0.655518,0.405935,1.20808,0.827759,161232,0.537231,0.00012207,1,0,0,5.43334e+07,0.821716
0,3974.72,3.5181e+08,0.677246,0.39421,1.19243,0.838623,182260,0.536987,0.00012207,1,0,0,5.4292e+07,0.82019
0,4082.16,3.68535e+08,0.67688,0.395034,1.19278,0.838379,195117,0.527649,0.000305176,1,0,0,5.5999e+07,0.838074
0,4148.88,3.93139e+08,0.719177,0.37856,1.16372,0.859314,139422,0.519592,0.000305176,1,0,0,5.83987e+07,0.837585
0,4519.31,7.57762e+08,0.677063,0.428563,1.19339,0.837952,123879,0.478455,0.000183105,1,0,0,6.28992e+07,0.831055
0,4359.69,7.60463e+08,0.688538,0.462792,1.1857,0.843384,121350,0.460754,0.000366211,1,0,0,6.0501e+07,0.824097
0,4252.25,7.56175e+08,0.67627,0.514697,1.19478,0.836975,120775,0.451599,0.000427246,1,0,0,5.81878e+07,0.821838
0,4828.09,1.19688e+09,0.712158,0.519583,1.16987,0.854797,129079,0.443359,0.000610352,1,0,0,6.8757e+07,0.83667
0,4996.53,1.40601e+09,0.678467,0.536222,1.19339,0.837952,129767,0.412476,0.000610352,1,0,0,7.03862e+07,0.837097
0,4354.41,1.2743e+09,0.630493,0.59403,1.22883,0.813782,6165.36,0.32251,0.000793457,1,0,0,5.81453e+07,0.805359
0,6864.75,2.35921e+09,0.676636,0.598405,1.19513,0.836731,7718.74,0.310913,0.00286865,1,0,0,1.00753e+08,0.803833
0,6801.19,2.33493e+09,0.79718,0.517919,1.11471,0.897095,7725.8,0.310181,0.00286865,1,0,0,1.038e+08,0.804016
0,6667.41,2.26005e+09,0.771362,0.476174,1.13063,0.88446,7941.68,0.31366,0.00378418,1,0,0,1.00883e+08,0.806885
0,6470.62,2.22867e+09,0.631775,0.454817,1.22662,0.815247,6630.86,0.319336,0.0111084,1,0,0,9.32966e+07,0.806946
0,6434.09,2.17604e+09,0.676697,0.432375,1.19373,0.837708,7027.92,0.318787,0.0109863,1,0,0,9.42054e+07,0.814636
0,6248.53,2.17028e+09,0.651794,0.418247,1.2113,0.825562,6558.98,0.328552,0.0109863,1,0,0,9.05098e+07,0.80658
0,5006.84,1.42643e+09,0.653076,0.417381,1.21031,0.826233,5353.08,0.3255,0.00994873,1,0,0,7.02111e+07,0.825745
0,4075.81,1.42327e+09,0.701538,0.380315,1.17541,0.850769,4520.98,0.318298,0.00646973,1,0,0,5.67634e+07,0.802429
0,4172.22,1.45516e+09,0.66272,0.408899,1.2032,0.831116,4934.01,0.32428,0.00457764,1,0,0,5.69011e+07,0.802246
0,4912.12,1.9006e+09,0.653687,0.417067,1.20987,0.826538,4954.94,0.318787,0.00134277,1,0,0,6.8692e+07,0.824951
0,4245.81,1.40608e+09,0.750061,0.39404,1.14365,0.87439,4200.83,0.306763,0.0010376,1,0,0,6.08266e+07,0.800293
0,4380.44,1.44585e+09,0.653625,0.489597,1.21085,0.825867,5137.19,0.319763,0.0010376,1,0,0,5.96163e+07,0.800537
0,4746.03,1.5887e+09,0.654907,0.493821,1.20995,0.826477,5139.99,0.309326,0.000976562,1,0,0,6.56348e+07,0.822021
0,4223.03,1.18669e+09,0.749634,0.476692,1.14461,0.873657,4760.03,0.297119,0.0010376,1,0,0,6.01462e+07,0.796387
0,4226.31,1.17544e+09,0.646484,0.586965,1.21687,0.821777,4661.82,0.320251,0.000305176,1,0,0,5.65832e+07,0.798096
0,5038.66,1.62096e+09,0.638123,0.71705,1.22397,0.817017,6828.53,0.316528,0.000915527,1,0,0,6.93151e+07,0.807922
0,4623.88,1.23298e+09,0.675842,0.665588,1.19617,0.835999,6569.15,0.317017,0.0010376,1,0,0,6.383e+07,0.816711
0,4809.47,1.37705e+09,0.755798,0.706193,1.14206,0.87561,7178.97,0.302368,0.0010376,1,0,0,6.93939e+07,0.796753
0,5057.59,1.41084e+09,0.707947,0.863109,1.1749,0.851135,8159.33,0.30658,0.0010376,1,0,0,7.15955e+07,0.800415
0,5164.5,1.41422e+09,0.649719,0.959238,1.21687,0.821777,7725.1,0.315002,0.000915527,1,0,0,7.12786e+07,0.801941
0,5802.72,1.85851e+09,0.630859,0.96791,1.23105,0.812317,7897.83,0.314514,0.000976562,1,0,0,8.11003e+07,0.808044
0,5544.47,1.70057e+09,0.680054,0.929858,1.19478,0.836975,7922.65,0.316345,0.000976562,1,0,0,7.85485e+07,0.812012
0,5270.81,1.56477e+09,0.751526,0.873234,1.14573,0.872803,8206.61,0.30957,0.0010376,1,0,0,7.65061e+07,0.801941
0,5218.31,1.56483e+09,0.721741,0.864202,1.16546,0.858032,8299.73,0.312195,0.000915527,1,0,0,7.46916e+07,0.803772
0,5187.44,1.56659e+09,0.641235,0.939715,1.22305,0.817627,8968.42,0.318604,0.000976562,1,0,0,7.13759e+07,0.80426
0,4835.75,1.27243e+09,0.635925,0.813045,1.22635,0.81543,7312.7,0.314331,0.000366211,1,0,0,6.56384e+07,0.810791
0,4441.62,1.15756e+09,0.787903,0.675563,1.12188,0.891357,8095.56,0.321533,0.000976562,1,0,0,6.43011e+07,0.814819
0,4153.34,1.13088e+09,0.77301,0.521084,1.13055,0.884521,7898.97,0.348267,0.000976562,1,0,0,5.93649e+07,0.830261
0,4352.72,1.17187e+09,0.762512,0.512068,1.13722,0.879333,7679.58,0.36792,0.000976562,1,0,0,6.23078e+07,0.838928
0,4486.03,1.21643e+09,0.762878,0.447704,1.13636,0.880005,8154.78,0.367188,0.000976562,1,0,0,6.4746e+07,0.861023
0,3607.62,7.03166e+08,0.83197,0.429738,1.09358,0.914429,6953.9,0.340576,0.0010376,1,0,0,5.26152e+07,0.835388
0,3529.69,7.06028e+08,0.765625,0.448962,1.13431,0.881592,7144.39,0.361694,0.000976562,1,0,0,4.92943e+07,0.836548
0,7168.88,3.80328e+09,0.75708,0.453096,1.13984,0.877319,7318.83,0.362976,0.00183105,1,0,0,1.08644e+08,0.841919
0,7306.47,3.83784e+09,0.721558,0.470481,1.16322,0.85968,6564.41,0.375427,0.00213623,1,0,0,1.09801e+08,0.839172
0,6902,3.50667e+09,0.697571,0.408159,1.17887,0.848267,5315.46,0.408447,0.00238037,1,0,0,1.02679e+08,0.827454
0,6935.69,3.4946e+09,0.654297,0.408513,1.20915,0.827026,3946.12,0.401672,0.00213623,1,0,0,1.01953e+08,0.79071
0,7011.5,3.56313e+09,0.70752,0.3788,1.17146,0.853638,3947.72,0.40863,0.00219727,1,0,0,1.0498e+08,0.790649
0,7013.75,3.56314e+09,0.761902,0.345105,1.13533,0.880798,4242.12,0.422729,0.0022583,1,0,0,1.06828e+08,0.790588
0,7035.72,3.36403e+09,0.714722,0.374467,1.16654,0.857239,4355.18,0.453064,0.0022583,1,0,0,1.05619e+08,0.800476
0,7284.72,3.36333e+09,0.595093,0.437074,1.25404,0.797424,3863.97,0.445496,0.0022583,1,0,0,1.05697e+08,0.773926
0,7587.88,3.45533e+09,0.539673,0.47596,1.2997,0.769409,3812.41,0.433289,0.00238037,1,0,0,1.08661e+08,0.762085
0,4186.66,4.25391e+08,0.566895,0.482905,1.27741,0.782837,3588.54,0.442505,0.00158691,1,0,0,5.3738e+07,0.763
0,4156.31,3.89858e+08,0.513184,0.502497,1.32278,0.755981,3274.17,0.425598,0.00115967,1,0,0,5.14386e+07,0.753235
0,4206.12,4.31066e+08,0.585571,0.475269,1.26235,0.792175,3276.58,0.424988,0.0012207,1,0,0,5.46836e+07,0.753052
0,4223.38,4.31332e+08,0.560059,0.485596,1.28301,0.779419,2915.47,0.422546,0.000732422,1,0,0,5.41102e+07,0.755554
0,4266.47,4.26119e+08,0.551697,0.542704,1.29059,0.774841,2898.59,0.427124,0.000549316,1,0,0,5.4337e+07,0.748535
0,4515.12,4.60415e+08,0.581238,0.697022,1.2824,0.779785,5607.42,0.408447,0.000915527,1,0,0,5.7045e+07,0.735413
0,4786.47,4.82455e+08,0.552856,0.845992,1.31831,0.758545,7386.41,0.391907,0.00152588,1,0,0,5.91739e+07,0.73114
0,5033.97,5.27022e+08,0.522705,0.857213,1.34505,0.743469,14382.2,0.391846,0.00152588,1,0,0,6.22172e+07,0.733215
0,5020.06,4.34336e+08,0.619873,0.845273,1.26283,0.79187,15137.6,0.376526,0.00146484,1,0,0,6.51515e+07,0.712646
0,5117.38,5.50618e+08,0.651245,0.831946,1.2383,0.807556,15000,0.378906,0.00146484,1,0,0,6.77985e+07,0.706543
0,5371.56,7.09501e+08,0.634888,0.855905,1.25663,0.795776,17481.2,0.378784,0.00146484,1,0,0,7.10897e+07,0.725342
0,6063.59,8.52218e+08,0.615173,0.859822,1.27235,0.78595,30910.5,0.385742,0.00146484,1,0,0,8.17807e+07,0.741211
0,5916.81,7.19154e+08,0.575012,0.851327,1.30539,0.766052,32604.5,0.416809,0.00134277,1,0,0,7.8102e+07,0.753723
0,5957.25,7.93133e+08,0.582153,0.837157,1.29918,0.769714,32973.6,0.428467,0.00134277,1,0,0,7.90717e+07,0.754822
0,6010.03,8.71462e+08,0.627563,0.818793,1.26196,0.792419,32682.7,0.441711,0.00128174,1,0,0,8.14602e+07,0.752625
0,5758.66,8.30007e+08,0.606628,0.701436,1.2685,0.78833,32869.2,0.44696,0.00134277,1,0,0,7.84154e+07,0.768921
0,5387.44,8.07552e+08,0.693237,0.445834,1.1869,0.842529,29886.8,0.475342,0.000427246,1,0,0,7.73837e+07,0.789185
0,5162.41,7.4752e+08,0.636047,0.488281,1.22883,0.813782,24177.6,0.483582,0.000427246,1,0,0,7.16938e+07,0.787781
0,4244.75,4.57591e+08,0.682678,0.465808,1.18983,0.840454,4957.74,0.508911,0.000305176,1,0,0,5.8409e+07,0.790833
0,4358.72,5.23969e+08,0.632629,0.529704,1.22671,0.815186,5027.34,0.510254,0.000305176,1,0,0,5.84822e+07,0.790649
0,4271.91,4.33398e+08,0.626587,0.51685,1.23114,0.812256,5002.96,0.501648,0.000305176,1,0,0,5.69001e+07,0.806335
0,4319.25,4.63709e+08,0.630066,0.588098,1.22911,0.813599,4749.36,0.504639,0.00012207,1,0,0,5.76061e+07,0.790283
0,4359.16,4.92179e+08,0.617249,0.60591,1.23896,0.807129,4690.35,0.50708,0.00012207,1,0,0,5.78012e+07,0.792114
0,4340.19,4.92638e+08,0.670837,0.582071,1.19915,0.833923,3253.58,0.506897,0.000244141,1,0,0,5.92886e+07,0.789978
0,4329,5.53669e+08,0.63092,0.587725,1.22846,0.814026,2848.52,0.506714,0.000183105,1,0,0,5.77946e+07,0.789795
0,4212.91,4.22974e+08,0.61908,0.546504,1.23709,0.80835,3530.7,0.494873,0.000183105,1,0,0,5.56344e+07,0.806458
0,4137,4.23519e+08,0.689575,0.530837,1.18553,0.843506,3694.17,0.493958,0.000244141,1,0,0,5.67132e+07,0.789673
0,4141.16,4.85979e+08,0.631531,0.563652,1.22782,0.814453,4416.76,0.46759,0.000427246,1,0,0,5.48316e+07,0.789734
0,4018.12,4.10159e+08,0.681641,0.506794,1.19096,0.839661,4148.25,0.450623,0.000366211,1,0,0,5.45812e+07,0.788452
0,4155.03,4.60316e+08,0.642761,0.582472,1.22105,0.81897,7499.46,0.44751,0.000915527,1,0,0,5.53272e+07,0.782227
0,4542.91,6.56131e+08,0.606873,0.617431,1.24897,0.800659,11220.9,0.440857,0.00115967,1,0,0,6.04206e+07,0.786316
0,4646.41,6.12352e+08,0.608521,0.669632,1.24869,0.800842,12956.3,0.442322,0.00164795,1,0,0,6.20201e+07,0.77948
0,13504.3,8.92213e+09,0.645935,0.689778,1.22607,0.815613,16928.9,0.42572,0.00854492,0.966599,0.190105,0.0386807,2.0789e+08,0.782532
0,13553,8.9872e+09,0.581421,0.686901,1.27631,0.783508,16855.2,0.423767,0.00860596,0.973886,0.190105,0.0381041,2.06606e+08,0.78009
0,13459.9,8.94037e+09,0.628967,0.628986,1.2384,0.807495,17077.6,0.423767,0.00866699,0.974757,0.191833,0.0387306,2.06778e+08,0.783569
0,13082.8,8.82357e+09,0.655579,0.481056,1.2113,0.825562,13141.7,0.480103,0.00805664,0.986288,0.195434,0.0392638,2.02165e+08,0.779175
0,3825,3.23073e+08,0.675415,0.395223,1.19373,0.837708,3369.18,0.488342,0.000366211,1.03244,0,0,5.17775e+07,0.811523
0,3613.09,2.8892e+08,0.718994,0.369795,1.16347,0.859497,5200.54,0.522156,0.000183105,1.01801,0,0,4.97679e+07,0.776367
0,3718.47,4.05638e+08,0.719116,0.36972,1.16339,0.859558,6261.7,0.507874,6.10352e-05,1.00582,0,0,5.14985e+07,0.777588
0,3752.97,4.04962e+08,0.685669,0.389488,1.18647,0.842834,6410.84,0.484619,6.10352e-05,1.00178,0,0,5.09414e+07,0.769531
0,3728.72,4.0563e+08,0.718994,0.369795,1.16347,0.859497,6374.59,0.488464,0,1.00058,0,0,5.16623e+07,0.772705
0,4141.69,6.75854e+08,0.701782,0.380171,1.17524,0.850891,6152.73,0.467468,0,1.00042,0,0,5.78509e+07,0.82019
0,3621.28,3.38337e+08,0.815918,0.30182,1.10137,0.907959,5594.02,0.462952,0,1.00025,0,0,5.31543e+07,0.781372
0,3673.62,4.0497e+08,0.718628,0.37002,1.16372,0.859314,6444.39,0.460327,0,1.00018,0,0,5.07474e+07,0.78125
0,4122.25,6.75243e+08,0.687866,0.388239,1.18493,0.843933,6080.28,0.438538,0,1.00013,0,0,5.70655e+07,0.82251
0,3654.75,3.38392e+08,0.841309,0.280636,1.08618,0.920654,5431.95,0.464233,0,1.00009,0,0,5.45546e+07,0.780884
0,3722.78,4.05002e+08,0.718872,0.36987,1.16355,0.859436,6381.91,0.496399,0,1.00006,0,0,5.1561e+07,0.776917
0,4061.19,6.75402e+08,0.70874,0.37603,1.17045,0.85437,6316.44,0.491943,0,1.00005,0,0,5.67654e+07,0.791138
0,4111.69,7.4201e+08,0.623047,0.422268,1.23225,0.811523,5240.9,0.504761,0,1.00004,0,0,5.47174e+07,0.791199
0,4287.16,7.93156e+08,0.62262,0.423628,1.23271,0.811218,5447.82,0.499329,0,1.00004,0,0,5.75227e+07,0.807434
0,3970.78,4.56198e+08,0.678162,0.39491,1.19191,0.838989,5353.43,0.498413,0,1.00003,0,0,5.42029e+07,0.811218
0,3965,4.63121e+08,0.830017,0.31111,1.09336,0.914612,5055.74,0.497375,0,1.00003,0,0,5.90602e+07,0.780334
0,3967.12,4.63338e+08,0.771362,0.362809,1.1297,0.885193,5164.98,0.485901,6.10352e-05,1.00002,0,0,5.70839e+07,0.778442
0,4034.06,5.30216e+08,0.688416,0.422483,1.18536,0.843628,5279.9,0.475098,6.10352e-05,1.00002,0,0,5.53544e+07,0.776001
0,4323.94,6.92068e+08,0.668518,0.433038,1.1995,0.833679,4904.08,0.458313,6.10352e-05,1.00001,0,0,5.9436e+07,0.804565
0,3957.06,3.55256e+08,0.675354,0.429465,1.1946,0.837097,4488.5,0.46698,6.10352e-05,1.00001,0,0,5.36545e+07,0.790527
0,4000.66,4.21851e+08,0.586853,0.47145,1.26128,0.792847,5192.65,0.451782,6.10352e-05,1.00001,0,0,5.13992e+07,0.790527
0,4068.06,4.76416e+08,0.648621,0.443119,1.21399,0.82373,5223.33,0.449951,6.10352e-05,1.00001,0,0,5.45761e+07,0.792908
0,3585.78,2.30515e+08,0.743408,0.354284,1.14718,0.871704,6550.55,0.493042,0,1,0,0,5.01396e+07,0.778625
0,3625.34,2.97151e+08,0.709717,0.375443,1.16978,0.854858,7077.3,0.491638,0,1,0,0,4.96573e+07,0.778687
0,3745.31,3.46283e+08,0.849609,0.27331,1.08131,0.924805,6653.08,0.485474,0.000183105,1,0,0,5.63169e+07,0.784363
0,3763.25,3.55637e+08,0.794434,0.320799,1.11471,0.897095,7067.3,0.493103,0.000366211,1,0,0,5.46898e+07,0.779114
0,3875.06,4.39142e+08,0.709412,0.388367,1.17045,0.85437,7700.74,0.493835,0.000427246,1,0,0,5.35562e+07,0.779053
0,3869.53,4.37687e+08,0.708923,0.388654,1.17079,0.854126,6575.89,0.494812,0.000305176,1,0,0,5.34492e+07,0.778442
0,4121.75,7.54013e+08,0.616333,0.42547,1.23737,0.808167,5396.28,0.477722,0.000183105,1,0,0,5.4657e+07,0.792847
0,3823.34,5.14861e+08,0.72644,0.365165,1.15845,0.86322,5044.82,0.500488,0.000488281,1,0,0,5.34625e+07,0.777161
0,3757.56,3.79855e+08,0.640991,0.413416,1.21878,0.820496,3842.16,0.507996,0.000427246,1,0,0,4.95176e+07,0.789612
0,3633.22,2.76201e+08,0.734009,0.360369,1.1534,0.867004,4827.47,0.512207,0,1,0,0,5.06015e+07,0.777283
0,3730.56,3.98392e+08,0.703003,0.37945,1.1744,0.851501,6021.66,0.505188,0,1,0,0,5.1156e+07,0.768494
0,3710.16,3.98454e+08,0.733765,0.360526,1.15356,0.866882,6072.38,0.509583,0,1,0,0,5.18538e+07,0.772644
0,3701.81,3.98628e+08,0.733765,0.360526,1.15356,0.866882,5915.93,0.501099,0,1,0,0,5.17171e+07,0.775635
0,4080.19,7.29257e+08,0.638306,0.414768,1.22077,0.819153,5120.44,0.490784,0,1,0,0,5.47133e+07,0.789612
0,3834.06,5.06026e+08,0.722412,0.367681,1.16116,0.861206,4538.49,0.517761,0,1,0,0,5.3503e+07,0.776611
0,3638.75,2.79021e+08,0.71521,0.372115,1.16604,0.857605,5029.25,0.505981,0,1,0,0,5.00613e+07,0.773682
0,10441.4,6.79773e+09,0.708618,0.401669,1.17121,0.853821,8511.39,0.450562,0.000305176,1,0,0,1.6104e+08,0.8479
0,2310.69,6.80765e+07,1,0,1,1,12103.7,0.490173,0.0408936,1,0,0,3.78583e+07,0.776917
0,5154.97,2.23068e+09,0.994751,0.0512298,1.00263,0.997375,15557.9,0.458496,0.00354004,1,0,0,8.42829e+07,0.873291
0,2272.34,6.80712e+07,1,0,1,1,19241.8,0.477905,0.0975952,1,0,0,3.72301e+07,0.935486
0,3886.03,1.33046e+09,0.99939,0.0174693,1.00031,0.999695,20748.9,0.486145,0.0543823,1,0,0,6.36483e+07,0.985474
0,4481.72,1.7314e+09,0.600708,0.432693,1.24945,0.800354,10299.9,0.386658,0.00408936,1,0,0,6.00305e+07,0.800354
0,4026.5,8.06181e+08,0.668701,0.398899,1.19854,0.834351,6726.01,0.363037,0,1,0,0,5.48536e+07,0.800232
0,2277.81,6.80721e+07,1,0,1,1,10550.8,0.500977,0.000854492,1,0,0,3.73197e+07,0.773804
0,3461.25,8.7401e+08,0.987671,0.0785131,1.0062,0.993835,12248.5,0.477966,0.000305176,1,0,0,5.62954e+07,0.822632
0,3033.88,8.7097e+08,0.900146,0.223134,1.05255,0.950073,10718.2,0.579407,0,1,0,0,4.63565e+07,0.834229
0,3740.91,1.60689e+09,0.984985,0.0866423,1.00756,0.992493,10700.6,0.562561,0,1,0,0,6.07872e+07,0.832153
0,3825.91,8.70846e+08,0.995117,0.0494104,1.00245,0.997559,11860.5,0.449829,0,1,0,0,6.25198e+07,0.864136
0,5050.25,2.06754e+09,0.776978,0.331292,1.12551,0.888489,10840.4,0.42981,0.106812,1,0,0,7.52599e+07,0.861084
0,5138.06,2.09357e+09,0.744263,0.355856,1.14678,0.872009,10607.1,0.428589,0.122437,1,0,0,7.55313e+07,0.860779
0,3912.12,1.30084e+09,0.999023,0.0866756,1.00079,0.999207,13456.9,0.459534,0.190613,1,0,0,6.39114e+07,0.807007
0,2283.78,6.84027e+07,0.99939,0.0174693,1.00031,0.999695,22209.2,0.494202,0.130005,1,0,0,3.74006e+07,0.936829
0,4526.94,1.33277e+09,0.998901,0.0234375,1.00055,0.999451,27214.3,0.48175,0.0211792,1,0,0,7.41325e+07,0.999207
0,2533.81,6.82151e+07,1,0,1,1,22073.2,0.326477,0.134766,1,0,0,4.1514e+07,1
0,11880.9,9.15356e+09,0.998047,0.03125,1.00098,0.999023,24200.7,0.350037,0.0806274,1,0,0,1.94592e+08,0.999023
0,12006,9.50022e+09,0.638916,0.414462,1.22032,0.819458,13741,0.329346,0.0404053,1,0,0,1.84591e+08,0.819458
0,36263.1,3.2874e+10,0.634521,0.416657,1.2236,0.817261,13508.6,0.326538,0.0403442,1,0,0,5.81871e+08,0.817261
0,26874.3,2.43079e+10,0.75061,0.34952,1.14246,0.875305,9439.81,0.359558,0.0150757,1,0,0,4.31941e+08,0.798706
0,29794.8,2.65265e+10,0.746216,0.352437,1.14533,0.873108,10493.9,0.384644,0.0088501,1,0,0,4.79643e+08,0.870178
0,5886.75,3.22257e+09,0.884888,0.239461,1.06107,0.942444,6405.77,0.365173,0.0464478,1,0,0,9.2586e+07,0.832092
0,2178.78,1.23363e+06,1,0,1,1,10889.3,0.356812,0.0765381,1,0,0,3.56972e+07,0.78186
0,3604.41,9.30198e+08,0.999146,0.0206699,1.00043,0.999573,13106.3,0.368835,0.0334473,1,0,0,5.90259e+07,0.849243
0,4431.78,1.72813e+09,0.886597,0.237691,1.06011,0.943298,11666.8,0.394348,0.0088501,1,0,0,6.88051e+07,0.846985
0,4507.84,1.74112e+09,0.852478,0.274627,1.07981,0.926086,11289.4,0.404907,0.00921631,1,0,0,6.8798e+07,0.847839
0,4579.69,1.75972e+09,0.82074,0.308323,1.09879,0.910095,11573.7,0.409973,0.00933838,1,0,0,6.88282e+07,0.847595
0,4686.81,1.76842e+09,0.764709,0.384888,1.13415,0.881714,13129.5,0.421326,0.00958252,1,0,0,6.84943e+07,0.847839
0,2640.88,8.46781e+07,0.996948,0.228165,1.00239,0.99762,13118.3,0.476807,0.00531006,1,0,0,4.26414e+07,0.783203
0,4338.38,1.80749e+09,0.978882,0.248082,1.01155,0.988586,13719.4,0.466553,0.0043335,1,0,0,6.9847e+07,0.788452
0,4643.28,1.87325e+09,0.978027,0.248985,1.01198,0.988159,15074.4,0.456543,0.00280762,1,0,0,7.4814e+07,0.818115
0,4673.72,2.19221e+09,0.754639,0.346817,1.13984,0.877319,11043.8,0.470825,0.000732422,1,0,0,6.83412e+07,0.815857
0,4013.03,8.04799e+08,0.780029,0.329098,1.12358,0.890015,7977.43,0.446106,0.000183105,1,0,0,5.83685e+07,0.885437
0,4639.72,1.66441e+09,0.917236,0.203236,1.04317,0.958618,8054.78,0.444153,0.0379639,1,0,0,7.32401e+07,0.859497
0,3785.34,1.26491e+09,0.999756,0.0110485,1.00012,0.999878,11752,0.467285,0.182129,1,0,0,6.20109e+07,0.804504
0,3646.88,1.27274e+09,0.999268,0.055805,1.00055,0.999451,12405.1,0.47583,0.200378,1,0,0,5.96275e+07,0.804077
0,2438.28,2.63748e+07,0.999146,0.1016,1.00079,0.999207,13622.8,0.484436,0.201599,1,0,0,3.97358e+07,0.81012
0,2496.12,5.6478e+07,0.998718,0.140919,1.00116,0.99884,16106.1,0.489929,0.173096,1,0,0,4.05852e+07,0.856323
0,2520.16,5.67944e+07,0.998291,0.180158,1.00153,0.998474,16861.9,0.488159,0.161377,1,0,0,4.08806e+07,0.870117
0,2520.75,5.69309e+07,0.998291,0.180158,1.00153,0.998474,17743.5,0.492432,0.145996,1,0,0,4.08904e+07,0.886658
0,2584.5,6.65977e+07,0.997681,0.242808,1.00208,0.997925,18600.8,0.493225,0.130676,1,0,0,4.17874e+07,0.902893
0,2656.94,1.33484e+08,0.997498,0.266261,1.00226,0.997742,20049.9,0.495117,0.107483,1,0,0,4.29251e+07,0.927612
0,4023.09,1.33067e+09,0.993408,0.339579,1.0046,0.995422,21369.5,0.479919,0.0874634,1,0,0,6.50296e+07,0.946777
0,4275,1.42003e+09,0.992188,0.386912,1.0054,0.994629,22492.8,0.474304,0.0718384,1,0,0,6.90053e+07,0.962646
0,4840.69,1.8746e+09,0.946899,0.448549,1.02895,0.971863,22950.5,0.47052,0.0540771,1,0,0,7.66966e+07,0.962158
0,4716.09,1.84598e+09,0.772583,0.512141,1.13009,0.884888,17939.1,0.471741,0.00726318,1,0,0,6.88799e+07,0.884705
0,4777.31,1.91256e+09,0.723938,0.543887,1.16207,0.860535,16585.4,0.472839,0.00323486,1,0,0,6.82486e+07,0.860291
0,5403.97,2.3051e+09,0.718079,0.510716,1.16579,0.857788,15736.6,0.440247,0.00177002,1,0,0,7.84174e+07,0.857422
0,4512.31,1.09957e+09,0.721558,0.526706,1.16355,0.859436,13530.3,0.436707,0.00164795,1,0,0,6.387e+07,0.858765
0,4488,1.09882e+09,0.806763,0.46791,1.10853,0.9021,13538.6,0.440186,0.00158691,1,0,0,6.63716e+07,0.858948
0,4429.34,1.0755e+09,0.942139,0.337367,1.03096,0.969971,12720.8,0.440491,0.00158691,1,0,0,7.00636e+07,0.859436
0,4325.31,1.36722e+09,0.806396,0.332113,1.1077,0.902771,11900.3,0.44397,0.0757446,1,0,0,6.41444e+07,0.83551
0,4162.19,1.35673e+09,0.945923,0.206624,1.02831,0.972473,13184.1,0.443054,0.0766602,1,0,0,6.61371e+07,0.814392
0,3962.44,1.35737e+09,0.997742,0.143744,1.00171,0.998291,13733.7,0.447388,0.0792236,1,0,0,6.45478e+07,0.806946
0,3846.72,1.35829e+09,0.997253,0.205432,1.0022,0.997803,14056,0.446655,0.0807495,1,0,0,6.25085e+07,0.806396
0,2537.72,4.75974e+07,0.997375,0.197218,1.00208,0.997925,16130.6,0.457336,0.083374,1,0,0,4.10824e+07,0.835693
0,2583.28,5.14853e+07,0.996948,0.22884,1.00245,0.997559,16941.5,0.455627,0.081543,1,0,0,4.17551e+07,0.850952
0,2608.94,5.42953e+07,0.996826,0.25177,1.00257,0.997437,17832.3,0.45813,0.0754395,1,0,0,4.21181e+07,0.867981
0,2617.47,5.45291e+07,0.996277,0.283497,1.003,0.997009,21123.2,0.459412,0.101318,1,0,0,4.21432e+07,0.929443
0,3997.94,1.36482e+09,0.991516,0.357361,1.00571,0.994324,21912.9,0.444153,0.0991821,1,0,0,6.44454e+07,0.941345
0,4288.59,1.32963e+09,0.991455,0.379934,1.00577,0.994263,22674.6,0.442688,0.0883179,1,0,0,6.91543e+07,0.989807
0,5265.28,2.20406e+09,0.97583,0.398841,1.01374,0.98645,22432.2,0.434875,0.086792,1,0,0,8.46198e+07,0.986023
0,5317.75,2.21579e+09,0.876892,0.465371,1.06736,0.93689,20183.5,0.438354,0.0853882,1,0,0,8.21412e+07,0.936462
0,5310.38,2.21458e+09,0.845398,0.484411,1.08561,0.921143,19719.4,0.438171,0.0773926,1,0,0,8.09636e+07,0.920715
0,5361.03,2.22605e+09,0.813599,0.529071,1.10479,0.905151,19219.5,0.437927,0.0775757,1,0,0,8.06467e+07,0.904724
0,5420.47,2.23937e+09,0.770264,0.565702,1.13196,0.883423,18317,0.439575,0.0615234,1,0,0,8.015e+07,0.882996
0,5462.44,2.24323e+09,0.701172,0.633366,1.1782,0.848755,15760.3,0.443054,0.0368042,1,0,0,7.84374e+07,0.848328
0,2573.94,4.52196e+07,0.997009,0.20499,1.00226,0.997742,13472.8,0.498535,0.0281982,1,0,0,4.1602e+07,0.786682
0,4021.97,9.44631e+08,0.992798,0.0600086,1.00361,0.996399,16719,0.446838,0.0123901,1,0,0,6.56543e+07,0.894104
0,2319.31,1.2829e+06,1,0,1,1,15706.2,0.444153,0.0932617,1,0,0,3.79996e+07,0.863098
0,2371.62,6.80824e+07,1,0,1,1,20507.6,0.446411,0.125061,1,0,0,3.88567e+07,0.960632
0,10167.3,7.47684e+09,0.994141,0.0541264,1.00294,0.99707,21841.5,0.456665,0.11731,1,0,0,1.66385e+08,0.986755
0,10739.4,7.86017e+09,0.798462,0.315442,1.11206,0.899231,15806.5,0.436462,0.107727,1,0,0,1.69192e+08,0.899231
0,11265.8,8.24364e+09,0.797607,0.316091,1.11259,0.898804,15349.4,0.439636,0.107788,1,0,0,1.77787e+08,0.898804
0,11787.6,8.62661e+09,0.644653,0.411557,1.21606,0.822327,9157.76,0.456421,0.0617065,1,0,0,1.81204e+08,0.822327
0,12605,9.24204e+09,0.55957,0.450169,1.2824,0.779785,4399.76,0.460693,0.0184937,1,0,0,1.91742e+08,0.779785
0,5265.34,2.04125e+09,0.592896,0.436184,1.25558,0.796448,2773.66,0.432068,0.0114136,1,0,0,7.26072e+07,0.782043
0,5271.34,2.04139e+09,0.736938,0.358488,1.15145,0.868469,3349.26,0.387085,0.0114136,1,0,0,7.75388e+07,0.782043
0,5226.53,1.6695e+09,0.723328,0.582544,1.17507,0.851013,8095.96,0.349976,0.00952148,1,0,0,7.38944e+07,0.772705
0,5631.44,1.70071e+09,0.693726,0.743402,1.20924,0.826965,20937.7,0.336121,0.00793457,1,0,0,7.75721e+07,0.771118
0,5956.5,1.79594e+09,0.674072,0.781269,1.23012,0.812927,25764.8,0.318115,0.0067749,1,0,0,8.18135e+07,0.783447
0,6187.66,1.49005e+09,0.706482,0.770862,1.20621,0.829041,46641.2,0.301453,0.00183105,1,0,0,8.6633e+07,0.812378
0,5749.22,7.0871e+08,0.867493,0.694255,1.09945,0.909546,72202.3,0.28302,0.00189209,1,0,0,8.48522e+07,0.88916
0,5457.75,2.32946e+08,0.912292,0.671334,1.07302,0.931946,105992,0.275574,0.00170898,1,0,0,8.158e+07,0.931946
0,4098.09,22667.6,1,0,1,1,240874,0.415161,0.000305176,1,0,0,6.71432e+07,0.999878
0,4159.75,6.65815e+07,0.999756,0.0110485,1.00012,0.999878,498458,0.415344,0.000427246,1,0,0,6.81452e+07,0.999878
0,2130.66,1.71072e+06,1,0,1,1,52487.5,0.565002,0.151123,1,0,0,3.49087e+07,1
0,2226.47,4.84941e+07,0.999817,0.0156255,1.00012,0.999878,53381,0.562561,0.134827,1,0,0,3.64457e+07,0.999878
0,2296.03,9.53004e+07,0.999695,0.0312529,1.00024,0.999756,54270.5,0.559998,0.119629,1,0,0,3.75526e+07,0.999756
0,2298.06,9.53567e+07,0.999695,0.0312529,1.00024,0.999756,56325,0.555054,0.0931396,1,0,0,3.75859e+07,0.999756
0,2378.25,1.29109e+08,0.99939,0.0703297,1.00055,0.999451,57154.5,0.551453,0.0791626,1,0,0,3.88178e+07,0.999451
0,2096.88,1.51585e+06,1,0,1,1,93553.4,0.580261,0,1,0,0,3.43552e+07,1
0,2085.88,1.5258e+06,1,0,1,1,130276,0.553711,0,1,0,0,3.4175e+07,1
0,2128.81,6.83977e+07,1,0,1,1,154631,0.555664,0,1,0,0,3.48785e+07,1
0,8936.28,6.96675e+09,0.999146,0.0206699,1.00043,0.999573,154849,0.548889,0,1,0,0,1.46383e+08,0.999573
0,9506.19,7.3344e+09,0.866577,0.257625,1.07148,0.933289,114391,0.549988,0.00640869,1,0,0,1.51272e+08,0.933289
0,10366.2,7.95796e+09,0.775269,0.332513,1.12659,0.887634,81686.4,0.542969,0.00640869,1,0,0,1.623e+08,0.887634
0,11229.2,8.62101e+09,0.77417,0.333295,1.12729,0.887085,72847.8,0.528931,0.00640869,1,0,0,1.76402e+08,0.887085
0,11857.3,9.01472e+09,0.612427,0.427306,1.24037,0.806213,15519.8,0.494385,0.00640869,1,0,0,1.81266e+08,0.806213
0,5499.75,2.42637e+09,0.654663,0.406383,1.20871,0.827332,2559.13,0.486694,0.00488281,1,0,0,7.85203e+07,0.778809
0,10241.8,7.03506e+09,0.652588,0.407467,1.21022,0.826294,3227.36,0.473816,0.00402832,1,0,0,1.56144e+08,0.801147
0,9992.91,6.82117e+09,0.598633,0.433628,1.25107,0.799316,3342.32,0.478088,0.010437,1,0,0,1.50256e+08,0.787964
0,10476.7,7.24646e+09,0.616211,0.425528,1.23746,0.808105,4718.41,0.474548,0.010437,1,0,0,1.58772e+08,0.796204
0,10041.8,6.85415e+09,0.715942,0.372316,1.16562,0.85791,5179.4,0.479126,0.010437,1,0,0,1.54928e+08,0.778625
0,10142.8,6.95679e+09,0.664673,0.403029,1.20161,0.832214,6184.64,0.48822,0.010437,1,0,0,1.54834e+08,0.781799
0,11399.1,8.12993e+09,0.663452,0.405742,1.20258,0.831543,6492.7,0.482849,0.010498,1,0,0,1.75323e+08,0.800598
0,11356.7,8.03918e+09,0.600342,0.436708,1.25002,0.799988,7090.85,0.494141,0.010498,1,0,0,1.7251e+08,0.799561
0,11108.1,7.86752e+09,0.626221,0.427343,1.23021,0.812866,7864.45,0.505371,0.0105591,1,0,0,1.69277e+08,0.7901
0,11613.8,8.24477e+09,0.625244,0.427813,1.23095,0.812378,8658.25,0.493225,0.0105591,1,0,0,1.7753e+08,0.811218
0,6827.78,3.63663e+09,0.628052,0.426459,1.22883,0.813782,7572.66,0.510193,0.00695801,1,0,0,9.92097e+07,0.788574
0,7334.75,4.03784e+09,0.627319,0.426813,1.22938,0.813416,7974.72,0.498779,0.000976562,1,0,0,1.07491e+08,0.809692
0,5185.97,2.04555e+09,0.626465,0.420615,1.22966,0.813232,4858.27,0.526489,6.10352e-05,1,0,0,7.24209e+07,0.790283
0,5437.81,2.32638e+09,0.624023,0.421797,1.23151,0.812012,3890.43,0.523193,0,1,0,0,7.64774e+07,0.791992
0,5325.53,2.13109e+09,0.692749,0.38544,1.18151,0.846375,3137.52,0.500793,0.00012207,1,0,0,7.69439e+07,0.811707
0,5242.5,1.79275e+09,0.768188,0.337511,1.1311,0.884094,3412.07,0.46991,0.00012207,1,0,0,7.81148e+07,0.869568
0,3457.47,1.00442e+09,0.94165,0.170729,1.03005,0.970825,11298.1,0.515381,0.0531616,1,0,0,5.46893e+07,0.770386
0,2278.56,1.5486e+07,0.999878,0.0078125,1.00006,0.999939,12976.7,0.535034,0.0543213,1,0,0,3.73156e+07,0.769531
0,2349.72,5.13264e+07,0.999756,0.0234389,1.00018,0.999817,14552.7,0.543579,0.069458,1,0,0,3.84486e+07,0.804077
0,2408.72,1.18168e+08,0.999573,0.0322152,1.00031,0.999695,15869,0.548462,0.0760498,1,0,0,3.93948e+07,0.833191
0,3532.94,1.12097e+09,0.998535,0.0455658,1.00086,0.999146,16424.9,0.534546,0.0718994,1,0,0,5.77526e+07,0.85437
0,4091.69,1.52168e+09,0.855591,0.27056,1.07797,0.927673,13920.2,0.535767,0.0562134,1,0,0,6.21107e+07,0.855408
0,4964.44,2.1885e+09,0.761353,0.344433,1.13565,0.880554,10685.3,0.519226,0.0547485,1,0,0,7.32477e+07,0.869446
0,5344.34,2.44471e+09,0.76062,0.34344,1.13604,0.880249,10030.8,0.505798,0.053833,1,0,0,7.94762e+07,0.880127
0,5869.06,2.83046e+09,0.6073,0.429685,1.24432,0.80365,3875.24,0.489319,0.00750732,1,0,0,8.29696e+07,0.803406
0,5329.44,2.19225e+09,0.6875,0.388448,1.18519,0.84375,3069.2,0.450562,0.000915527,1,0,0,7.68195e+07,0.803284
0,4890.47,1.39047e+09,0.833374,0.287445,1.09088,0.916687,3180.25,0.326904,0.000732422,1,0,0,7.45344e+07,0.875366
0,4582.28,8.55768e+08,0.925903,0.192337,1.03847,0.962952,3973.9,0.31488,0.000671387,1,0,0,7.25898e+07,0.922485
0,4096,0,1,0,1,1,0,0.308655,0,1,0,0,6.71089e+07,1
0,4159.75,6.65815e+07,0.999756,0.0110485,1.00012,0.999878,35142.4,0.416382,0.000183105,1,0,0,6.81452e+07,0.999878
0,2123.25,1.47735e+06,1,0,1,1,74916.8,0.565918,0,1,0,0,3.47873e+07,1
0,2129.09,4.42643e+06,1,0,1,1,95127.5,0.549377,0,1,0,0,3.48831e+07,1
0,2183.69,1.90589e+07,0.999695,0.0174699,1.00018,0.999817,96030.4,0.548584,0,1,0,0,3.57284e+07,0.999817
0,2267.69,5.48163e+07,0.999451,0.0475298,1.00043,0.999573,96919.5,0.547546,0,1,0,0,3.70391e+07,0.999573
0,2093.56,1.51661e+06,1,0,1,1,132678,0.547546,0,1,0,0,3.43009e+07,1
0,2124.06,6.84031e+07,0.999878,0.0078125,1.00006,0.999939,160406,0.562378,0,1,0,0,3.47965e+07,0.999939
0,9840.19,7.13986e+09,0.999023,0.0220971,1.00049,0.999512,163709,0.484558,0.000244141,1,0,0,1.61189e+08,0.999512
0,2226.91,1.32324e+06,1,0,1,1,12401.3,0.557007,0.0909424,1,0,0,3.64856e+07,0.778992
0,2267.34,6.81757e+07,1,0,1,1,16260.5,0.55011,0.0405884,1,0,0,3.71482e+07,0.864319
0,6480.06,4.17901e+09,0.902954,0.219993,1.051,0.951477,14906.2,0.546692,0.0154419,1,0,0,1.02913e+08,0.879883
0,4425.53,5.44622e+08,0.950439,0.157367,1.02541,0.97522,2586.5,0.320435,0.00274658,1,0,0,7.08449e+07,0.951477
0,4096,0,1,0,1,1,0,0.310059,0,1,0,0,6.71089e+07,1
0,4159.75,6.65815e+07,0.999878,0.0078125,1.00006,0.999939,38435.2,0.415344,0.000305176,1,0,0,6.81492e+07,0.999939
0,2111.88,1.50094e+06,1,0,1,1,72106.4,0.542053,0.00958252,1,0,0,3.4601e+07,1
0,2100,1.69806e+06,1,0,1,1,100218,0.544128,0,1,0,0,3.44064e+07,1
0,2084.84,1.52669e+06,1,0,1,1,136373,0.580933,0,1,0,0,3.41581e+07,1
0,2106.12,6.84266e+07,1,0,1,1,150089,0.576599,0,1,0,0,3.45068e+07,1
0,8508,6.65053e+09,1,0,1,1,150448,0.573486,0,1,0,0,1.39395e+08,1
0,9214.91,7.06793e+09,0.863403,0.260636,1.0733,0.931702,110295,0.562683,0.00482178,1,0,0,1.46397e+08,0.931702
0,9730.62,7.42043e+09,0.862671,0.261326,1.07373,0.931335,106625,0.549072,0.00482178,1,0,0,1.54822e+08,0.931335
0,10280,7.77175e+09,0.726929,0.364859,1.15813,0.863464,61500,0.547791,0.00482178,1,0,0,1.59269e+08,0.863464
0,11106.4,8.35255e+09,0.640503,0.413663,1.21914,0.820251,24450.7,0.53595,0.00482178,1,0,0,1.69905e+08,0.82019
0,11503,8.58033e+09,0.639648,0.414093,1.21977,0.819824,10358.3,0.520325,0.00482178,1,0,0,1.76374e+08,0.819763
0,5393.91,2.26099e+09,0.639893,0.41397,1.21959,0.819946,2838.53,0.523804,0.00482178,1,0,0,7.62906e+07,0.802917
0,4975.72,1.90354e+09,0.696167,0.38346,1.17913,0.848083,2864.42,0.532104,0.00469971,1,0,0,7.13272e+07,0.78949
0,5008.34,1.97023e+09,0.640381,0.413724,1.21923,0.82019,3048.76,0.534363,0.00354004,1,0,0,6.99899e+07,0.789368
0,5468.97,2.3274e+09,0.639648,0.414093,1.21977,0.819824,3017.07,0.522217,0.00152588,1,0,0,7.75122e+07,0.809204
0,4989.69,1.91809e+09,0.696777,0.383105,1.17871,0.848389,2856.67,0.536865,0,1,0,0,7.15766e+07,0.789307
0,5031.97,1.98473e+09,0.641113,0.413354,1.21868,0.820557,3040.93,0.5354,0,1,0,0,7.04015e+07,0.789124
0,5151.56,1.93202e+09,0.688599,0.387822,1.18441,0.844299,2698.31,0.455078,0,1,0,0,7.39543e+07,0.820557
0,4884.09,1.46412e+09,0.74646,0.352276,1.14517,0.87323,3018.27,0.374634,0,1,0,0,7.15136e+07,0.86377
0,4507.88,7.4676e+08,0.884521,0.239838,1.06128,0.942261,3362.96,0.33551,0,1,0,0,6.99822e+07,0.932007
0,4096,0,1,0,1,1,0,0.31897,0,1,0,0,6.71089e+07,1
0,4159.75,6.65815e+07,0.999756,0.0110485,1.00012,0.999878,41528.9,0.644531,0.000305176,1,0,0,6.81452e+07,0.999878
0,2125.62,2.80146e+06,1,0,1,1,82469.8,0.576294,0.0012207,1,0,0,3.48262e+07,1
0,2150.66,8.58116e+06,0.999634,0.0135316,1.00018,0.999817,84858.1,0.578308,0.000488281,1,0,0,3.51872e+07,0.999817
0,2214.28,1.89667e+07,0.999146,0.0563506,1.00061,0.99939,86867.7,0.577942,0.000305176,1,0,0,3.61149e+07,0.99939
0,2273,2.6817e+07,0.998535,0.103105,1.0011,0.998901,88101.7,0.578003,0.000183105,1,0,0,3.69582e+07,0.998901
0,2107.38,1.56902e+06,0.999634,0.0135316,1.00018,0.999817,103079,0.574768,0.000183105,1,0,0,3.45149e+07,0.999268
0,2143.38,1.26406e+07,0.999451,0.0206708,1.00031,0.999695,104977,0.574951,0.000366211,1,0,0,3.50966e+07,0.999207
0,2238.25,5.26186e+07,0.999207,0.0349437,1.00049,0.999512,106154,0.574524,0.000305176,1,0,0,3.65773e+07,0.999084
0,2331.78,8.43395e+07,0.999084,0.063966,1.00067,0.999329,107802,0.574646,0.000305176,1,0,0,3.8036e+07,0.999084
0,2358.94,9.0156e+07,0.999023,0.0716252,1.00073,0.999268,109639,0.571167,0.000366211,1,0,0,3.84522e+07,0.999084
0,2428.38,9.46427e+07,0.998413,0.103403,1.00116,0.99884,114407,0.536194,0.000549316,1,0,0,3.94875e+07,0.998657
0,2602.66,1.47927e+08,0.998047,0.149772,1.00153,0.998474,115893,0.499573,0.000671387,1,0,0,4.22446e+07,0.998291
0,2640.44,1.48454e+08,0.99762,0.188805,1.0019,0.998108,117067,0.481812,0.000732422,1,0,0,4.27653e+07,0.997925
0,2740.22,1.5858e+08,0.996948,0.243604,1.00245,0.997559,120567,0.43689,0.000671387,1,0,0,4.42404e+07,0.997314
0,2784.59,1.95675e+08,0.99707,0.243472,1.00239,0.99762,121082,0.407593,0.000732422,1,0,0,4.49838e+07,0.997375
0,2791.59,1.97724e+08,0.997498,0.219804,1.00208,0.997925,123318,0.363281,0.000671387,1,0,0,4.51804e+07,0.99762
0,2902.09,2.47545e+08,0.997498,0.20437,1.00202,0.997986,124247,0.336426,0.00115967,1,0,0,4.70318e+07,0.997742
0,2911.41,2.47612e+08,0.997864,0.188471,1.00177,0.99823,125714,0.326843,0.0010376,1,0,0,4.72376e+07,0.997986
0,3003.44,2.62509e+08,0.99707,0.243472,1.00239,0.99762,126100,0.327087,0.0012207,1,0,0,4.86185e+07,0.997375
0,2973.19,2.55159e+08,0.997009,0.235813,1.00239,0.99762,126681,0.327515,0.00115967,1,0,0,4.81352e+07,0.997375
0,3032.81,2.63835e+08,0.997131,0.235676,1.00232,0.997681,127752,0.328796,0.00109863,1,0,0,4.91284e+07,0.997437
0,3006.22,2.44328e+08,0.997009,0.274781,1.00257,0.997437,128698,0.330566,0.0012207,1,0,0,4.86272e+07,0.99707
0,2755.06,7.9183e+07,0.997498,0.266261,1.00226,0.997742,131697,0.332153,0.000427246,1,0,0,4.4545e+07,0.997314
0,2378.81,1.85421e+06,1,0,1,1,140547,0.324158,0.000915527,1,0,0,3.89745e+07,0.999756
0,2394.5,2.91322e+06,0.999878,0.0078125,1.00006,0.999939,141803,0.324036,0.000976562,1,0,0,3.92151e+07,0.999695
0,2432.16,9.82758e+06,0.999878,0.0078125,1.00006,0.999939,142717,0.323181,0.000915527,1,0,0,3.98321e+07,0.999695
0,2504.47,3.79163e+07,0.999573,0.0322152,1.00031,0.999695,144870,0.322449,0.000244141,1,0,0,4.09513e+07,0.999573
0,2553.5,5.38457e+07,0.999329,0.0630013,1.00055,0.999451,146626,0.320862,0.000366211,1,0,0,4.16891e+07,0.999329
0,2633.97,8.17172e+07,0.998901,0.0870293,1.00086,0.999146,148014,0.318481,0.000427246,1,0,0,4.29256e+07,0.999023
0,2657.28,8.2768e+07,0.998657,0.102805,1.00104,0.998962,149386,0.317749,0.000549316,1,0,0,4.32584e+07,0.99884
0,2736.53,1.08384e+08,0.997375,0.137899,1.00202,0.997986,151279,0.317993,0.000610352,1,0,0,4.43448e+07,0.997864
0,2968.69,1.38972e+08,0.97229,0.407922,1.02272,0.977783,143440,0.309204,0.00164795,1,0,0,4.47427e+07,0.977661
0,3158.03,1.58512e+08,0.959045,0.499561,1.03389,0.967224,142307,0.30365,0.00195312,1,0,0,4.62438e+07,0.966858
0,3295.47,1.80812e+08,0.958923,0.499636,1.03395,0.967163,144762,0.301453,0.00195312,1,0,0,4.83308e+07,0.966797
0,3486.09,2.32519e+08,0.958618,0.506333,1.03421,0.966919,147689,0.298218,0.00195312,1,0,0,5.13884e+07,0.966553
0,3556.91,2.42108e+08,0.959106,0.497133,1.03376,0.967346,149869,0.299194,0.00189209,1,0,0,5.28558e+07,0.966797
0,3650,2.6796e+08,0.95813,0.503452,1.03454,0.966614,150315,0.297424,0.00201416,1,0,0,5.43073e+07,0.966064
0,3989.56,3.45355e+08,0.946045,0.537711,1.04397,0.957886,150399,0.289062,0.00396729,1,0,0,5.82548e+07,0.957336
0,4611.78,5.48207e+08,0.946289,0.530316,1.04363,0.958191,155311,0.286743,0.00415039,1,0,0,6.85394e+07,0.957275
0,4688.28,6.04845e+08,0.946655,0.528201,1.04323,0.958557,156651,0.284912,0.00421143,1,0,0,6.98906e+07,0.957214
0,4731.03,6.2415e+08,0.947266,0.527216,1.04277,0.958984,158332,0.285461,0.00408936,1,0,0,7.06831e+07,0.957153
0,4686,6.04054e+08,0.947815,0.518189,1.04231,0.959412,159766,0.282104,0.00415039,1,0,0,7.06099e+07,0.957092
0,2918.88,2.40564e+08,0.997864,0.0827244,1.00134,0.998657,168875,0.314026,0.00146484,1,0,0,4.75889e+07,0.997681
0,9170.94,6.69461e+09,0.998962,0.03665,1.00061,0.99939,168594,0.271667,0.0010376,1,0,0,1.50146e+08,0.998291
0,10051.3,6.66629e+09,0.997925,0.0366475,1.0011,0.998901,177187,0.399475,0.00177002,1,0,0,1.64584e+08,0.997803
0,4171.91,1.90735e+07,0.999146,0.0206699,1.00043,0.999573,627576,0.442078,0.000915527,1,0,0,6.82993e+07,0.998779
0,4159.75,6.65815e+07,0.999878,0.0078125,1.00006,0.999939,28400.2,0.415527,0.000305176,1,0,0,6.81492e+07,0.999939
0,1719.75,856892,1,0,1,1,67125.9,0.813538,0.046936,1,0,0,2.81764e+07,1
0,2111.66,2.81804e+06,1,0,1,1,91241.9,0.557251,0,1,0,0,3.45974e+07,1
0,2210.34,8.51511e+07,0.999695,0.0174699,1.00018,0.999817,92651.3,0.554565,0,1,0,0,3.61651e+07,0.999817
0,2226.19,8.84452e+07,0.999695,0.0174699,1.00018,0.999817,93629.6,0.553711,0,1,0,0,3.64247e+07,0.999817
0,2339.22,1.61167e+08,0.99939,0.0406014,1.00043,0.999573,95260.4,0.552185,6.10352e-05,1,0,0,3.82111e+07,0.999573
0,2351.5,1.62384e+08,0.999268,0.0413471,1.00049,0.999512,96761.7,0.549561,6.10352e-05,1,0,0,3.84082e+07,0.999512
0,2371.84,1.65584e+08,0.999084,0.0494219,1.00061,0.99939,98695,0.545837,0.00012207,1,0,0,3.8721e+07,0.99939
0,2070.69,1.54605e+06,1,0,1,1,131967,0.575623,6.10352e-05,1,0,0,3.39261e+07,1
0,2110.78,6.84201e+07,1,0,1,1,138268,0.57251,6.10352e-05,1,0,0,3.4583e+07,1
0,8739.25,6.73133e+09,0.999268,0.0191366,1.00037,0.999634,138722,0.556213,0.000183105,1,0,0,1.43159e+08,0.999634
0,9479,7.20899e+09,0.821289,0.297481,1.09812,0.910645,89152.2,0.541687,0.0233765,1,0,0,1.49307e+08,0.910645
0,10164.8,7.68656e+09,0.820679,0.297978,1.09849,0.910339,82847.2,0.521118,0.0233765,1,0,0,1.60523e+08,0.910339
0,10735.7,8.10265e+09,0.745605,0.35284,1.14573,0.872803,59897.1,0.506714,0.024353,1,0,0,1.67357e+08,0.872803
0,10915.2,8.18056e+09,0.696838,0.383293,1.17871,0.848389,43908.6,0.503601,0.0247803,1,0,0,1.68635e+08,0.848389
0,11002.4,8.18683e+09,0.646362,0.411287,1.21489,0.82312,27341.4,0.497559,0.0258789,1,0,0,1.68344e+08,0.82312
0,11786,8.72862e+09,0.641235,0.415211,1.21878,0.820496,8090.24,0.47699,0.0258789,1,0,0,1.80982e+08,0.820496
0,5241.81,2.12258e+09,0.631348,0.420132,1.22616,0.815552,6001.68,0.477234,0.00958252,1,0,0,7.343e+07,0.787964
0,5891.16,2.62311e+09,0.630371,0.42061,1.2269,0.815063,6151.33,0.463135,0.00732422,1,0,0,8.40361e+07,0.814331
0,5131.66,2.06494e+09,0.629028,0.419365,1.22773,0.814514,4155.76,0.48877,0.00921631,1,0,0,7.1617e+07,0.787842
0,5734.56,2.56581e+09,0.62854,0.419603,1.22809,0.81427,4335.82,0.479675,0.00830078,1,0,0,8.14787e+07,0.80719
0,4954.81,1.93726e+09,0.686768,0.388864,1.1857,0.843384,3791.39,0.504089,0.00622559,1,0,0,7.06693e+07,0.782532
0,5407.84,2.29634e+09,0.686157,0.389211,1.18613,0.843079,3802.54,0.493713,0.00567627,1,0,0,7.80713e+07,0.804138
0,4725.78,1.704e+09,0.720093,0.369117,1.16273,0.860046,3412.52,0.512207,0.00793457,1,0,0,6.80351e+07,0.777649
0,5234.75,2.11477e+09,0.71936,0.369569,1.16322,0.85968,3520.51,0.499084,0.00726318,1,0,0,7.63494e+07,0.799072
0,5101.03,2.02414e+09,0.659058,0.404069,1.2055,0.829529,3079.81,0.518799,0.0136108,1,0,0,7.21352e+07,0.786072
0,5428.5,2.33903e+09,0.61438,0.426391,1.23887,0.80719,3813.87,0.516235,0.0131226,1,0,0,7.60013e+07,0.793518
0,5344.22,2.17625e+09,0.694336,0.384523,1.1804,0.847168,3813.54,0.470154,0.0129395,1,0,0,7.73033e+07,0.807068
0,4870.34,1.35262e+09,0.834473,0.286513,1.09023,0.917236,4383.28,0.358948,0.00787354,1,0,0,7.42415e+07,0.881104
0,4396.97,5.2855e+08,0.988159,0.0769428,1.00596,0.99408,5127.31,0.315796,0.000183105,1,0,0,7.16426e+07,0.954956
0,4096,0,1,0,1,1,0,0.30896,0,1,0,0,6.71089e+07,1
0,4159.75,6.65815e+07,0.999878,0.0078125,1.00006,0.999939,39916.8,0.420471,0.000305176,1,0,0,6.81492e+07,0.999939
0,2116.59,1.49701e+06,1,0,1,1,73724.1,0.558105,0.0219116,1,0,0,3.46783e+07,1
0,2122.16,1.73612e+06,1,0,1,1,80060.7,0.547363,0.012085,1,0,0,3.47694e+07,1
0,2225.19,7.37606e+07,0.999878,0.0078125,1.00006,0.999939,81374.8,0.541443,0.00939941,1,0,0,3.64411e+07,0.999939
0,2091.09,1.52661e+06,1,0,1,1,116584,0.579712,0,1,0,0,3.42605e+07,1
0,2059.09,1.56053e+06,1,0,1,1,153217,0.5802,0,1,0,0,3.37362e+07,1
0,2112.06,6.84174e+07,1,0,1,1,155720,0.578186,0,1,0,0,3.4604e+07,1
0,9084.03,6.97744e+09,0.999268,0.0191366,1.00037,0.999634,157339,0.549377,0,1,0,0,1.48808e+08,0.999634
0,10273,7.75862e+09,0.728394,0.363936,1.15714,0.864197,66468.4,0.501038,0.0447998,1,0,0,1.59199e+08,0.864197
0,11558,8.80355e+09,0.634766,0.416536,1.22342,0.817383,24669.9,0.481201,0.045166,1,0,0,1.77112e+08,0.817383
0,5414.66,2.46128e+09,0.765747,0.339212,1.13267,0.882874,4641.97,0.485413,0.0499268,1,0,0,8.08535e+07,0.770691
0,5196.44,1.88806e+09,0.812378,0.30464,1.10352,0.906189,8233.71,0.343567,0.022583,1,0,0,7.88429e+07,0.843628
0,5490.5,1.95176e+09,0.812378,0.30464,1.10352,0.906189,11424,0.334106,0.00640869,1,0,0,8.36608e+07,0.89093
0,4824.31,1.15706e+09,0.858459,0.265558,1.0762,0.929199,11944.4,0.329224,0.00512695,1,0,0,7.4241e+07,0.906006
0,4774.06,9.01012e+08,0.905334,0.219262,1.04979,0.952576,26472.8,0.312439,0.00512695,1,0,0,7.49496e+07,0.943909
0,4581.28,6.37099e+08,0.955505,0.151909,1.02285,0.977661,27398.7,0.309448,0.00476074,1,0,0,7.34746e+07,0.952576
0,4442.94,3.74281e+08,0.998657,0.0448902,1.00079,0.999207,59704.2,0.301208,0.0022583,1,0,0,7.26415e+07,0.975403
0,4325.97,1.07904e+08,0.998779,0.0724761,1.00086,0.999146,969397,0.302307,0,1,0,0,7.06596e+07,0.999146
0,4332.72,1.08647e+08,0.998779,0.0724761,1.00086,0.999146,1.08409e+06,0.338379,0,1,0,0,7.07702e+07,0.999146
0,4407.53,1.49967e+08,0.998596,0.0954076,1.00104,0.998962,979289,0.350708,0,1,0,0,7.19468e+07,0.998962
0,4430.53,1.58073e+08,0.998596,0.0954076,1.00104,0.998962,1.08097e+06,0.403809,0,1,0,0,7.23236e+07,0.998962
0,4400.53,1.37582e+08,0.998535,0.103105,1.0011,0.998901,827327,0.414795,0,1,0,0,7.18034e+07,0.998779
0,4400.53,1.37582e+08,0.998535,0.103105,1.0011,0.998901,799402,0.414673,6.10352e-05,1,0,0,7.18034e+07,0.998779
0,4416.81,1.39031e+08,0.998413,0.103403,1.00116,0.99884,773126,0.414368,0.00012207,1,0,0,7.2066e+07,0.998718
0,4350.88,7.41325e+07,0.998596,0.0954076,1.00104,0.998962,828244,0.414734,0.00012207,1,0,0,7.10185e+07,0.99884
0,4384.72,8.42837e+07,0.998413,0.118549,1.00122,0.998779,748213,0.414551,0.00012207,1,0,0,7.15238e+07,0.998657
0,4350.06,7.6761e+07,0.998657,0.102805,1.00104,0.998962,828341,0.415161,0.00012207,1,0,0,7.10052e+07,0.99884
0,4337.91,7.27483e+07,0.998596,0.110541,1.0011,0.998901,589933,0.415222,0.00012207,1,0,0,7.07773e+07,0.998718
0,4310.69,6.76016e+07,0.998657,0.102805,1.00104,0.998962,677805,0.415649,0.000183105,1,0,0,7.03478e+07,0.998779
0,4272.41,6.35656e+07,0.999023,0.0716252,1.00073,0.999268,695028,0.415771,0.000183105,1,0,0,6.98025e+07,0.999084
0,4283.16,6.40113e+07,0.998962,0.0793157,1.00079,0.999207,580542,0.415405,0.000183105,1,0,0,6.99622e+07,0.999084
0,4313.97,7.01797e+07,0.998718,0.0950846,1.00098,0.999023,508014,0.415466,0.000183105,1,0,0,7.04179e+07,0.998901
0,4232.41,2.81009e+07,0.998901,0.0720519,1.00079,0.999207,588896,0.421448,0.000183105,1,0,0,6.91308e+07,0.999084
0,4298.12,9.42237e+07,0.998901,0.0720519,1.00079,0.999207,569380,0.443237,0.000183105,1,0,0,7.02075e+07,0.999084
0,4260.5,8.44632e+07,0.999146,0.0563506,1.00061,0.99939,460591,0.464783,0.000183105,1,0,0,6.96402e+07,0.999268
0,4210.16,7.28744e+07,0.999207,0.0349437,1.00049,0.999512,533586,0.464844,0.000244141,1,0,0,6.88727e+07,0.999451
0,4165.25,6.62117e+07,0.999756,0.0110485,1.00012,0.999878,451561,0.528442,0.000366211,1,0,0,6.82353e+07,0.999695
0,2129.59,1.53813e+06,1,0,1,1,65708.9,0.524475,0.065979,1,0,0,3.48913e+07,1
0,2182.88,1.41135e+07,0.999756,0.0234389,1.00018,0.999817,66756.8,0.52356,0.0493164,1,0,0,3.57151e+07,0.999817
0,2236.97,5.50072e+07,0.999695,0.0312529,1.00024,0.999756,67706.2,0.523865,0.0368042,1,0,0,3.6585e+07,0.999756
0,2309.31,8.64047e+07,0.999512,0.0546975,1.00043,0.999573,68568.6,0.525696,0.0276489,1,0,0,3.77211e+07,0.999573
0,2364.56,1.10175e+08,0.999451,0.0625134,1.00049,0.999512,71142.3,0.527283,0.0213623,1,0,0,3.86099e+07,0.999512
0,2387.16,1.13329e+08,0.99939,0.0703297,1.00055,0.999451,72858,0.530212,0.0124512,1,0,0,3.89637e+07,0.999451
0,2489.84,1.59247e+08,0.999268,0.0859637,1.00067,0.999329,73949.1,0.531433,0.00897217,1,0,0,4.06134e+07,0.999329
0,2493.28,1.5933e+08,0.999268,0.0859637,1.00067,0.999329,75184.4,0.532776,0.00695801,1,0,0,4.06697e+07,0.999329
0,2596.19,2.2595e+08,0.999084,0.094109,1.00079,0.999207,76512.8,0.535889,0.00524902,1,0,0,4.23229e+07,0.999207
0,2613.34,2.29583e+08,0.999023,0.101902,1.00086,0.999146,78555.5,0.536804,0.00445557,1,0,0,4.25876e+07,0.999146
0,2591.88,2.19542e+08,0.99884,0.0947605,1.00092,0.999084,80383,0.540894,0.00341797,1,0,0,4.22441e+07,0.999023
0,2541.41,1.79103e+08,0.999207,0.0785381,1.00067,0.999329,81516.6,0.541443,0.00299072,1,0,0,4.14582e+07,0.999146
0,2504.41,1.53829e+08,0.999207,0.0785381,1.00067,0.999329,82577.8,0.543579,0.00268555,1,0,0,4.0852e+07,0.999146
0,2453.97,1.27179e+08,0.998962,0.0793157,1.00079,0.999207,82957,0.541992,0.00219727,1,0,0,4.00087e+07,0.999023
0,2359.75,8.13021e+07,0.998779,0.0724761,1.00086,0.999146,86522.5,0.542603,0.00189209,1,0,0,3.84732e+07,0.998962
0,2110.06,1.53807e+06,1,0,1,1,104625,0.532471,0,1,0,0,3.45713e+07,1
0,2141.22,4.65363e+06,0.999878,0.0078125,1.00006,0.999939,106747,0.536499,0.000183105,1,0,0,3.50653e+07,0.999939
0,2156.88,6.60165e+06,0.999573,0.0191374,1.00024,0.999756,108081,0.539917,0.000183105,1,0,0,3.52727e+07,0.999756
0,2196.66,1.30212e+07,0.998962,0.064443,1.00073,0.999268,112626,0.539673,0.000366211,1,0,0,3.57934e+07,0.999268
0,2262.84,4.57093e+07,0.998718,0.0800857,1.00092,0.999084,113302,0.537964,0.000366211,1,0,0,3.68287e+07,0.999084
0,2283.31,5.1961e+07,0.998718,0.0800857,1.00092,0.999084,115003,0.534851,0.000488281,1,0,0,3.7164e+07,0.999084
0,2321.75,7.04775e+07,0.998474,0.0957295,1.0011,0.998901,117136,0.53418,0.000610352,1,0,0,3.77446e+07,0.998901
0,2410.91,1.13897e+08,0.998352,0.111098,1.00122,0.998779,119091,0.532776,0.000610352,1,0,0,3.91849e+07,0.998718
0,2488.91,1.80594e+08,0.998169,0.134271,1.00141,0.998596,120222,0.53125,0.000610352,1,0,0,4.04137e+07,0.998535
0,2488,1.80566e+08,0.998352,0.126289,1.00128,0.998718,122228,0.531128,0.000671387,1,0,0,4.04316e+07,0.998657
0,2648.38,2.84447e+08,0.998596,0.125798,1.00116,0.99884,125743,0.532227,0.000610352,1,0,0,4.3092e+07,0.998779
0,2723,2.92656e+08,0.997498,0.158325,1.00183,0.998169,128233,0.519226,0.00128174,1,0,0,4.41958e+07,0.998108
0,2283.31,1.78802e+06,1,0,1,1,157827,0.345215,0,1,0,0,3.74098e+07,1
0,9158.5,7.01015e+09,0.999146,0.0206699,1.00043,0.999573,158537,0.369446,0,1,0,0,1.50024e+08,0.999573
0,9682.81,7.40513e+09,0.858154,0.265536,1.07634,0.929077,126649,0.407104,0.00762939,1,0,0,1.53884e+08,0.929077
0,10212.2,7.79944e+09,0.857422,0.266212,1.07676,0.928711,123345,0.41687,0.00762939,1,0,0,1.62532e+08,0.928711
0,10749.4,8.19295e+09,0.717285,0.370845,1.16463,0.858643,71434.5,0.448975,0.00762939,1,0,0,1.66632e+08,0.858643
0,17253.9,1.37714e+10,0.607666,0.429516,1.24404,0.803833,891462,0.428833,0.0100098,1,0,0,2.68532e+08,0.790466
0,17310.8,1.38229e+10,0.69812,0.382322,1.17777,0.84906,891260,0.428406,0.0100098,1,0,0,2.72499e+08,0.790405
0,16291.3,1.27122e+10,0.658813,0.404198,1.20568,0.829407,863961,0.475403,0.00238037,1,0,0,2.54478e+08,0.78363
0,3721.91,3.13763e+08,0.596069,0.434775,1.25308,0.798035,4203.84,0.497375,6.10352e-05,1,0,0,4.7426e+07,0.79541
0,3902.44,4.93114e+08,0.682129,0.391484,1.18897,0.841064,4209.05,0.501587,0.00012207,1,0,0,5.32716e+07,0.79541
0,3626.56,2.47409e+08,0.674805,0.39556,1.19417,0.837402,6046.34,0.492249,0.000244141,1,0,0,4.85059e+07,0.778137
0,3803.69,4.47187e+08,0.683594,0.39066,1.18794,0.841797,8342.54,0.501709,0.000793457,1,0,0,5.17028e+07,0.780762
0,3740.84,3.80488e+08,0.779297,0.329627,1.12404,0.889648,6461.73,0.512695,0.00177002,1,0,0,5.38844e+07,0.782104
0,3847.53,4.22522e+08,0.735718,0.359939,1.15234,0.867798,8091.58,0.507141,0.00256348,1,0,0,5.41189e+07,0.782166
0,4258.19,4.95518e+08,0.69104,0.583561,1.19661,0.835693,8878.38,0.489441,0.00286865,1,0,0,5.40892e+07,0.765991
0,4438.88,5.21292e+08,0.659607,0.629439,1.22223,0.818176,14368.7,0.480408,0.00341797,1,0,0,5.5531e+07,0.764648
0,5622.12,1.1306e+09,0.64801,0.695997,1.23244,0.811401,23219.4,0.458008,0.00341797,1,0,0,7.36251e+07,0.807129
0,5549.78,9.11901e+08,0.715942,0.696767,1.18561,0.843445,22915,0.447144,0.00335693,1,0,0,7.44146e+07,0.795044
0,6420.22,1.34503e+09,0.810486,0.679203,1.12342,0.890137,28936.4,0.445251,0.00335693,1,0,0,9.17228e+07,0.780457
0,6507.5,1.41748e+09,0.86908,0.649479,1.08763,0.919434,27941.4,0.457703,0.00335693,1,0,0,9.51188e+07,0.764465
0,6530.38,1.45141e+09,0.817505,0.689314,1.11913,0.893555,30348.1,0.451843,0.00341797,1,0,0,9.37201e+07,0.764648
0,6496.53,1.47633e+09,0.63678,0.768004,1.24498,0.803223,30122.1,0.457458,0.00213623,1,0,0,8.71158e+07,0.764099
0,6832.22,1.78111e+09,0.636597,0.703617,1.23896,0.807129,241791,0.457153,0.00158691,1,0,0,9.40534e+07,0.78595
0,6446.88,1.69918e+09,0.625366,0.573208,1.23569,0.809265,253631,0.47229,0.00109863,1,0,0,9.14227e+07,0.797791
0,5556.56,1.1841e+09,0.607727,0.47541,1.24811,0.801208,242429,0.479492,0.000427246,1,0,0,7.61231e+07,0.793518
0,5475.94,1.21976e+09,0.72168,0.415305,1.16521,0.858215,232047,0.484131,0.000244141,1,0,0,7.86749e+07,0.783691
0,4094.53,6.20736e+08,0.788452,0.325232,1.11844,0.894104,210980,0.512817,0.000244141,1,0,0,5.87126e+07,0.767212
0,4264.09,6.8694e+08,0.788513,0.323157,1.11829,0.894226,856914,0.507812,0.000427246,1,0,0,6.15357e+07,0.783203
0,4387.62,6.59231e+08,0.774414,0.333121,1.12713,0.887207,1.30461e+06,0.491516,0.000427246,1,0,0,6.29494e+07,0.7995
0,4409.03,6.60367e+08,0.737427,0.358173,1.15113,0.868713,1.30409e+06,0.486755,0.000549316,1,0,0,6.17518e+07,0.7995
0,4430.72,6.61755e+08,0.700195,0.381105,1.17634,0.850098,1.30357e+06,0.481506,0.000671387,1,0,0,6.04892e+07,0.799438
0,4457.34,6.63304e+08,0.664429,0.401205,1.20161,0.832214,1.30357e+06,0.475647,0.000732422,1,0,0,5.92993e+07,0.799438
0,4480.72,6.64668e+08,0.625366,0.421148,1.23049,0.812683,1.30438e+06,0.471069,0.000854492,1,0,0,5.80029e+07,0.799683
0,4056.22,2.8663e+08,0.648804,0.409428,1.213,0.824402,1.15689e+06,0.472168,0.000854492,1,0,0,5.22399e+07,0.790527
0,3776.53,3.38434e+08,0.676392,0.394683,1.19304,0.838196,6391.05,0.503113,0.0012207,1,0,0,5.10162e+07,0.780518
0,3834,4.61907e+08,0.685547,0.389557,1.18656,0.842773,7168.1,0.517883,0.00402832,1,0,0,5.2265e+07,0.779236
0,3972.25,4.01208e+08,0.678406,0.393784,1.19165,0.839172,7757.81,0.493835,0.00360107,1,0,0,5.42638e+07,0.825256
0,3974.22,4.34495e+08,0.791138,0.323251,1.11676,0.895447,8736.16,0.504333,0.00360107,1,0,0,5.80357e+07,0.805237
0,3897.59,4.34718e+08,0.874023,0.253233,1.06736,0.93689,9644.84,0.522888,0.00372314,1,0,0,5.95615e+07,0.783264
0,3980.19,4.54183e+08,0.804749,0.330425,1.10868,0.901978,12524.2,0.518738,0.00384521,1,0,0,5.84612e+07,0.78363
0,4065.31,5.22178e+08,0.684326,0.415268,1.18811,0.841675,13299.5,0.517029,0.00189209,1,0,0,5.57599e+07,0.78363
0,4065.81,5.13412e+08,0.665222,0.417509,1.20161,0.832214,12967.2,0.507874,0.000427246,1,0,0,5.517e+07,0.787415
0,4128.34,5.79832e+08,0.739075,0.375065,1.15056,0.869141,11715.1,0.507996,0.000305176,1,0,0,5.86726e+07,0.787415
0,3985.12,5.92369e+08,0.682129,0.391484,1.18897,0.841064,7978.67,0.519531,0.000671387,1,0,0,5.46263e+07,0.783508
0,3769.81,3.30536e+08,0.64209,0.41286,1.21796,0.821045,6149.7,0.522095,0.000671387,1,0,0,4.97551e+07,0.790161
0,3960.16,5.28501e+08,0.732666,0.361227,1.15429,0.866333,6191.32,0.522095,0.000671387,1,0,0,5.5913e+07,0.790161
0,3763.66,3.32648e+08,0.641968,0.412922,1.21805,0.820984,4423.75,0.517517,6.10352e-05,1,0,0,4.96502e+07,0.790405
0,3952.19,5.28437e+08,0.757568,0.344833,1.13794,0.878784,4453.16,0.524902,6.10352e-05,1,0,0,5.6618e+07,0.790405
0,3749.59,3.3042e+08,0.671875,0.397169,1.19626,0.835938,4419.35,0.498108,0,1,0,0,5.04233e+07,0.778076
0,3938.88,5.26223e+08,0.765259,0.339551,1.13298,0.882629,4462.9,0.502014,0,1,0,0,5.66579e+07,0.778015
0,3740.12,3.30451e+08,0.666504,0.400088,1.20012,0.833252,6558.52,0.459045,0.00012207,1,0,0,5.00879e+07,0.779663
0,3852.75,4.67781e+08,0.682861,0.391073,1.18845,0.841431,7336.49,0.48877,0.00488281,1,0,0,5.2482e+07,0.780762
0,3897.94,4.67804e+08,0.643433,0.412179,1.21697,0.821716,5583.86,0.500854,0.00488281,1,0,0,5.18994e+07,0.789368
0,3960.16,5.3125e+08,0.745728,0.352759,1.14565,0.872864,5639.36,0.500854,0.00488281,1,0,0,5.63512e+07,0.789368
0,3975.72,5.97735e+08,0.692749,0.38544,1.18151,0.846375,5276.23,0.506836,0.00415039,1,0,0,5.48285e+07,0.781311
0,3911.66,4.46306e+08,0.594116,0.435644,1.25461,0.797058,4395.95,0.479248,0,1,0,0,5.04694e+07,0.796082
0,3973.53,4.99886e+08,0.694702,0.384311,1.18015,0.847351,4282.68,0.478943,0,1,0,0,5.48582e+07,0.796936
0,3745.59,3.18309e+08,0.687134,0.388656,1.18544,0.843567,6165.24,0.446594,0,1,0,0,5.08698e+07,0.782837
0,3873.78,4.61352e+08,0.6875,0.388448,1.18519,0.84375,7187.38,0.437988,0.000610352,1,0,0,5.29823e+07,0.783569
0,3882.06,4.61384e+08,0.687866,0.388239,1.18493,0.843933,7180.02,0.459961,0.00402832,1,0,0,5.31302e+07,0.782898
0,3884.59,4.61333e+08,0.688232,0.38803,1.18467,0.844116,7307.35,0.474792,0.00195312,1,0,0,5.3184e+07,0.782837
0,4246.66,8.0162e+08,0.662842,0.402055,1.20276,0.831421,9199.47,0.46875,0.0012207,1,0,0,5.82641e+07,0.786743
0,4293.41,8.16392e+08,0.640747,0.413539,1.21896,0.820374,9461.07,0.466858,0.000976562,1,0,0,5.82886e+07,0.791931
0,4319.75,8.30323e+08,0.615112,0.426046,1.2383,0.807556,9224.23,0.460693,0.000793457,1,0,0,5.78601e+07,0.796326
0,3947.06,4.43424e+08,0.68335,0.390798,1.18811,0.841675,9038.46,0.457153,0.000305176,1,0,0,5.40436e+07,0.796814
0,3793.22,7.39529e+08,0.723999,0.366693,1.16009,0.862,8465.1,0.47168,0.000305176,1,0,0,5.2887e+07,0.780518
0,4321.94,1.00836e+09,0.721924,0.367984,1.16149,0.860962,10868.1,0.462402,0,1,0,0,6.14799e+07,0.837402
0,3602.41,9.03605e+08,0.610718,0.428103,1.24168,0.805359,9693.88,0.530457,0,1,0,0,4.59597e+07,0.797058
0,3924.28,1.24495e+09,0.660522,0.403292,1.20444,0.830261,8419.78,0.527832,0,1,0,0,5.29044e+07,0.791016
0,3922.38,1.25692e+09,0.794434,0.318488,1.11456,0.897217,8498.63,0.527161,0,1,0,0,5.73665e+07,0.784607
0,3518.88,7.06699e+08,0.956421,0.147576,1.02227,0.97821,14609.5,0.51947,0,1,0,0,5.6191e+07,0.803162
0,3346.03,6.98113e+08,0.598633,0.433628,1.25107,0.799316,13681.1,0.525757,0,1,0,0,4.13537e+07,0.798462
0,3945.12,1.30205e+09,0.676758,0.39448,1.19278,0.838379,15524.6,0.525513,0,1,0,0,5.37907e+07,0.796265
0,4008.88,1.36865e+09,0.820435,0.298176,1.09864,0.910217,10009.8,0.520142,0,1,0,0,5.96562e+07,0.795898
0,3464.94,9.87517e+08,0.796875,0.316646,1.11304,0.898438,8980.39,0.541321,0,1,0,0,4.99538e+07,0.77063
0,4249.03,1.56497e+09,0.765015,0.339721,1.13314,0.882507,10067,0.531067,0,1,0,0,6.17313e+07,0.771545
0,4374.44,1.57896e+09,0.730347,0.362701,1.15584,0.865173,10309.7,0.525757,0,1,0,0,6.26227e+07,0.771729
0,5107.34,1.65494e+09,0.708618,0.376103,1.17054,0.854309,10674.5,0.474182,0,1,0,0,7.39016e+07,0.854309
0,2266,6.80847e+07,1,0,1,1,11809.5,0.542053,0.0724487,1,0,0,3.71261e+07,0.769592
0,3268.41,4.21166e+08,0.974365,0.113204,1.01298,0.987183,12021.4,0.539246,0.0599976,1,0,0,5.26894e+07,0.774475
0,3972.72,4.9376e+08,0.957153,0.146332,1.02189,0.978577,14516.7,0.510986,0.020813,1,0,0,6.36513e+07,0.852844
0,2251.16,6.80682e+07,1,0,1,1,11525.9,0.55188,0.0397949,1,0,0,3.68829e+07,0.771484
0,3599.03,1.27002e+09,0.998413,0.0281684,1.00079,0.999207,13596.2,0.541748,0.0385742,1,0,0,5.89133e+07,0.790161
0,3675.25,1.43722e+09,0.870483,0.253866,1.06924,0.935242,12166.5,0.538635,0.0306396,1,0,0,5.58694e+07,0.790405
0,4003.84,1.60356e+09,0.869629,0.254693,1.06973,0.934814,12459,0.532471,0.0284424,1,0,0,6.12244e+07,0.81073
0,4094.75,1.78369e+09,0.723999,0.366693,1.16009,0.862,9424.79,0.523865,0.0214844,1,0,0,5.78273e+07,0.806641
0,5533.59,2.72003e+09,0.717651,0.370621,1.16438,0.858826,10998.5,0.499329,0.0126343,1,0,0,8.11884e+07,0.845154
0,4039.91,1.54063e+09,0.625977,0.420852,1.23003,0.812988,6992.09,0.520935,0,1,0,0,5.36397e+07,0.790222
0,4383.06,1.84198e+09,0.718384,0.370171,1.16388,0.859192,7456.27,0.513367,0,1,0,0,6.23626e+07,0.787781
0,4614.28,1.93294e+09,0.604492,0.430973,1.2465,0.802246,7644.54,0.511169,0,1,0,0,6.23293e+07,0.796631
0,3662.41,1.13209e+09,0.653809,0.40683,1.20933,0.826904,5172.44,0.521423,0,1,0,0,4.83886e+07,0.804077
0,3278.09,9.95909e+08,0.759399,0.343585,1.13675,0.8797,4748.92,0.53595,0,1,0,0,4.56351e+07,0.776917
0,4177.75,1.45669e+09,0.740845,0.355958,1.14887,0.870422,8000.76,0.50415,0,1,0,0,5.97524e+07,0.805908
0,4431.84,1.66728e+09,0.697388,0.382749,1.17828,0.848694,7585.3,0.502014,0,1,0,0,6.24573e+07,0.806458
0,4110.12,1.33378e+09,0.634338,0.416957,1.22378,0.817139,7760.45,0.505005,0,1,0,0,5.50195e+07,0.799927
0,3871.66,1.1481e+09,0.684448,0.390804,1.18742,0.842163,7655.88,0.50824,0,1,0,0,5.27795e+07,0.789368
0,4295.47,1.26081e+09,0.654541,0.407055,1.20888,0.827209,10392,0.505127,0,1,0,0,5.87197e+07,0.794128
0,4370.69,1.06107e+09,0.713074,0.374669,1.16762,0.856445,13145.5,0.49469,6.10352e-05,1,0,0,6.18895e+07,0.823242
0,4607.97,9.79717e+08,0.762512,0.34279,1.13486,0.881165,16041.6,0.473328,6.10352e-05,1,0,0,6.7436e+07,0.859924
0,4808.06,1.34274e+09,0.728394,0.368218,1.15739,0.864014,16121.5,0.487793,0.0175781,1,0,0,6.95265e+07,0.853455
0,4380.47,1.06965e+09,0.836731,0.291411,1.08914,0.918152,14864.6,0.501221,0.0294189,1,0,0,6.61417e+07,0.830261
0,4395.88,1.09899e+09,0.764954,0.349176,1.13353,0.882202,14463.9,0.504211,0.0460205,1,0,0,6.39693e+07,0.829102
0,4357.72,1.07094e+09,0.672546,0.402151,1.19609,0.83606,19051.1,0.51178,0.0525513,1,0,0,6.02844e+07,0.829163
0,2459.94,1.36348e+08,0.999512,0.0398417,1.00037,0.999634,15120.7,0.538208,0.0876465,1,0,0,4.02053e+07,0.770569
0,3703.34,1.14543e+09,0.976562,0.114344,1.01198,0.988159,18630.7,0.526428,0.0790405,1,0,0,5.98072e+07,0.775085
0,3764.41,1.13407e+09,0.952576,0.156652,1.02438,0.976196,19311.3,0.52063,0.0703735,1,0,0,6.00172e+07,0.780396
0,4388.22,1.17123e+09,0.921753,0.197633,1.04072,0.960876,27812.3,0.463013,0.0397339,1,0,0,6.92588e+07,0.861267
0,2262.72,6.80811e+07,1,0,1,1,12464.9,0.565674,0.0517578,1,0,0,3.70724e+07,0.76123
0,3264.47,8.26081e+08,0.975586,0.110477,1.01236,0.987793,13562.3,0.560486,0.0484009,1,0,0,5.26659e+07,0.764709
0,3390.34,8.42057e+08,0.951172,0.156201,1.02503,0.975586,12786.1,0.546997,0.0441895,1,0,0,5.3909e+07,0.768555
0,3476.97,8.55221e+08,0.926147,0.192021,1.03834,0.963074,13083.8,0.538696,0.0401611,1,0,0,5.44886e+07,0.772705
0,4132.81,9.22381e+08,0.922241,0.197017,1.04045,0.961121,16224.2,0.494141,0.0252075,1,0,0,6.51028e+07,0.84906
0,2253.66,6.8071e+07,1,0,1,1,11172.4,0.555237,0.0493164,1,0,0,3.69239e+07,0.763
0,3557.06,8.50657e+08,0.999268,0.0191366,1.00037,0.999634,12792.1,0.531372,0.0389404,1,0,0,5.82543e+07,0.813538
0,4118.28,1.42065e+09,0.645752,0.410996,1.21525,0.822876,9251.25,0.50647,0.00982666,1,0,0,5.55873e+07,0.81311
0,3956.09,9.36947e+08,0.673462,0.396299,1.19513,0.836731,52423.5,0.490417,0,1,0,0,5.38598e+07,0.814209
0,3506.75,4.23934e+08,0.981812,0.0953597,1.00918,0.990906,54082.4,0.483215,0,1,0,0,5.68443e+07,0.820923
0,4288.94,1.22785e+09,0.806274,0.309433,1.10725,0.903137,54855.4,0.488525,0.0256958,1,0,0,6.37696e+07,0.821533
0,2251.75,6.80689e+07,1,0,1,1,11461,0.526184,0.0505981,1,0,0,3.68927e+07,0.767395
0,3561.72,7.76998e+08,0.971558,0.11924,1.01443,0.985779,14443.4,0.510925,0.0455933,1,0,0,5.73435e+07,0.770203
0,3799.47,8.06727e+08,0.944153,0.172835,1.02895,0.971863,19698.1,0.501465,0.0397339,1,0,0,6.02435e+07,0.772949
0,4121.16,8.57815e+08,0.91803,0.213181,1.0431,0.958679,230671,0.493896,0.0374756,1,0,0,6.45719e+07,0.775452
0,4379.44,8.8194e+08,0.90686,0.245344,1.04958,0.952759,832278,0.487793,0.0310669,1,0,0,6.83325e+07,0.787048
0,4755.06,9.31569e+08,0.906616,0.2496,1.04979,0.952576,1.70126e+06,0.486755,0.0304565,1,0,0,7.44622e+07,0.807251
0,4966.69,9.51947e+08,0.906616,0.2496,1.04979,0.952576,2.24183e+06,0.484558,0.0297241,1,0,0,7.79295e+07,0.822998
0,5207.25,9.77934e+08,0.906372,0.254038,1.04999,0.952393,2.71729e+06,0.481384,0.0286865,1,0,0,8.18463e+07,0.839783
0,6418.16,1.89383e+09,0.86853,0.289107,1.07127,0.933472,2.99574e+06,0.450867,0.0379639,1,0,0,9.94657e+07,0.841431
0,6642.31,1.92361e+09,0.815735,0.354972,1.1036,0.906128,3.09434e+06,0.436768,0.0515137,1,0,0,9.91841e+07,0.830322
0,6961.62,1.98802e+09,0.754272,0.434357,1.14334,0.874634,3.33981e+06,0.431396,0.0675049,1,0,0,1.00417e+08,0.825012
0,7300.16,2.05622e+09,0.71283,0.524596,1.17221,0.853088,3.50996e+06,0.435303,0.0783691,1,0,0,1.03204e+08,0.823547
0,7843.88,2.18571e+09,0.67804,0.59032,1.19801,0.834717,3.6312e+06,0.441345,0.0882568,1,0,0,1.09501e+08,0.822449
0,8100.88,2.24327e+09,0.646606,0.654553,1.22187,0.81842,3.73036e+06,0.446411,0.0944824,1,0,0,1.11396e+08,0.81842
0,8133.78,2.25115e+09,0.611328,0.669568,1.24878,0.800781,3.8373e+06,0.452881,0.0922241,1,0,0,1.10473e+08,0.800781
0,7331.03,1.61836e+09,0.603821,0.711737,1.25615,0.796082,3.89851e+06,0.4646,0.0997925,1,0,0,9.51583e+07,0.795715
0,7300.41,1.64871e+09,0.600037,0.709119,1.25924,0.794128,3.96787e+06,0.480652,0.111572,1,0,0,9.37866e+07,0.79303
0,7094.56,1.63524e+09,0.592529,0.714859,1.26478,0.790649,4.0469e+06,0.496155,0.134094,1,0,0,8.96164e+07,0.789246
0,7168.03,1.69928e+09,0.71228,0.727878,1.17532,0.85083,3.93831e+06,0.502869,0.157104,1,0,0,9.56544e+07,0.767517
0,7208.81,1.73886e+09,0.833313,0.766611,1.09717,0.911438,3.83018e+06,0.508667,0.17926,1,0,0,1.0107e+08,0.746033
0,7015.03,1.72501e+09,0.912354,0.719819,1.05113,0.951355,3.75482e+06,0.516846,0.198425,1,0,0,1.01553e+08,0.732483
0,6159.84,8.8302e+08,0.970215,0.706819,1.02017,0.980225,3.725e+06,0.546509,0.214661,1,0,0,9.17325e+07,0.744751
0,6348.12,9.40575e+08,0.970581,0.692875,1.02011,0.980286,3.77641e+06,0.56665,0.218506,1,0,0,9.51199e+07,0.776489
0,7666.81,1.87088e+09,0.947571,0.749642,1.03252,0.968506,3.72297e+06,0.555237,0.213318,1,0,0,1.15783e+08,0.790771
0,7491.94,1.82259e+09,0.923279,0.729925,1.04516,0.956787,3.65045e+06,0.548035,0.201904,1,0,0,1.12674e+08,0.79541
0,11784.7,6.22104e+09,0.9021,0.72851,1.05649,0.946533,3.53241e+06,0.527466,0.18512,1,0,0,1.83188e+08,0.813843
0,11613,6.1679e+09,0.854309,0.747082,1.08353,0.922913,3.36371e+06,0.524109,0.179199,1,0,0,1.79142e+08,0.813599
0,11187,6.10623e+09,0.822388,0.709264,1.10196,0.907471,3.23765e+06,0.524048,0.171692,1,0,0,1.72069e+08,0.814453
0,10634.3,5.93908e+09,0.742371,0.629944,1.15129,0.868591,2.72821e+06,0.507446,0.122803,1,0,0,1.61854e+08,0.826599
0,10895.8,6.0282e+09,0.739929,0.657956,1.15315,0.867188,2.50562e+06,0.494202,0.104797,1,0,0,1.65742e+08,0.844421
0,9854.88,5.78176e+09,0.649353,0.450401,1.21372,0.823914,1.21077e+06,0.478699,0.0430298,1,0,0,1.48847e+08,0.821472
0,8285.94,4.83535e+09,0.688782,0.396327,1.18467,0.844116,23890.5,0.496521,0.0159302,1,0,0,1.25172e+08,0.841797
0,3698.94,3.08145e+08,0.753601,0.356779,1.14087,0.876526,20582.8,0.493103,0.00970459,1,0,0,5.21938e+07,0.852905
0,3544.12,2.76747e+08,0.693176,0.393839,1.1816,0.846313,18539.8,0.505066,0.00494385,1,0,0,4.76298e+07,0.838257
0,3597.44,3.30851e+08,0.76532,0.342761,1.13314,0.882507,17075.6,0.503357,0.00372314,1,0,0,5.09778e+07,0.845337
0,3569.66,3.24586e+08,0.805359,0.313632,1.108,0.902527,17041.8,0.507507,0.00292969,1,0,0,5.18661e+07,0.845581
0,3405.56,2.83997e+08,0.713135,0.373378,1.16745,0.856567,5348.32,0.520447,0.00012207,1,0,0,4.61711e+07,0.777405
0,3529.84,4.02537e+08,0.713379,0.373229,1.16728,0.856689,6393.97,0.507568,6.10352e-05,1,0,0,4.82156e+07,0.777344
0,3968.25,6.69927e+08,0.700317,0.381034,1.17625,0.850159,6211.3,0.482605,0.00012207,1,0,0,5.49601e+07,0.819824
0,3423.06,3.35551e+08,0.836548,0.284743,1.089,0.918274,5399.34,0.510071,6.10352e-05,1,0,0,5.05989e+07,0.777222
0,3597.53,3.79341e+08,0.753723,0.349835,1.14063,0.876709,9746.77,0.503174,0.00012207,1,0,0,5.0153e+07,0.777039
0,3814.09,4.73479e+08,0.710388,0.385833,1.16987,0.854797,13908.9,0.501587,0.000244141,1,0,0,5.18743e+07,0.7771
0,4435.34,7.54122e+08,0.697449,0.40706,1.17904,0.848145,18358.7,0.519714,0.000305176,1,0,0,6.12326e+07,0.843811
0,3928.91,4.20527e+08,0.847717,0.30558,1.0831,0.923279,17510.3,0.495972,0.000366211,1,0,0,5.79773e+07,0.782715
0,3948.12,4.43335e+08,0.516113,0.479682,1.3198,0.75769,15435.7,0.371826,0.000488281,1,0,0,4.77071e+07,0.732605
0,4137,6.839e+08,0.510986,0.470739,1.32396,0.75531,12625.9,0.363037,0.000610352,1,0,0,5.0986e+07,0.746826
0,3574.59,3.36144e+08,0.689941,0.387054,1.18347,0.844971,10212.6,0.357239,0.000671387,1,0,0,4.81623e+07,0.711243
0,3682.06,4.36566e+08,0.75415,0.347146,1.14015,0.877075,10217.4,0.350708,0.000732422,1,0,0,5.20776e+07,0.710876
0,3698.09,5.03254e+08,0.719238,0.369645,1.16331,0.859619,7510.94,0.429993,0.000610352,1,0,0,5.11688e+07,0.738403
0,4002.69,6.43098e+08,0.713135,0.373378,1.16745,0.856567,5598.39,0.485962,0.000488281,1,0,0,5.59544e+07,0.800781
0,3593.88,3.08288e+08,0.65564,0.405871,1.20799,0.82782,3522.08,0.461731,0.000183105,1,0,0,4.73272e+07,0.782654
0,3554.16,2.74471e+08,0.571167,0.44547,1.27294,0.785583,4466.73,0.378662,0,1,0,0,4.3842e+07,0.750549
0,3702.91,4.1518e+08,0.629395,0.419185,1.22745,0.814697,4487.39,0.378784,0,1,0,0,4.8233e+07,0.750488
0,3470.97,2.08419e+08,0.693726,0.384876,1.18083,0.846863,8052.34,0.330261,0,1,0,0,4.65915e+07,0.74762
0,3444.69,2.75121e+08,0.714233,0.37271,1.1667,0.857117,8794.75,0.366821,0,1,0,0,4.6849e+07,0.742493
0,3865.25,4.02091e+08,0.743164,0.354443,1.14734,0.871582,11692.8,0.417908,0,1,0,0,5.47103e+07,0.856689
0,4727.31,1.56376e+09,0.915161,0.205758,1.0443,0.957581,6202.34,0.403259,0.0344849,1,0,0,7.46056e+07,0.819214
0,2341.97,1.12275e+06,1,0,1,1,11568.4,0.28595,0.130981,1,0,0,3.83708e+07,0.767273
0,2385.53,6.79075e+07,1,0,1,1,12550.4,0.284729,0.117188,1,0,0,3.90845e+07,0.79248
0,3748.56,9.64071e+08,0.999756,0.0110485,1.00012,0.999878,12737.3,0.286377,0.10968,1,0,0,6.14083e+07,0.800598
0,4320.88,1.02951e+09,0.999023,0.0220971,1.00049,0.999512,14464.7,0.292786,0.0537109,1,0,0,7.07604e+07,0.875122
0,5383.19,2.123e+09,0.983765,0.0900951,1.00818,0.991882,14221.6,0.293701,0.0560303,1,0,0,8.76534e+07,0.875244
0,3425.88,1.16575e+09,1,0,1,1,11047.9,0.278198,0.108582,1,0,0,5.61295e+07,0.759705
0,2238.16,1.22328e+06,1,0,1,1,11594.9,0.278076,0.105469,1,0,0,3.667e+07,0.768127
0,2282.06,6.80183e+07,0.999878,0.0078125,1.00006,0.999939,12537.5,0.273926,0.0945435,1,0,0,3.73852e+07,0.792358
0,9724.47,5.55156e+09,0.994995,0.0500243,1.00251,0.997498,17059.5,0.2005,0.0390625,1,0,0,1.59158e+08,0.882568
0,10908.3,6.68021e+09,0.846313,0.276244,1.08324,0.923157,14023.6,0.147583,0.0952148,1,0,0,1.73565e+08,0.854492
0,4097.41,1.2131e+09,0.606201,0.43019,1.24517,0.803101,8624.56,0.02771,0.140259,1,0,0,5.39182e+07,0.781067
0,2258.66,1.24553e+06,1,0,1,1,10356.3,0.00976562,0.154297,1,0,0,3.70058e+07,0.749634
0,2187.19,1.24306e+06,1,0,1,1,12976,0.0105591,0.121887,1,0,0,3.58349e+07,0.794983
0,3879.62,1.382e+09,0.998474,0.0957295,1.0011,0.998901,22971.5,0.0153809,0.103516,1,0,0,6.304e+07,0.817749
0,4568.34,1.44685e+09,0.99707,0.100124,1.00183,0.998169,41542.2,0.0310669,0.0559082,1,0,0,7.42748e+07,0.921082
0,5846.31,2.66106e+09,0.878174,0.264673,1.06535,0.93866,35575.3,0.0314331,0.0828857,1,0,0,9.12195e+07,0.892822
0,6040.19,2.74013e+09,0.809631,0.336831,1.10591,0.904236,37558.3,0.0308228,0.105225,1,0,0,9.17663e+07,0.87677
0,6347.59,2.91016e+09,0.759338,0.401765,1.13794,0.878784,38812.3,0.0302734,0.120911,1,0,0,9.49842e+07,0.86615
0,4364.44,1.5608e+09,0.99054,0.130026,1.00528,0.994751,20096,0.0114746,0.187378,1,0,0,7.07123e+07,0.715881
0,4627.72,1.8045e+09,0.996582,0.200496,1.00263,0.997375,24509.7,0.0105591,0.196289,1,0,0,7.50546e+07,0.71405
0,3449.22,6.08213e+08,0.996277,0.239995,1.003,0.997009,28891.3,0.0103149,0.196045,1,0,0,5.566e+07,0.728882
0,3381.97,6.14805e+08,0.996094,0.241026,1.00312,0.996887,31303.8,0.0115967,0.168396,1,0,0,5.47958e+07,0.784424
0,3309.88,5.60963e+08,0.994019,0.24718,1.00435,0.995667,36540.5,0.012085,0.153503,1,0,0,5.35101e+07,0.808533
0,4916.12,2.04634e+09,0.983826,0.220827,1.0093,0.990784,39276.1,0.0359497,0.112061,1,0,0,7.9573e+07,0.85144
0,5265.5,2.11155e+09,0.983215,0.224317,1.00974,0.990356,45763.2,0.0443726,0.0930786,1,0,0,8.52664e+07,0.901978
0,6432.59,3.2211e+09,0.908386,0.311084,1.04952,0.95282,42856.2,0.0448608,0.1073,1,0,0,1.01832e+08,0.886292
0,6518.97,3.22549e+09,0.815002,0.38891,1.10382,0.905945,40848.4,0.0443726,0.116638,1,0,0,1.00077e+08,0.865112
0,6493.09,3.20553e+09,0.68866,0.457352,1.18664,0.842712,35728.4,0.0431519,0.0999146,1,0,0,9.54097e+07,0.841187
0,6457.59,3.11627e+09,0.648315,0.472764,1.21597,0.822388,30115.1,0.043335,0.0971069,1,0,0,9.35035e+07,0.821106
0,6593.78,3.21159e+09,0.605713,0.502221,1.2484,0.801025,29141.9,0.0427246,0.0860596,1,0,0,9.42766e+07,0.799805
0,5124.06,1.76647e+09,0.534363,0.510947,1.30581,0.765808,23750.6,0.0409546,0.0679932,1,0,0,6.78948e+07,0.764099
0,4300.78,1.58241e+09,0.994019,0.201396,1.00429,0.995728,21853.5,0.012146,0.0752563,1,0,0,6.98358e+07,0.743042
0,3250.56,5.69048e+08,0.993713,0.230786,1.0046,0.995422,22813.5,0.0122681,0.0699463,1,0,0,5.25594e+07,0.757996
0,3442.06,7.76819e+08,0.993347,0.273504,1.00491,0.995117,23874,0.0136108,0.0568237,1,0,0,5.56027e+07,0.786987
0,4809,1.9477e+09,0.992737,0.319799,1.00546,0.994568,31526,0.0236816,0.034668,1,0,0,7.79003e+07,0.831421
0,4978.97,1.95183e+09,0.990601,0.377572,1.00713,0.99292,40310.2,0.0274658,0.0327759,1,0,0,8.04664e+07,0.858459
0,5294,2.09583e+09,0.989319,0.4148,1.00787,0.992188,45669.7,0.029541,0.0313721,1,0,0,8.54927e+07,0.879883
0,5714.75,2.65812e+09,0.908447,0.403221,1.04999,0.952393,38312.6,0.0291748,0.0255737,1,0,0,8.98115e+07,0.86676
0,5489.97,2.48976e+09,0.825623,0.437705,1.09753,0.911133,33391.7,0.0285034,0.0239258,1,0,0,8.34089e+07,0.853271
0,5566.03,2.51324e+09,0.781921,0.479712,1.12504,0.888855,31710.7,0.0281372,0.0223999,1,0,0,8.31355e+07,0.844971
0,5713.16,2.60511e+09,0.720032,0.518134,1.16554,0.857971,29417.2,0.0264282,0.0224609,1,0,0,8.34708e+07,0.833557
0,5801.59,2.61903e+09,0.667542,0.547012,1.20214,0.831848,29057.9,0.0244141,0.0197754,1,0,0,8.31544e+07,0.820496
0,4153.41,1.14203e+09,0.622742,0.490614,1.23504,0.809692,23649.9,0.0181885,0.0116577,1,0,0,5.48849e+07,0.790527
0,5069.44,1.74174e+09,0.722473,0.443194,1.16331,0.859619,22232.3,0.0269775,0.0115967,1,0,0,7.32314e+07,0.788452
0,5367.25,1.88371e+09,0.8255,0.474581,1.10412,0.905701,23971.3,0.036438,0.0119019,1,0,0,7.81793e+07,0.773804
0,5666.41,1.87967e+09,0.907227,0.625142,1.06973,0.934814,18605.5,0.046875,0.0139771,1,0,0,7.9766e+07,0.742615
0,5654.69,1.56566e+09,0.892761,0.683925,1.08217,0.924072,23539.4,0.0510254,0.0132446,1,0,0,7.82884e+07,0.733582
0,6152.47,1.70393e+09,0.817688,0.963044,1.13415,0.881714,27556.5,0.0536499,0.0114746,1,0,0,8.29087e+07,0.727417
0,6607.06,1.821e+09,0.768127,1.37026,1.17676,0.849792,36488.3,0.0567017,0.0135498,1,0,0,8.7231e+07,0.720337
0,7276.72,2.06171e+09,0.724121,1.60275,1.22105,0.81897,39003.4,0.0610962,0.0172729,1,0,0,9.50354e+07,0.711121
0,8756.78,2.66179e+09,0.692688,1.82098,1.25212,0.798645,51137.5,0.0654297,0.0200195,1,0,0,1.1635e+08,0.709229
0,9272.12,2.82725e+09,0.649231,2.41121,1.30197,0.768066,53957.1,0.0690308,0.0263672,1,0,0,1.20649e+08,0.699707
0,9498.06,2.86118e+09,0.62384,2.6827,1.33279,0.750305,61862.7,0.0727539,0.0314941,1,0,0,1.22715e+08,0.696472
0,9690.25,2.89994e+09,0.604492,2.79821,1.35798,0.736389,71366.7,0.0759277,0.0353394,1,0,0,1.24792e+08,0.696228
0,9860.84,2.93309e+09,0.588013,2.88284,1.38122,0.723999,81320.8,0.0786133,0.0390625,1,0,0,1.26595e+08,0.696716
0,13309.5,5.98639e+09,0.574402,2.91999,1.40274,0.712891,89279.5,0.13623,0.0437012,1,0,0,1.82327e+08,0.702698
0,12487.2,5.34276e+09,0.582947,2.86992,1.37381,0.727905,83544.8,0.159241,0.0457764,1,0,0,1.69966e+08,0.678162
0,10418.8,4.54119e+09,0.646423,2.45109,1.24432,0.80365,79554.5,0.21637,0.0456543,1,0,0,1.51948e+08,0.707947
0,9735.12,4.51649e+09,0.651672,1.57744,1.22232,0.818115,74998.1,0.27301,0.0375366,1,0,0,1.45024e+08,0.745605
0,7766.62,3.66186e+09,0.632202,0.465094,1.22717,0.81488,50788.8,0.353699,0.0231323,1,0,0,1.14481e+08,0.775452
0,7905.28,3.72043e+09,0.601318,0.493639,1.25174,0.798889,43974,0.38916,0.0234375,1,0,0,1.15522e+08,0.770508
0,5062.47,7.28864e+08,0.595764,0.593193,1.25895,0.794312,35098.7,0.428467,0.0153198,1,0,0,6.85015e+07,0.776672
0,5068.47,7.7162e+08,0.74176,0.523575,1.15299,0.86731,33515.3,0.43042,0.0133057,1,0,0,7.35109e+07,0.750916
0,5071.75,7.74309e+08,0.692688,0.548187,1.18656,0.842773,33737.9,0.452698,0.0111084,1,0,0,7.18935e+07,0.76001
0,5300.31,9.80235e+08,0.667725,0.557743,1.20435,0.830322,35265.1,0.47168,0.0090332,1,0,0,7.48027e+07,0.782349
0,4920.72,5.77765e+08,0.648132,0.570106,1.21896,0.820374,35429.3,0.483276,0.00640869,1,0,0,6.78912e+07,0.788269
0,4934.41,5.88586e+08,0.659729,0.567388,1.21049,0.826111,36572,0.496338,0.00543213,1,0,0,6.84882e+07,0.783691
0,5084.22,7.22817e+08,0.680054,0.554242,1.19574,0.836304,40018.1,0.485779,0.00518799,1,0,0,7.16232e+07,0.802246
0,4942.75,6.89188e+08,0.626038,0.564727,1.23522,0.80957,31659.6,0.489319,0.00488281,1,0,0,6.7884e+07,0.802063
0,4555.47,5.07102e+08,0.715759,0.384603,1.16612,0.857544,11066.1,0.500549,0.000183105,1,0,0,6.4917e+07,0.789185
0,4608.72,5.5644e+08,0.686584,0.417032,1.18656,0.842773,11189.6,0.496338,0.000244141,1,0,0,6.45852e+07,0.785217
0,4746.91,6.89758e+08,0.673279,0.424171,1.196,0.836121,10826.4,0.490601,0.000305176,1,0,0,6.64028e+07,0.793091
0,4724.22,7.01642e+08,0.632385,0.439113,1.22589,0.815735,10591.1,0.493408,0.000366211,1,0,0,6.46876e+07,0.792358
0,4496.03,4.94197e+08,0.720032,0.386729,1.16331,0.859619,8696.6,0.49823,0.000366211,1,0,0,6.39309e+07,0.785156
0,4535,5.60683e+08,0.680115,0.409539,1.19096,0.839661,8835.78,0.491821,0.000671387,1,0,0,6.32259e+07,0.785767
0,4602.5,6.18047e+08,0.621521,0.434906,1.23392,0.810425,7518.34,0.469177,0.000854492,1,0,0,6.2398e+07,0.802795
0,4329.47,4.13618e+08,0.699585,0.388466,1.1771,0.849548,5499.66,0.477112,0.000793457,1,0,0,6.05911e+07,0.78064
0,4337.72,4.77348e+08,0.653931,0.408704,1.20942,0.826843,4464.15,0.469727,0.000793457,1,0,0,5.92517e+07,0.781555
0,4469.19,6.09143e+08,0.635193,0.416533,1.22314,0.817566,4493.31,0.458862,0.000976562,1,0,0,6.09592e+07,0.803406
0,4255.91,4.07704e+08,0.644287,0.411744,1.21633,0.822144,2717.61,0.466248,0.000854492,1,0,0,5.77966e+07,0.795288
0,4217.62,4.0709e+08,0.652466,0.407531,1.21031,0.826233,3282.75,0.469971,0.000915527,1,0,0,5.74438e+07,0.780151
0,4380.94,5.44257e+08,0.647461,0.410119,1.21399,0.82373,3387.81,0.474426,0.000976562,1,0,0,5.99516e+07,0.793274
0,4325.88,4.75822e+08,0.554199,0.452284,1.28684,0.7771,3019.73,0.445007,0.000610352,1,0,0,5.59165e+07,0.776367
0,4328.19,4.75892e+08,0.650879,0.408355,1.21148,0.825439,3020.48,0.438477,0.000610352,1,0,0,5.91985e+07,0.776428
0,4375.19,5.42494e+08,0.637817,0.415013,1.22114,0.818909,2923.58,0.457642,0.000488281,1,0,0,5.95302e+07,0.773682
0,4233.59,4.05331e+08,0.656738,0.405294,1.20719,0.828369,2792.08,0.461609,0.000305176,1,0,0,5.78452e+07,0.774475
0,4302.75,4.6796e+08,0.601562,0.432306,1.24878,0.800781,2937.83,0.474915,0.000183105,1,0,0,5.71269e+07,0.799683
0,4369,5.34634e+08,0.662109,0.402447,1.20329,0.831055,2964.15,0.475464,0.000183105,1,0,0,6.0244e+07,0.800781
0,4294.59,4.68174e+08,0.699707,0.381392,1.17667,0.849854,3302.37,0.484009,0.00012207,1,0,0,6.02865e+07,0.785583
0,4477.06,6.01505e+08,0.637451,0.415196,1.22141,0.818726,3149.06,0.479004,0.00012207,1,0,0,6.11871e+07,0.805908
0,4252.03,4.0181e+08,0.700195,0.381105,1.17634,0.850098,3231.58,0.483582,0,1,0,0,5.96055e+07,0.784668
0,4441,6.01947e+08,0.68042,0.392442,1.19018,0.84021,3209.03,0.474548,0,1,0,0,6.2038e+07,0.792847
0,4369.28,5.35338e+08,0.704224,0.378726,1.17355,0.852112,2747.93,0.482666,0,1,0,0,6.16617e+07,0.785645
0,4288.72,4.62928e+08,0.705811,0.377782,1.17246,0.852905,2756.64,0.466125,0,1,0,0,6.0395e+07,0.786011
0,4435.91,5.95903e+08,0.687622,0.388378,1.1851,0.843811,2777.02,0.455017,0,1,0,0,6.21962e+07,0.80719
0,4260,3.95805e+08,0.6427,0.412551,1.21751,0.82135,2592.05,0.46637,0,1,0,0,5.78068e+07,0.799133
0,4317,4.6235e+08,0.608154,0.429291,1.24366,0.804077,2880.6,0.462341,0,1,0,0,5.75816e+07,0.799072
0,4993.78,9.97888e+08,0.638794,0.414523,1.22041,0.819397,4118.19,0.456421,0,1,0,0,6.9698e+07,0.802124
0,4564.69,1.08597e+09,0.712036,0.374043,1.1682,0.856018,4065.91,0.3703,0,1,0,0,6.51254e+07,0.788574
0,5444,1.72098e+09,0.711548,0.374339,1.16853,0.855774,4522.8,0.350464,0,1,0,0,7.95156e+07,0.811157
0,4882.56,1.6768e+09,0.712769,0.3736,1.1677,0.856384,3985.6,0.280029,0,1,0,0,7.0358e+07,0.791992
0,5300,1.90948e+09,0.709839,0.37537,1.1697,0.854919,4764.09,0.248718,0,1,0,0,7.7099e+07,0.816345
0,4016.62,1.21676e+09,0.690308,0.386844,1.18322,0.845154,3408.78,0.206848,0,1,0,0,5.54168e+07,0.813599
0,5800.09,2.59269e+09,0.684814,0.389971,1.18707,0.842407,4728.4,0.230469,0,1,0,0,8.44529e+07,0.834351
0,4670.44,1.98518e+09,0.672729,0.396701,1.19565,0.836365,4443.13,0.210083,0,1,0,0,6.55391e+07,0.819458
0,5535.09,2.6082e+09,0.671143,0.397569,1.19679,0.835571,4975.31,0.229126,0,1,0,0,7.96524e+07,0.829346
0,4791.94,2.3508e+09,0.697388,0.382749,1.17828,0.848694,4214.03,0.208496,0,1,0,0,6.83571e+07,0.81665
0,5452,2.80507e+09,0.693237,0.385158,1.18117,0.846619,4880.02,0.221741,0,1,0,0,7.90323e+07,0.834534
0,3995.19,1.56429e+09,0.692749,0.38544,1.18151,0.846375,4662.9,0.156555,0,1,0,0,5.51475e+07,0.788391
0,3915.91,1.54254e+09,0.723083,0.367494,1.16075,0.861511,4913.47,0.194763,0,1,0,0,5.4762e+07,0.798401
0,4339.09,1.65751e+09,0.70813,0.377039,1.17095,0.854004,7279.89,0.21637,0,1,0,0,6.11794e+07,0.833618
0,3907.97,1.22045e+09,0.64386,0.413134,1.21678,0.821838,8356.95,0.153564,6.10352e-05,1,0,0,5.1945e+07,0.799194
0,3975.22,1.25899e+09,0.615173,0.427578,1.23849,0.807434,10412.5,0.182739,6.10352e-05,1,0,0,5.20801e+07,0.805908
0,3919.47,1.01402e+09,0.668518,0.400627,1.19889,0.834106,11299.1,0.17981,6.10352e-05,1,0,0,5.29567e+07,0.808838
0,3584.38,8.28492e+08,0.613403,0.426849,1.23962,0.806702,9492.19,0.184326,6.10352e-05,1,0,0,4.57421e+07,0.806274
0,3233.53,7.99607e+08,0.768311,0.337426,1.13102,0.884155,7628.85,0.203613,6.10352e-05,1,0,0,4.5204e+07,0.79895
0,3625.88,1.0485e+09,0.71875,0.369945,1.16364,0.859375,7925.31,0.221558,6.10352e-05,1,0,0,4.99692e+07,0.818237
0,3640.28,1.05693e+09,0.661865,0.402577,1.20347,0.830933,3845.7,0.251953,0,1,0,0,4.82964e+07,0.819458
0,4052.34,1.1816e+09,0.661499,0.402772,1.20373,0.83075,3846.42,0.237976,0,1,0,0,5.50354e+07,0.826355
0,3371.41,8.18035e+08,0.665161,0.400811,1.20108,0.832581,2396.06,0.209839,0,1,0,0,4.40018e+07,0.806091
0,3927.94,1.12171e+09,0.663696,0.401598,1.20214,0.831848,4646.83,0.230896,0,1,0,0,5.30708e+07,0.822632
0,3612.09,9.1363e+08,0.621948,0.422796,1.23308,0.810974,4359.01,0.204712,0,1,0,0,4.64952e+07,0.804504
0,3938.06,9.81082e+08,0.654053,0.406703,1.20915,0.827026,8229.68,0.193665,0,1,0,0,5.29132e+07,0.807739
0,3538.91,8.87554e+08,0.685547,0.389557,1.18656,0.842773,8300.7,0.202026,0,1,0,0,4.74301e+07,0.797546
0,4332.12,1.26827e+09,0.682007,0.391553,1.18906,0.841003,10445.2,0.225159,0,1,0,0,6.03075e+07,0.827148
0,3784.25,9.8233e+08,0.667114,0.399758,1.19968,0.833557,7986.72,0.230957,0,1,0,0,5.08314e+07,0.817383
0,4441.97,1.16723e+09,0.661499,0.402772,1.20373,0.83075,14604.3,0.220093,0,1,0,0,6.1419e+07,0.829163
0,3771.84,9.28447e+08,0.671387,0.397436,1.19661,0.835693,10042.3,0.211365,0,1,0,0,5.07715e+07,0.818237
0,4368.03,1.09521e+09,0.658081,0.405014,1.2063,0.828979,26010.1,0.240295,0.000183105,1,0,0,6.00888e+07,0.822815
0,7507.09,4.24954e+09,0.686035,0.389721,1.1863,0.842957,25094.7,0.223206,0.00213623,1,0,0,1.12457e+08,0.824097
0,7404.12,4.10958e+09,0.797729,0.31652,1.11259,0.898804,27351.7,0.249817,0.00213623,1,0,0,1.14518e+08,0.840515
0,7701.78,4.44471e+09,0.731689,0.362316,1.15502,0.865784,29386.1,0.320374,0.00653076,1,0,0,1.17179e+08,0.851257
0,6840.53,4.07009e+09,0.714478,0.373018,1.16662,0.857178,24254.5,0.462219,0.017334,1,0,0,1.02491e+08,0.827942
0,6912.81,4.13627e+09,0.669189,0.399066,1.19827,0.834534,24542.6,0.512756,0.0249634,1,0,0,1.02155e+08,0.823303
0,7222.81,4.43671e+09,0.675415,0.395223,1.19373,0.837708,24005.7,0.54303,0.0250244,1,0,0,1.07447e+08,0.837585
0,3821.72,1.20707e+09,0.661011,0.403032,1.20409,0.830505,7887.8,0.542908,0.0228882,1,0,0,5.12404e+07,0.818237
0,3693.88,1.20732e+09,0.790649,0.321317,1.11691,0.895325,7192.77,0.523987,0.0228882,1,0,0,5.34958e+07,0.783752
0,3327.25,8.03993e+08,0.757324,0.372003,1.13873,0.878174,7196.4,0.500671,0.0220337,1,0,0,4.61005e+07,0.752319
0,3975.44,1.26628e+09,0.750732,0.376216,1.14302,0.874878,7433.02,0.492676,0.0182495,1,0,0,5.64992e+07,0.775452
0,4557.09,1.67062e+09,0.585815,0.462911,1.26196,0.792419,4524.91,0.469666,0.00854492,1,0,0,6.04954e+07,0.775696
0,4648.81,1.60948e+09,0.622192,0.446692,1.23364,0.810608,4030.84,0.462463,0.00183105,1,0,0,6.32187e+07,0.789551
0,4712.56,1.67599e+09,0.826416,0.323529,1.09563,0.91272,4028.63,0.43927,0.00183105,1,0,0,7.11158e+07,0.789246
0,3317.88,8.7168e+08,0.690918,0.386494,1.18279,0.845459,6192.42,0.5047,0.000183105,1,0,0,4.3989e+07,0.799805
0,3742.09,1.30391e+09,0.661743,0.402642,1.20356,0.830872,6704.41,0.504639,0.000366211,1,0,0,4.99604e+07,0.801392
0,3976.03,1.3715e+09,0.653442,0.407021,1.2096,0.826721,8515.77,0.502991,0.000427246,1,0,0,5.35148e+07,0.824036
0,3319.62,9.11815e+08,0.839539,0.283736,1.08734,0.919678,10547.2,0.497314,0.000427246,1,0,0,4.89492e+07,0.778137
0,4193.19,1.38325e+09,0.822571,0.297937,1.09746,0.911194,11863.1,0.492004,0.000488281,1,0,0,6.26924e+07,0.824158
0,4557.25,1.74774e+09,0.801941,0.31422,1.11003,0.900879,11637.9,0.494385,0.000488281,1,0,0,6.79649e+07,0.824158
0,4528.69,1.72385e+09,0.647827,0.410536,1.21381,0.823853,11468.3,0.496826,0.000488281,1,0,0,6.23401e+07,0.823669
0,3238.22,8.44881e+08,0.671265,0.397502,1.1967,0.835632,9858.3,0.50415,0.000305176,1,0,0,4.20244e+07,0.799744
0,3862.72,1.36514e+09,0.649902,0.408861,1.21219,0.824951,9911.84,0.501526,0.000427246,1,0,0,5.15395e+07,0.806824
0,3884.34,1.3951e+09,0.616089,0.425585,1.23756,0.808044,9558.52,0.497498,0.000427246,1,0,0,5.07592e+07,0.806885
0,3529.88,1.12366e+09,0.727295,0.364628,1.15788,0.863647,8954.19,0.497742,0.000488281,1,0,0,4.8683e+07,0.792725
0,3050.81,8.2362e+08,0.864746,0.259367,1.07253,0.932373,8224.64,0.507446,0.000549316,1,0,0,4.54461e+07,0.772034
0,3517.84,8.89802e+08,0.863037,0.260981,1.07352,0.931519,9168.99,0.49884,0.000549316,1,0,0,5.30406e+07,0.817505
0,3882.97,1.25482e+09,0.846558,0.276028,1.0831,0.923279,9058.05,0.500305,0.000549316,1,0,0,5.84699e+07,0.817444
0,3330.62,7.87794e+08,0.629761,0.419006,1.22717,0.81488,4681.24,0.527405,0.000244141,1,0,0,4.21458e+07,0.814514
0,3093.12,6.99846e+08,0.619629,0.423906,1.23485,0.809814,6282.1,0.53363,6.10352e-05,1,0,0,3.79146e+07,0.806091
0,3409.19,9.97843e+08,0.663208,0.401859,1.2025,0.831604,6366.15,0.534424,0,1,0,0,4.45553e+07,0.808411
0,3541.25,9.98925e+08,0.666626,0.400022,1.20003,0.833313,6834.64,0.529175,0,1,0,0,4.68337e+07,0.823364
0,3171.81,8.40999e+08,0.831421,0.289094,1.09205,0.91571,6143.18,0.536316,0,1,0,0,4.63104e+07,0.774597
0,3780.47,1.33888e+09,0.783691,0.326441,1.12127,0.891846,5923.12,0.53479,0,1,0,0,5.46811e+07,0.780579
0,4093.22,1.52662e+09,0.762085,0.341744,1.13502,0.881042,5640.51,0.533569,0,1,0,0,5.90802e+07,0.792053
0,4155.59,1.59321e+09,0.695557,0.383815,1.17955,0.847778,4769.28,0.536987,0,1,0,0,5.78698e+07,0.792297
0,4664.88,1.68766e+09,0.694336,0.384523,1.1804,0.847168,3467.83,0.527222,0,1,0,0,6.61729e+07,0.837585
0,5028.94,2.05184e+09,0.678589,0.393464,1.19148,0.839294,3095.35,0.527649,0,1,0,0,7.16093e+07,0.837524
0,3867.81,1.21671e+09,0.726562,0.365089,1.15837,0.863281,3774.91,0.534607,0,1,0,0,5.41952e+07,0.816406
0,3198.06,7.1911e+08,0.643188,0.412303,1.21715,0.821594,5142.62,0.536011,0,1,0,0,4.04244e+07,0.810608
0,2933.97,5.9757e+08,0.670166,0.398102,1.19749,0.835083,6237.84,0.534912,0,1,0,0,3.70028e+07,0.799438
0,3572.47,1.02963e+09,0.66687,0.39989,1.19985,0.833435,6853.49,0.525146,0,1,0,0,4.73533e+07,0.822449
0,3142.59,8.41102e+08,0.860107,0.263725,1.07521,0.930054,6064.21,0.546204,0,1,0,0,4.67942e+07,0.776611
0,3568.62,1.24743e+09,0.828613,0.291446,1.09372,0.914307,6162.5,0.547546,0,1,0,0,5.27176e+07,0.777039
0,4009.91,1.3132e+09,0.827881,0.292056,1.09416,0.91394,7306.93,0.538269,0,1,0,0,5.99229e+07,0.819885
0,4345.44,1.65019e+09,0.813232,0.303962,1.103,0.906616,7159.58,0.53894,0,1,0,0,6.49288e+07,0.819946
0,3278.56,8.13198e+08,0.744873,0.353322,1.14622,0.872437,6006.39,0.553772,0,1,0,0,4.51553e+07,0.796692
0,3263.53,8.80101e+08,0.687988,0.38817,1.18484,0.843994,7035.33,0.546204,0,1,0,0,4.30003e+07,0.796997
0,3812.41,1.284e+09,0.687378,0.388517,1.18527,0.843689,8420.36,0.539612,0,1,0,0,5.19726e+07,0.819458
0,4140.03,1.61298e+09,0.671997,0.397102,1.19617,0.835999,8293.46,0.538208,0,1,0,0,5.68243e+07,0.819336
0,3084.22,8.0307e+08,0.842651,0.279465,1.08539,0.921326,6477.31,0.543457,0,1,0,0,4.52521e+07,0.773804
0,3752.69,1.35647e+09,0.810669,0.305991,1.10456,0.905334,6553.44,0.539551,0,1,0,0,5.51311e+07,0.783325
0,3855.38,1.42294e+09,0.768555,0.337255,1.13087,0.884277,6319.69,0.540771,0,1,0,0,5.54004e+07,0.783691
0,4174.72,1.57993e+09,0.767944,0.337682,1.13126,0.883972,6341.68,0.535156,0,1,0,0,6.06121e+07,0.800842
0,4273.25,1.66532e+09,0.749878,0.350008,1.14294,0.874939,6103.58,0.535339,0,1,0,0,6.16202e+07,0.800842
0,4339.62,1.73186e+09,0.643799,0.411992,1.21669,0.821899,4704.3,0.53894,0,1,0,0,5.91483e+07,0.800842
0,4222.09,1.41318e+09,0.681396,0.391895,1.18949,0.840698,4053.98,0.559631,0,1,0,0,5.84842e+07,0.820862
0,3770.97,9.36713e+08,0.574097,0.444254,1.27057,0.787048,3970.12,0.476868,0,1,0,0,4.74926e+07,0.760132
0,4128.81,1.11789e+09,0.660645,0.403227,1.20435,0.830322,4185.6,0.472412,0,1,0,0,5.62596e+07,0.787048
0,3322.59,9.07537e+08,0.671875,0.397169,1.19626,0.835938,6902.53,0.510681,0,1,0,0,4.34273e+07,0.781738
0,3501.47,1.1342e+09,0.719971,0.369193,1.16281,0.859985,6195.8,0.549194,0,1,0,0,4.79718e+07,0.794373
0,3634.44,1.268e+09,0.808228,0.307909,1.10606,0.904114,6195.8,0.548767,0,1,0,0,5.31118e+07,0.794373
0,3352,1.07179e+09,0.782471,0.32733,1.12204,0.891235,5638.96,0.556458,0,1,0,0,4.76201e+07,0.784485
0,3978.69,1.45827e+09,0.688843,0.387682,1.18424,0.844421,4602.67,0.543396,0,1,0,0,5.47461e+07,0.797119
0,4866.94,2.1173e+09,0.688354,0.387961,1.18459,0.844177,4292.58,0.537476,0,1,0,0,6.92828e+07,0.819763
0,4385.12,1.69129e+09,0.64563,0.411058,1.21534,0.822815,3553.95,0.541992,0,1,0,0,5.99552e+07,0.803223
0,5572.38,2.89107e+09,0.738159,0.3577,1.15064,0.86908,3587.32,0.541016,0,1,0,0,8.25119e+07,0.80188
0,5217.69,2.62474e+09,0.654175,0.406639,1.20906,0.827087,4027.68,0.532776,0,1,0,0,7.38826e+07,0.802307
0,4889.62,2.32018e+09,0.682129,0.391484,1.18897,0.841064,3656.11,0.535034,0,1,0,0,6.94456e+07,0.798767
0,4959.5,2.38727e+09,0.762939,0.341155,1.13447,0.88147,3715.63,0.536499,0,1,0,0,7.3302e+07,0.798767
0,4634.09,2.18284e+09,0.660278,0.403422,1.20462,0.830139,3575.69,0.537354,0,1,0,0,6.45258e+07,0.800903
0,4895.75,2.31594e+09,0.658447,0.404392,1.20595,0.829224,3726.57,0.531738,0,1,0,0,6.87514e+07,0.81781
0,3608.34,1.12527e+09,0.717285,0.370845,1.16463,0.858643,3406.42,0.529724,0,1,0,0,4.96328e+07,0.792969
0,4066.28,1.42351e+09,0.716675,0.371219,1.16504,0.858337,3487.61,0.528076,0,1,0,0,5.71151e+07,0.810852
0,4063.34,1.3666e+09,0.643677,0.412054,1.21678,0.821838,2933.96,0.526245,0,1,0,0,5.46176e+07,0.799927
0,4376.47,1.53098e+09,0.717529,0.370696,1.16446,0.858765,3186.3,0.516724,0,1,0,0,6.22259e+07,0.820557
0,3796.03,1.24522e+09,0.649902,0.408861,1.21219,0.824951,4111.79,0.531128,0,1,0,0,5.04468e+07,0.799255
0,3903.25,1.15873e+09,0.733765,0.360526,1.15356,0.866882,5318.79,0.532471,0,1,0,0,5.50175e+07,0.824951
0,4025.28,1.25972e+09,0.779541,0.329451,1.12389,0.889771,5537.61,0.528137,0,1,0,0,5.85528e+07,0.833984
0,3189.34,8.24153e+08,0.629883,0.418946,1.22708,0.814941,9013.89,0.546143,0,1,0,0,3.98351e+07,0.805359
0,3396.53,9.53336e+08,0.703491,0.379161,1.17406,0.851746,8076.34,0.561646,0,1,0,0,4.56996e+07,0.813599
0,3460.28,1.02001e+09,0.866089,0.258091,1.07176,0.933044,8065.65,0.569824,0,1,0,0,5.21999e+07,0.813293
0,3525.06,9.50617e+08,0.707153,0.376981,1.17154,0.853577,6939.06,0.486023,0,1,0,0,4.79283e+07,0.74585
0,4095.16,1.35606e+09,0.706665,0.377273,1.17188,0.853333,6997.64,0.479614,0,1,0,0,5.72524e+07,0.764709
0,4589.84,1.69269e+09,0.571289,0.445419,1.27284,0.785645,5200.49,0.480835,0,1,0,0,6.08148e+07,0.764709
0,4644.56,1.555e+09,0.632202,0.417805,1.22534,0.816101,4417.08,0.468445,0,1,0,0,6.37553e+07,0.786743
0,3983.47,1.43098e+09,0.646606,0.410558,1.21462,0.823303,4698.21,0.530945,0,1,0,0,5.34072e+07,0.793945
0,3996.38,1.30467e+09,0.656006,0.405679,1.20773,0.828003,4773.36,0.54425,0,1,0,0,5.39341e+07,0.822083
0,3896.06,1.33696e+09,0.631592,0.418106,1.2258,0.815796,4563.62,0.546509,0,1,0,0,5.14714e+07,0.805115
0,3946.88,1.30236e+09,0.750977,0.349275,1.14222,0.875488,4549.53,0.545105,0,1,0,0,5.63098e+07,0.814575
0,3214.28,8.03126e+08,0.718628,0.37002,1.16372,0.859314,5206.1,0.550354,0,1,0,0,4.32215e+07,0.792847
0,3710.16,1.16644e+09,0.717651,0.370621,1.16438,0.858826,6078.72,0.55957,0,1,0,0,5.13132e+07,0.813965
0,3587.66,1.01424e+09,0.615845,0.425701,1.23774,0.807922,5274.78,0.513489,0,1,0,0,4.589e+07,0.780823
0,3748.31,1.16556e+09,0.729492,0.363242,1.15641,0.864746,5353.29,0.513367,0,1,0,0,5.23356e+07,0.780823
0,3614.94,1.09052e+09,0.661865,0.402577,1.20347,0.830933,5035,0.510498,0,1,0,0,4.78812e+07,0.774353
0,4046.38,1.3114e+09,0.660156,0.403487,1.20471,0.830078,5109.04,0.502991,0,1,0,0,5.48925e+07,0.797119
0,3751.94,1.13407e+09,0.657715,0.404779,1.20648,0.828857,4042.32,0.522156,0,1,0,0,4.99866e+07,0.787842
0,4094.81,1.31941e+09,0.74585,0.352679,1.14557,0.872925,4064.89,0.536926,0,1,0,0,5.85615e+07,0.828491
0,3238.91,8.44073e+08,0.717773,0.370546,1.1643,0.858887,5354.73,0.553467,0,1,0,0,4.35963e+07,0.792969
0,3703.75,1.21483e+09,0.714478,0.372561,1.16654,0.857239,5741.57,0.547241,0,1,0,0,5.11017e+07,0.807922
0,3563.69,1.0786e+09,0.633057,0.417383,1.2247,0.816528,5181.19,0.542664,0,1,0,0,4.60749e+07,0.803955
0,3763.38,1.27955e+09,0.74353,0.354204,1.1471,0.871765,5376.35,0.542603,0,1,0,0,5.30534e+07,0.803955
0,3596.97,1.2019e+09,0.712769,0.3736,1.1677,0.856384,5146.09,0.542664,0,1,0,0,4.92948e+07,0.79425
0,4505.09,1.48625e+09,0.688599,0.387822,1.18441,0.844299,21293.8,0.520142,0,1,0,0,6.33626e+07,0.797241
0,4678.09,1.49354e+09,0.663696,0.401598,1.20214,0.831848,25351.9,0.499817,0,1,0,0,6.53614e+07,0.80011
0,5648.06,1.76268e+09,0.650391,0.408608,1.21183,0.825195,42373.2,0.483582,0,1,0,0,8.08069e+07,0.811523
0,5093.91,1.27072e+09,0.696167,0.38346,1.17913,0.848083,38949.1,0.491577,0,1,0,0,7.32636e+07,0.796204
0,5486,1.59132e+09,0.621094,0.423206,1.23373,0.810547,40785.4,0.493164,0,1,0,0,7.71686e+07,0.80658
0,5372.31,1.43501e+09,0.729614,0.363165,1.15633,0.864807,41414,0.492676,0,1,0,0,7.89473e+07,0.810547
0,5437.12,1.52082e+09,0.72583,0.365548,1.15886,0.862915,43031,0.494751,0,1,0,0,7.98822e+07,0.809998
0,5495.28,1.58684e+09,0.619385,0.424022,1.23504,0.809692,43111.7,0.495911,0,1,0,0,7.72634e+07,0.809692
0,4859,1.53217e+09,0.615356,0.425931,1.23812,0.807678,29063.7,0.516174,0,1,0,0,6.67034e+07,0.807617
0,3839.09,1.23365e+09,0.640503,0.413663,1.21914,0.820251,8575.9,0.531799,0,1,0,0,5.0837e+07,0.791748
0,3999.56,1.30107e+09,0.63269,0.417564,1.22497,0.816345,9812.83,0.52417,0,1,0,0,5.3204e+07,0.804382
0,3805.78,1.18515e+09,0.620483,0.423498,1.2342,0.810242,9303.39,0.524353,0,1,0,0,4.9623e+07,0.794067
0,3901.97,1.3489e+09,0.732056,0.361616,1.1547,0.866028,9643.07,0.52124,0,1,0,0,5.49427e+07,0.780457
0,3870.41,1.23266e+09,0.763672,0.34065,1.134,0.881836,9985.62,0.521729,0,1,0,0,5.54865e+07,0.790161
0,4224.66,1.44845e+09,0.645996,0.410871,1.21507,0.822998,7773.42,0.518005,6.10352e-05,1,0,0,5.73384e+07,0.789978
0,4651.41,1.619e+09,0.645264,0.411245,1.21561,0.822632,8036.33,0.510315,6.10352e-05,1,0,0,6.43057e+07,0.818298
0,3972.66,1.37126e+09,0.613892,0.42662,1.23924,0.806946,5099.78,0.544312,0.00012207,1,0,0,5.21324e+07,0.806519
0,3948.88,1.29883e+09,0.672729,0.396701,1.19565,0.836365,4554.72,0.541992,0.000183105,1,0,0,5.3717e+07,0.816223
0,4061.88,1.41935e+09,0.668945,0.398766,1.19836,0.834473,6252.2,0.544312,0.000183105,1,0,0,5.5445e+07,0.809814
0,3737.75,1.20713e+09,0.662231,0.402382,1.2032,0.831116,6363.12,0.5495,0.000244141,1,0,0,4.99092e+07,0.800171
0,3989.91,1.2471e+09,0.696045,0.383531,1.17921,0.848022,7051.06,0.539307,0.000183105,1,0,0,5.51752e+07,0.830872
0,3777.41,1.24687e+09,0.729858,0.363011,1.15616,0.864929,6835.48,0.536133,0.000183105,1,0,0,5.28282e+07,0.80658
0,3874.91,1.32107e+09,0.614502,0.426333,1.23877,0.807251,6876.9,0.534424,0.000305176,1,0,0,5.05426e+07,0.806519
0,3636.38,1.06729e+09,0.741211,0.355719,1.14863,0.870605,6928.67,0.533386,0.000244141,1,0,0,5.08826e+07,0.808777
0,3603.84,1.09266e+09,0.673218,0.396433,1.1953,0.836609,4870.57,0.529053,0.000244141,1,0,0,4.80681e+07,0.799255
0,3886.56,1.37179e+09,0.774536,0.333035,1.12706,0.887268,4878.31,0.527527,0.000366211,1,0,0,5.60998e+07,0.799194
0,3738.44,1.10364e+09,0.85376,0.269565,1.07889,0.92688,5036.88,0.528687,0.000366211,1,0,0,5.63313e+07,0.812622
0,4008.28,1.39519e+09,0.629761,0.419006,1.22717,0.81488,6644.5,0.534607,0.000244141,1,0,0,5.32485e+07,0.812622
0,3197.19,7.81565e+08,0.717529,0.370696,1.16446,0.858765,6895.43,0.537231,0.000366211,1,0,0,4.29046e+07,0.792908
0,3735.25,1.14613e+09,0.714478,0.372561,1.16654,0.857239,7714.3,0.527954,0.000305176,1,0,0,5.16178e+07,0.820862
0,2877.78,7.0284e+08,0.796753,0.316738,1.11312,0.898376,7650.12,0.502625,0.000732422,1,0,0,4.03297e+07,0.781921
0,3268.28,9.69745e+08,0.793945,0.318854,1.11486,0.896973,7863.89,0.497375,0.000732422,1,0,0,4.66335e+07,0.796143
0,3628.34,1.2234e+09,0.691284,0.386284,1.18253,0.845642,6947.78,0.480164,0.000671387,1,0,0,4.9088e+07,0.796387
0,3389.69,8.43912e+08,0.723022,0.367301,1.16075,0.861511,4036.72,0.501221,0.00012207,1,0,0,4.62428e+07,0.791565
0,3310.91,9.13174e+08,0.717773,0.370546,1.1643,0.858887,5471.12,0.538574,0,1,0,0,4.47759e+07,0.792847
0,4091.47,1.66094e+09,0.661621,0.402707,1.20364,0.830811,5689.89,0.530212,0,1,0,0,5.56805e+07,0.800476
0,3325.31,9.30402e+08,0.659668,0.403746,1.20506,0.829834,6267.92,0.529358,0,1,0,0,4.30623e+07,0.801086
0,3133.88,8.19901e+08,0.828491,0.291547,1.0938,0.914246,5251.18,0.547974,0,1,0,0,4.55905e+07,0.777466
0,4030.69,1.65865e+09,0.801636,0.313017,1.1101,0.900818,5245.8,0.549927,0,1,0,0,5.93828e+07,0.78125
0,4554.84,1.78562e+09,0.630249,0.418766,1.22681,0.815125,4332.38,0.550232,0,1,0,0,6.22198e+07,0.804993
0,4612.31,1.87873e+09,0.707764,0.376616,1.17112,0.853882,4157.21,0.551392,0,1,0,0,6.57623e+07,0.795471
0,4751.25,2.0172e+09,0.690186,0.386914,1.1833,0.845093,3885.36,0.538147,0,1,0,0,6.74488e+07,0.784485
0,5177.31,2.12812e+09,0.689453,0.387333,1.18382,0.844727,3857.95,0.539734,0,1,0,0,7.44049e+07,0.831421
0,3285.38,6.95896e+08,0.580322,0.441633,1.26556,0.790161,5275.02,0.499268,0,1,0,0,3.97455e+07,0.774841
0,2826.47,4.44666e+08,0.824463,0.294883,1.09621,0.912231,6105,0.520996,0,1,0,0,4.04188e+07,0.760498
0,3316.75,9.13512e+08,0.714844,0.372338,1.16629,0.857422,5760.44,0.552368,0,1,0,0,4.47734e+07,0.792908
0,4101.28,1.65567e+09,0.646729,0.410495,1.21453,0.823364,6080.96,0.545227,0,1,0,0,5.53416e+07,0.802429
0,3439.06,1.11167e+09,0.75415,0.347146,1.14015,0.877075,5300.35,0.540405,0,1,0,0,4.80963e+07,0.789978
0,3551.25,1.19931e+09,0.841919,0.280104,1.08582,0.920959,5431.36,0.539734,0,1,0,0,5.28794e+07,0.789429
0,3649.19,1.26576e+09,0.778931,0.32989,1.12427,0.889465,5201.8,0.540161,0,1,0,0,5.23704e+07,0.784241
0,4120.16,1.66557e+09,0.709351,0.375664,1.17003,0.854675,4664.43,0.534668,0,1,0,0,5.77521e+07,0.794128
0,3450.75,7.78014e+08,0.649902,0.408861,1.21219,0.824951,3585.05,0.532593,0,1,0,0,4.47898e+07,0.802124
0,3310.94,9.13404e+08,0.715942,0.371667,1.16554,0.857971,5680.11,0.547302,0,1,0,0,4.4715e+07,0.793274
0,3466.06,1.24119e+09,0.788818,0.322675,1.11806,0.894409,5461.3,0.532593,0,1,0,0,4.97019e+07,0.767212
0,4111.75,1.6604e+09,0.692261,0.385722,1.18185,0.84613,6298.73,0.527954,0,1,0,0,5.70409e+07,0.780945
0,4597.56,2.03786e+09,0.661255,0.402902,1.20391,0.830627,11737.2,0.52533,0,1,0,0,6.39601e+07,0.790466
0,4668.84,2.10477e+09,0.622681,0.422444,1.23253,0.81134,11204.6,0.524414,0,1,0,0,6.38336e+07,0.790283
0,3657.28,1.02904e+09,0.651855,0.407848,1.21076,0.825928,11810.7,0.515564,0,1,0,0,4.82391e+07,0.787231
0,3894.12,1.28891e+09,0.751587,0.348867,1.14182,0.875793,11857.3,0.513,6.10352e-05,1,0,0,5.54414e+07,0.784973
0,3705.84,9.34975e+08,0.640259,0.413786,1.21932,0.820129,11127,0.541626,6.10352e-05,1,0,0,4.86211e+07,0.803467
0,3311.84,9.13331e+08,0.715698,0.371817,1.16571,0.857849,5898.94,0.547607,6.10352e-05,1,0,0,4.47217e+07,0.793274
0,4024.06,1.64304e+09,0.674438,0.395761,1.19443,0.837219,6474.96,0.543457,6.10352e-05,1,0,0,5.50062e+07,0.79895
0,3284.78,9.12543e+08,0.64624,0.410746,1.21489,0.82312,8218.42,0.541199,6.10352e-05,1,0,0,4.19476e+07,0.802734
0,3384.78,9.90045e+08,0.732544,0.361305,1.15437,0.866272,8301.57,0.540955,6.10352e-05,1,0,0,4.64819e+07,0.802673
0,3413.66,1.05658e+09,0.770142,0.336142,1.12985,0.885071,7904.52,0.544922,6.10352e-05,1,0,0,4.82166e+07,0.785217
0,3421.78,8.64428e+08,0.619995,0.423731,1.23457,0.809998,10061.3,0.542664,6.10352e-05,1,0,0,4.33116e+07,0.80603
0,3781.56,1.20532e+09,0.679688,0.392851,1.1907,0.839844,9346.36,0.536621,6.10352e-05,1,0,0,5.12092e+07,0.810303
0,3662.03,1.1278e+09,0.66687,0.39989,1.19985,0.833435,8798.49,0.528748,6.10352e-05,1,0,0,4.88207e+07,0.799133
0,3791.56,1.23671e+09,0.709595,0.375517,1.16987,0.854797,6444.54,0.495789,6.10352e-05,1,0,0,5.23766e+07,0.793884
0,4714.09,1.98872e+09,0.666504,0.400088,1.20012,0.833252,4782.19,0.48822,0,1,0,0,6.60454e+07,0.800598
0,5174.22,2.45562e+09,0.739746,0.356672,1.14959,0.869873,4965.07,0.495239,0,1,0,0,7.60417e+07,0.800598
0,4318.31,1.85722e+09,0.697632,0.382607,1.17811,0.848816,4283.02,0.559814,0,1,0,0,6.06054e+07,0.808044
0,2786.16,4.98352e+08,0.760376,0.342917,1.13612,0.880188,4733.51,0.421204,0,1,0,0,3.76079e+07,0.788208
0,2823.88,5.65119e+08,0.711426,0.374413,1.16862,0.855713,5587.84,0.431458,0,1,0,0,3.65834e+07,0.796204
0,3116.94,8.45124e+08,0.825684,0.293877,1.09548,0.912842,6340.4,0.43335,0,1,0,0,4.52188e+07,0.787903
0,3249.25,9.0783e+08,0.711304,0.374486,1.1687,0.855652,5329.92,0.444275,0,1,0,0,4.35487e+07,0.813232
0,3203.16,9.15073e+08,0.830444,0.289914,1.09263,0.915222,5065.11,0.433533,0,1,0,0,4.67912e+07,0.786499
0,4009.16,1.68731e+09,0.796387,0.317015,1.11335,0.898193,6145.17,0.451233,0,1,0,0,5.88539e+07,0.804749
0,4167.44,1.8158e+09,0.752197,0.348458,1.14142,0.876099,5808.58,0.462158,0,1,0,0,5.99644e+07,0.819092
0,3497.97,1.10013e+09,0.630005,0.418886,1.22699,0.815002,6422.59,0.34668,0,1,0,0,4.48957e+07,0.810425
0,3522.78,1.06154e+09,0.661255,0.402902,1.20391,0.830627,5839.01,0.338867,0,1,0,0,4.63508e+07,0.82251
0,3572.09,1.00817e+09,0.645264,0.411848,1.2157,0.822571,5826.42,0.345032,0,1,0,0,4.65812e+07,0.816162
0,3258.72,9.51667e+08,0.823914,0.296841,1.09665,0.911865,5084.93,0.436646,0,1,0,0,4.74271e+07,0.79071
0,4128.66,1.79491e+09,0.798645,0.31673,1.11206,0.899231,5236.68,0.442139,0,1,0,0,6.08323e+07,0.805115
0,4329.78,1.92786e+09,0.72998,0.364446,1.15625,0.864868,4847.1,0.420776,0,1,0,0,6.18214e+07,0.819397
0,4735.91,2.0276e+09,0.715332,0.374551,1.1662,0.857483,7885.12,0.356262,0,1,0,0,6.79675e+07,0.828186
0,3895.06,1.28081e+09,0.732422,0.36185,1.15453,0.86615,6551.9,0.329895,6.10352e-05,1,0,0,5.48219e+07,0.804138
0,4950.38,2.10582e+09,0.732117,0.362278,1.15478,0.865967,8843.54,0.333862,6.10352e-05,1,0,0,7.20753e+07,0.838623
0,5136.44,2.15168e+09,0.707764,0.381246,1.17146,0.853638,8784.33,0.292908,0.00012207,1,0,0,7.42226e+07,0.839722
0,4340.91,1.41585e+09,0.622314,0.429564,1.23346,0.81073,15971.7,0.242004,0.000488281,1,0,0,5.83004e+07,0.805542
0,3840.97,1.31612e+09,0.67981,0.397286,1.19096,0.839661,15059.3,0.328003,0.000427246,1,0,0,5.20596e+07,0.807068
0,4596.91,2.04827e+09,0.651001,0.412688,1.21174,0.825256,14987.2,0.299744,0.000427246,1,0,0,6.34783e+07,0.802368
0,3368.09,9.70746e+08,0.811523,0.305316,1.10404,0.905762,10137.3,0.296143,0.000366211,1,0,0,4.88586e+07,0.785767
0,3427.31,1.03739e+09,0.773193,0.333988,1.12791,0.886597,10524.8,0.338623,0.000305176,1,0,0,4.85427e+07,0.794983
0,4420.75,1.87801e+09,0.772583,0.33442,1.1283,0.886292,11236.1,0.355591,6.10352e-05,1,0,0,6.47987e+07,0.813599
0,4558.81,1.95347e+09,0.714111,0.372784,1.16679,0.857056,8675.04,0.335144,0.000244141,1,0,0,6.50988e+07,0.798584
0,4707.97,2.07497e+09,0.685303,0.389695,1.18673,0.842651,6546.72,0.307251,0.000366211,1,0,0,6.65636e+07,0.792847
0,4995.81,2.26207e+09,0.666016,0.402309,1.20064,0.832886,9676.4,0.264587,0.000549316,1,0,0,7.05505e+07,0.793701
0,5457.19,2.47038e+09,0.661865,0.406585,1.20373,0.83075,12078.9,0.261169,0.000610352,1,0,0,7.79295e+07,0.823975
0,5128.12,2.03999e+09,0.60199,0.440224,1.24888,0.80072,12351.7,0.249695,0.000793457,1,0,0,7.04614e+07,0.799927
0,4813.59,1.87418e+09,0.733154,0.376284,1.15445,0.866211,10519.2,0.248718,0.000793457,1,0,0,6.96663e+07,0.776245
0,4744.66,1.87594e+09,0.717163,0.386017,1.16521,0.858215,15262.9,0.302856,0.000854492,1,0,0,6.80003e+07,0.795044
0,5215.94,2.33148e+09,0.694641,0.404239,1.18083,0.846863,18893.3,0.342957,0.0012207,1,0,0,7.49353e+07,0.80896
0,5648.81,2.47066e+09,0.693481,0.410651,1.18177,0.846191,22514,0.262695,0.00146484,1,0,0,8.19579e+07,0.830505
0,5097.62,1.97809e+09,0.694641,0.413609,1.18108,0.84668,21654.5,0.232971,0.00177002,1,0,0,7.29354e+07,0.809082
0,3444.72,9.49282e+08,0.722046,0.373069,1.16182,0.860718,20425.2,0.395508,0.00128174,1,0,0,4.69929e+07,0.806641
0,4021.34,1.4719e+09,0.703979,0.385046,1.17414,0.851685,22771.9,0.419556,0.00158691,1,0,0,5.58223e+07,0.820557
0,4141.91,1.55764e+09,0.651733,0.41291,1.2113,0.825562,19098.4,0.362793,0.00164795,1,0,0,5.60568e+07,0.808105
0,3853.66,1.18346e+09,0.75238,0.351887,1.14166,0.875916,22183.9,0.297363,0.00146484,1,0,0,5.47251e+07,0.820557
0,4164.28,1.55924e+09,0.836792,0.289913,1.08922,0.918091,19550.8,0.285095,0.00152588,1,0,0,6.26324e+07,0.793091
0,3758.44,1.16681e+09,0.82135,0.304971,1.09857,0.910278,18280.5,0.266235,0.00140381,1,0,0,5.54342e+07,0.774292
0,3856.91,1.25173e+09,0.758057,0.3552,1.13817,0.878601,20703.1,0.266052,0.00134277,1,0,0,5.48849e+07,0.778748
0,4019.34,1.35556e+09,0.723816,0.387135,1.16108,0.861267,24355,0.265808,0.00170898,1,0,0,5.63215e+07,0.78302
0,4247.5,1.55971e+09,0.698242,0.404589,1.17862,0.84845,27514.3,0.265869,0.00177002,1,0,0,5.91872e+07,0.787842
0,4631.31,1.67244e+09,0.697266,0.416835,1.17947,0.847839,31857.2,0.240601,0.00177002,1,0,0,6.53732e+07,0.804993
0,5186,2.05687e+09,0.639099,0.45768,1.22159,0.818604,32127.7,0.196899,0.00201416,1,0,0,7.245e+07,0.785706
0,5337.38,2.06553e+09,0.585815,0.501505,1.26303,0.791748,31533.1,0.138611,0.00213623,1,0,0,7.30419e+07,0.770264
0,4630.44,1.44892e+09,0.595642,0.496595,1.25519,0.796692,32082.1,0.19751,0.00177002,1,0,0,6.18035e+07,0.78125
0,5073.25,1.7356e+09,0.619995,0.507305,1.23643,0.808777,31170,0.224426,0.00170898,1,0,0,6.98081e+07,0.792603
0,5094.38,1.73811e+09,0.692932,0.487452,1.18322,0.845154,31128.6,0.228149,0.00177002,1,0,0,7.25463e+07,0.792358
0,5265.69,1.96504e+09,0.777954,0.450768,1.12651,0.887695,29510.5,0.240234,0.00158691,1,0,0,7.81957e+07,0.781555
0,5037.03,1.77616e+09,0.713928,0.47606,1.16862,0.855713,28768.7,0.241333,0.00213623,1,0,0,7.23548e+07,0.785217
0,3498.78,9.45399e+08,0.707153,0.428249,1.17271,0.852722,18898.5,0.434448,0.00146484,1,0,0,4.70963e+07,0.813477
0,4129.19,1.48288e+09,0.661194,0.452657,1.20524,0.829712,21379.5,0.390625,0.00158691,1,0,0,5.58561e+07,0.808838
0,4222.66,1.56601e+09,0.628723,0.465116,1.22929,0.813477,17469.7,0.316772,0.00158691,1,0,0,5.6298e+07,0.809448
0,4310.09,1.57347e+09,0.703369,0.43938,1.17591,0.850403,16168.5,0.304932,0.00183105,1,0,0,6.01001e+07,0.805176
0,4850.28,1.72661e+09,0.773987,0.60419,1.14405,0.874084,13687.2,0.308411,0.0032959,1,0,0,6.24241e+07,0.766418
0,5106.28,1.53555e+09,0.801697,0.720914,1.13683,0.879639,14003.1,0.300781,0.00390625,1,0,0,6.08195e+07,0.735718
0,5511.38,1.6618e+09,0.777222,0.72482,1.15259,0.867615,21118.3,0.294434,0.00378418,1,0,0,6.6942e+07,0.748901
0,5715.47,1.82954e+09,0.762024,0.732618,1.16281,0.859985,23911.8,0.294861,0.00360107,1,0,0,6.98076e+07,0.770264
0,6363.12,2.31243e+09,0.754761,0.743436,1.1697,0.854919,23853,0.310242,0.00439453,1,0,0,8.00399e+07,0.784912
0,7596.53,2.79136e+09,0.738037,0.760958,1.18467,0.844116,31230.5,0.314941,0.00549316,1,0,0,9.87208e+07,0.789124
0,8175.81,3.01331e+09,0.683289,0.787494,1.22451,0.81665,36314.5,0.267883,0.0057373,1,0,0,1.05304e+08,0.772766
0,8289,3.03495e+09,0.608765,0.814521,1.28291,0.77948,33968,0.14386,0.00610352,1,0,0,1.04698e+08,0.757812
0,8653.81,3.32762e+09,0.592651,0.827104,1.29661,0.77124,37338.8,0.0992432,0.00622559,1,0,0,1.10073e+08,0.765442
0,8489.81,3.13776e+09,0.633972,0.811643,1.26293,0.791809,37962.3,0.0925293,0.00665283,1,0,0,1.08791e+08,0.768677
0,8383.28,2.99972e+09,0.666321,0.791249,1.23728,0.808228,38791.8,0.106812,0.00653076,1,0,0,1.08237e+08,0.788818
0,6228.22,2.38959e+09,0.651184,0.462093,1.21814,0.820923,29578.9,0.216003,0.00427246,1,0,0,8.85197e+07,0.809753
0,5951.5,2.12942e+09,0.780945,0.348389,1.12489,0.888977,29533,0.227966,0.00250244,1,0,0,8.97633e+07,0.829041
0,3224.38,8.93173e+08,0.708984,0.375884,1.17029,0.854492,5441.21,0.427612,0.000915527,1,0,0,4.30633e+07,0.812195
0,3805.53,1.3428e+09,0.704712,0.378436,1.17322,0.852356,5587.53,0.42865,0.000976562,1,0,0,5.24293e+07,0.825439
0,3935.06,1.41162e+09,0.645142,0.411911,1.21579,0.82251,6881.75,0.379944,0.0010376,1,0,0,5.2524e+07,0.804626
0,4023.38,1.47816e+09,0.600464,0.433387,1.24973,0.800171,6438.35,0.329346,0.000976562,1,0,0,5.24718e+07,0.793213
0,3755.81,1.1234e+09,0.674194,0.396515,1.19469,0.837036,8617.61,0.312866,0.000976562,1,0,0,5.0562e+07,0.799377
0,3315.78,9.2396e+08,0.747314,0.354211,1.14493,0.873413,7591.62,0.27771,0.00140381,1,0,0,4.57815e+07,0.768005
0,3561.06,1.05724e+09,0.74585,0.355173,1.14589,0.872681,7962.94,0.294312,0.0012207,1,0,0,4.9751e+07,0.791077
0,3912.19,1.27795e+09,0.683594,0.43122,1.18992,0.840393,13404.8,0.29364,0.0010376,1,0,0,5.31405e+07,0.777222
0,4164.5,1.30027e+09,0.640137,0.727817,1.22828,0.814148,17845.1,0.274597,0.00177002,1,0,0,5.48823e+07,0.765137
0,4552.69,1.35618e+09,0.61322,1.0314,1.25471,0.796997,28715.1,0.218384,0.00335693,1,0,0,5.96029e+07,0.758972
0,4893.97,1.46496e+09,0.595337,1.13113,1.27363,0.785156,40364.2,0.17218,0.00549316,1,0,0,6.40266e+07,0.756409
0,5457.88,1.75009e+09,0.592224,1.13319,1.27651,0.783386,43602.7,0.120972,0.00598145,1,0,0,7.31469e+07,0.772034
0,5228.84,1.4949e+09,0.58075,1.17374,1.28977,0.77533,43949.2,0.0785522,0.0078125,1,0,0,6.86003e+07,0.734741
0,5262.56,1.38898e+09,0.556458,1.40505,1.31938,0.757935,51017.1,0.0780029,0.0098877,1,0,0,6.73613e+07,0.730713
0,5514.41,1.41779e+09,0.51416,1.84342,1.36876,0.730591,55560.8,0.0804443,0.0122681,1,0,0,6.88829e+07,0.729431
0,5481.5,1.32301e+09,0.623169,2.04618,1.2795,0.781555,59537.5,0.0693359,0.013855,1,0,0,7.12755e+07,0.712769
0,5572.53,1.24653e+09,0.606384,2.27519,1.30073,0.768799,67638.4,0.0726929,0.0180664,1,0,0,7.15162e+07,0.72699
0,5773.47,1.34961e+09,0.593201,2.31341,1.31662,0.759521,82853.7,0.0756836,0.0214233,1,0,0,7.41181e+07,0.737793
0,5835.94,1.38241e+09,0.624207,2.28063,1.27681,0.783203,81814.4,0.0721436,0.0271606,1,0,0,7.68773e+07,0.733398
0,5624.75,1.36208e+09,0.624878,2.17471,1.27522,0.78418,79744.7,0.0722046,0.0304565,1,0,0,7.40767e+07,0.750366
0,6318.72,2.14879e+09,0.627991,2.15213,1.27215,0.786072,78433.4,0.086731,0.0306396,1,0,0,8.58588e+07,0.765442
0,5764.25,1.99804e+09,0.663086,1.92716,1.23021,0.812866,55171.5,0.0654907,0.0299683,1,0,0,7.91025e+07,0.737
0,5740.75,2.05929e+09,0.748047,1.54453,1.15356,0.866882,59040.4,0.0809937,0.0267334,1,0,0,8.28913e+07,0.789856
0,4437.5,1.8774e+09,0.688171,0.390167,1.18501,0.843872,5750.41,0.0621948,0.0159302,1,0,0,6.21809e+07,0.795166
0,5271.56,2.55039e+09,0.69458,0.385903,1.18049,0.847107,9687.41,0.0870972,0.0145264,1,0,0,7.60755e+07,0.801697
0,5636.59,2.7281e+09,0.651001,0.408717,1.21148,0.825439,9629.4,0.138306,0.00891113,1,0,0,8.0639e+07,0.81012
0,5046.09,2.02761e+09,0.681519,0.391827,1.1894,0.840759,8691.35,0.179382,0.00585938,1,0,0,7.19923e+07,0.798645
0,5098.69,1.82684e+09,0.598267,0.433793,1.25136,0.799133,6619.2,0.260864,0.00292969,1,0,0,7.00605e+07,0.794861
0,4759.41,1.38871e+09,0.704712,0.378436,1.17322,0.852356,7699.96,0.320557,0,1,0,0,6.80699e+07,0.783142
0,5146.09,1.46475e+09,0.635254,0.416293,1.22305,0.817627,7807.03,0.398315,0,1,0,0,7.20748e+07,0.797668
0,5361.97,1.29057e+09,0.567993,0.446774,1.27552,0.783997,4047.98,0.472534,0,1,0,0,7.33548e+07,0.783936
0,4317.22,4.01077e+08,0.581665,0.441061,1.26449,0.790833,3136.41,0.470093,0,1,0,0,5.66963e+07,0.785034
0,4428.12,5.23279e+08,0.654297,0.406575,1.20897,0.827148,3550.8,0.461182,0.000183105,1,0,0,6.09382e+07,0.773499
0,4424.16,5.22472e+08,0.588623,0.438059,1.25895,0.794312,2026.75,0.454407,0.000244141,1,0,0,5.86696e+07,0.7724
0,4416.72,4.84145e+08,0.606689,0.429966,1.2448,0.803345,3429.79,0.44989,0.000366211,1,0,0,5.91539e+07,0.77124
0,4412.16,4.78898e+08,0.584106,0.440015,1.26254,0.792053,3305.21,0.438904,0.000366211,1,0,0,5.83214e+07,0.763306
0,4400.91,4.58891e+08,0.545654,0.455569,1.29395,0.772827,3281.26,0.43634,0.000366211,1,0,0,5.68468e+07,0.768616
0,4453.81,5.16256e+08,0.560425,0.449829,1.2817,0.780212,4726.3,0.438721,0.000427246,1,0,0,5.82093e+07,0.766174
0,4326.66,4.27858e+08,0.569946,0.445973,1.27393,0.784973,4180.81,0.437744,0.000244141,1,0,0,5.64577e+07,0.759094
0,4310.19,4.08514e+08,0.555054,0.451951,1.28613,0.777527,5844.09,0.430786,0.000549316,1,0,0,5.56882e+07,0.761902
0,4295.53,4.66021e+08,0.612915,0.427078,1.23999,0.806458,5906.1,0.421936,0.000610352,1,0,0,5.73896e+07,0.767822
0,4218.94,4.46739e+08,0.590576,0.437205,1.25741,0.795288,6171.96,0.426697,0.000610352,1,0,0,5.53851e+07,0.788452
0,4231.16,4.75143e+08,0.591675,0.436722,1.25654,0.795837,4553.82,0.436218,0.000488281,1,0,0,5.56221e+07,0.787415
0,4271.44,5.27336e+08,0.598633,0.433628,1.25107,0.799316,4736,0.449768,0.000488281,1,0,0,5.65156e+07,0.795593
0,4254.69,4.82192e+08,0.628296,0.419723,1.22828,0.814148,4642.88,0.456909,0.000488281,1,0,0,5.72365e+07,0.792786
0,4262.56,4.91395e+08,0.623779,0.421915,1.23169,0.81189,4796.27,0.467468,0.000427246,1,0,0,5.7214e+07,0.797974
0,4299.69,5.0618e+08,0.605835,0.430358,1.24546,0.802917,2864.82,0.470032,0.00012207,1,0,0,5.72201e+07,0.801208
0,4321.41,4.64345e+08,0.633423,0.417202,1.22442,0.816711,2830.65,0.496765,0,1,0,0,5.85016e+07,0.793945
0,4390.09,4.74636e+08,0.615356,0.425931,1.23812,0.807678,3987.82,0.511658,0,1,0,0,5.90208e+07,0.793701
0,4364.81,4.66287e+08,0.63916,0.414339,1.22014,0.81958,3938.67,0.507629,0,1,0,0,5.94053e+07,0.791138
0,4358.12,4.5818e+08,0.595459,0.435047,1.25356,0.797729,4044.29,0.497559,0,1,0,0,5.78294e+07,0.797302
0,4330.19,4.69587e+08,0.637085,0.415379,1.22168,0.818542,2373.87,0.499084,0,1,0,0,5.87684e+07,0.791504
0,4322.75,4.69745e+08,0.636353,0.415745,1.22223,0.818176,2380.2,0.493286,0,1,0,0,5.8622e+07,0.79187
0,4448.5,5.57049e+08,0.613159,0.426963,1.2398,0.80658,9624.47,0.480225,0,1,0,0,5.9904e+07,0.800232
0,7253.81,3.35611e+09,0.662842,0.402055,1.20276,0.831421,9811.65,0.477783,0.000427246,1,0,0,1.07533e+08,0.805237
0,7043.12,3.33835e+09,0.618286,0.424545,1.23588,0.809143,8705.9,0.489014,0.0020752,1,0,0,1.02586e+08,0.797791
0,6936.78,3.37777e+09,0.604858,0.430806,1.24622,0.802429,9154.09,0.505066,0.0022583,1,0,0,1.00393e+08,0.798767
0,3625.88,3.40356e+08,0.634399,0.416717,1.22369,0.8172,4313.99,0.520813,0.00195312,1,0,0,4.71388e+07,0.790039
0,3773.41,4.80219e+08,0.700439,0.380962,1.17617,0.85022,4317.74,0.522278,0.00201416,1,0,0,5.17719e+07,0.790039
0,3680.41,4.1071e+08,0.640137,0.413847,1.21941,0.820068,4919.92,0.511108,0.000305176,1,0,0,4.82248e+07,0.788391
0,3689.91,4.15397e+08,0.674927,0.395492,1.19408,0.837463,4558.76,0.486938,0.000183105,1,0,0,4.95478e+07,0.788696
0,3754.81,4.8202e+08,0.639526,0.414155,1.21986,0.819763,4679.23,0.482849,0.000183105,1,0,0,4.94234e+07,0.788818
0,3778.62,4.82585e+08,0.635742,0.41605,1.22269,0.817871,4137.31,0.473328,0.000183105,1,0,0,4.96865e+07,0.789429
0,3784.59,4.83173e+08,0.728394,0.363936,1.15714,0.864197,4145.96,0.473267,0.000244141,1,0,0,5.28932e+07,0.789429
0,3797.31,4.89087e+08,0.691406,0.386213,1.18245,0.845703,4122.13,0.477905,0.000244141,1,0,0,5.18605e+07,0.788757
0,3865.44,5.55698e+08,0.635498,0.416171,1.22287,0.817749,4058.41,0.481689,0.000244141,1,0,0,5.10884e+07,0.78894
0,3890.19,4.39479e+08,0.647705,0.409994,1.21381,0.823853,3872.47,0.466614,0.000244141,1,0,0,5.19035e+07,0.812622
0,3870.62,4.87437e+08,0.753723,0.347675,1.14047,0.876831,3728.08,0.483826,0.000305176,1,0,0,5.5126e+07,0.789185
0,3857.69,4.918e+08,0.707642,0.377331,1.17129,0.85376,5106.14,0.487976,0.000305176,1,0,0,5.33535e+07,0.789246
0,3920.59,5.58392e+08,0.63269,0.418161,1.22506,0.816284,5393.28,0.497681,0.000366211,1,0,0,5.18692e+07,0.789307
0,4005.31,5.00098e+08,0.673767,0.39905,1.19513,0.836731,5055.72,0.4953,0.000427246,1,0,0,5.45802e+07,0.807922
0,3885.53,5.04848e+08,0.633179,0.41923,1.22479,0.816467,5622.51,0.516968,0.000427246,1,0,0,5.12701e+07,0.789734
0,3974.22,5.11595e+08,0.680725,0.395209,1.19018,0.84021,5518.83,0.509277,0.000488281,1,0,0,5.43043e+07,0.796326
0,3859.84,5.15558e+08,0.692078,0.388797,1.18219,0.845886,5433.07,0.524292,0.000427246,1,0,0,5.28113e+07,0.781189
0,3749.56,3.71651e+08,0.737732,0.35927,1.15105,0.868774,5684.41,0.52478,0.000366211,1,0,0,5.25773e+07,0.787231
0,3699.84,4.23855e+08,0.686646,0.389561,1.18587,0.843262,7548.7,0.532654,0.000305176,1,0,0,5.00628e+07,0.782104
0,3698.16,4.2349e+08,0.620667,0.423617,1.23411,0.810303,13702.8,0.527588,0.000305176,1,0,0,4.78356e+07,0.791748
0,3731.97,5.00974e+08,0.724609,0.366312,1.15968,0.862305,12782.8,0.531372,0.000244141,1,0,0,5.18917e+07,0.778931
0,3840.34,5.02897e+08,0.726685,0.365012,1.15829,0.863342,15836.7,0.535034,0.000244141,1,0,0,5.3737e+07,0.801086
0,3707.28,3.52983e+08,0.567017,0.447172,1.27631,0.783508,6059.65,0.425903,0.000244141,1,0,0,4.62116e+07,0.761841
0,3788.59,4.24678e+08,0.633423,0.417202,1.22442,0.816711,6058.1,0.425903,0.000244141,1,0,0,4.9772e+07,0.76178
0,3818.69,4.24737e+08,0.611816,0.427591,1.24084,0.805908,4973.84,0.401428,0.000244141,1,0,0,4.95401e+07,0.767029
0,3957.31,5.56578e+08,0.55011,0.454066,1.29028,0.775024,6575.27,0.39032,0.000366211,1,0,0,4.97142e+07,0.767151
0,10373.1,6.32407e+09,0.589111,0.438425,1.25866,0.794495,8753.82,0.38385,0.000427246,1,0,0,1.56125e+08,0.771606
0,10539.2,6.44321e+09,0.531372,0.462651,1.30623,0.765564,8442.16,0.335938,0.00177002,1,0,0,1.56881e+08,0.762451
0,10391.2,6.50722e+09,0.716064,0.377399,1.16579,0.857788,9643.33,0.268982,0.00427246,1,0,0,1.60607e+08,0.748352
0,10636,6.61629e+09,0.719482,0.375323,1.16347,0.859497,9497.41,0.27655,0.00427246,1,0,0,1.64733e+08,0.782166
0,10574,6.69061e+09,0.66394,0.406992,1.20232,0.831726,9901.21,0.280212,0.00427246,1,0,0,1.61853e+08,0.799133
0,10502.5,6.69596e+09,0.6297,0.425865,1.22763,0.814575,11517.3,0.283752,0.0043335,1,0,0,1.59519e+08,0.810303
0,10084.8,6.63391e+09,0.737549,0.367395,1.15145,0.868469,11365.8,0.237732,0.00427246,1,0,0,1.5628e+08,0.787842
0,10542.5,6.76535e+09,0.736694,0.38267,1.15234,0.867798,15646,0.216614,0.00445557,1,0,0,1.63647e+08,0.815979
0,10562.8,6.58819e+09,0.736816,0.379566,1.15218,0.86792,16716.2,0.17926,0.00457764,1,0,0,1.64001e+08,0.858154
0,4233.81,7.92331e+08,0.769714,0.365432,1.13094,0.884216,17910.3,0.160522,0.00512695,1,0,0,6.13755e+07,0.866882
0,5289.34,1.83193e+09,0.794983,0.362549,1.11516,0.896729,20430.8,0.158813,0.0188599,1,0,0,7.94476e+07,0.86499
0,5252.62,1.75793e+09,0.734741,0.40411,1.15388,0.866638,17892.3,0.169983,0.0368652,1,0,0,7.68143e+07,0.857971
0,5055.94,1.71071e+09,0.784546,0.385664,1.12181,0.891418,15936.4,0.195374,0.059021,1,0,0,7.52179e+07,0.831238
0,4927.91,1.58263e+09,0.780151,0.406945,1.12473,0.889099,16508.4,0.217285,0.0783691,1,0,0,7.29155e+07,0.824829
0,5084.78,1.652e+09,0.730957,0.445641,1.15682,0.864441,18803.3,0.237,0.0941162,1,0,0,7.38063e+07,0.826294
0,5146.56,1.65858e+09,0.682861,0.476415,1.19001,0.840332,19939.2,0.26123,0.103027,1,0,0,7.31884e+07,0.828003
0,4838.72,1.48977e+09,0.694946,0.470224,1.18151,0.846375,19970.4,0.275085,0.110474,1,0,0,6.85379e+07,0.821411
0,5291.78,1.72136e+09,0.782288,0.548532,1.13235,0.883118,18068.1,0.274841,0.116821,1,0,0,7.18495e+07,0.794128
0,6032.97,1.98412e+09,0.87793,0.64976,1.08539,0.921326,16221.3,0.278992,0.119141,1,0,0,7.24577e+07,0.760559
0,5968.28,2.07045e+09,0.940552,0.619261,1.04972,0.952637,15915.3,0.288025,0.121704,1,0,0,7.34746e+07,0.750366
0,5689.38,2.03753e+09,0.942261,0.611642,1.04864,0.953613,14669.4,0.294128,0.12262,1,0,0,6.94538e+07,0.750977
0,4680.75,1.00892e+09,0.927002,0.624453,1.06073,0.942749,14269.7,0.303589,0.110779,1,0,0,5.13244e+07,0.763611
0,4679.62,1.02429e+09,0.927002,0.625244,1.0608,0.942688,15299.5,0.315735,0.101257,1,0,0,5.13208e+07,0.789856
0,4663.38,1.02685e+09,0.92749,0.618643,1.06032,0.943115,16152.6,0.31842,0.0927734,1,0,0,5.11508e+07,0.808594
0,4655.72,1.02683e+09,0.927856,0.614852,1.05997,0.94342,18579.4,0.321716,0.0802002,1,0,0,5.11514e+07,0.832458
0,4692.59,1.09249e+09,0.92804,0.61043,1.05977,0.943604,19297.8,0.323914,0.0764771,1,0,0,5.1817e+07,0.847229
0,8631.97,4.19763e+09,0.912659,0.604593,1.06785,0.936462,18380.8,0.286743,0.0509644,1,0,0,1.17554e+08,0.893738
0,2755.31,4.95252e+08,0.622314,0.42262,1.23281,0.811157,8447.38,0.108704,0.0200806,1,0,0,3.247e+07,0.807434
0,3784.5,1.08757e+09,0.732178,0.361538,1.15462,0.866089,8541.83,0.116394,0.0202637,1,0,0,5.30186e+07,0.807251
0,3751.12,6.32759e+08,0.99939,0.0174693,1.00031,0.999695,9627.61,0.173767,0.012146,1,0,0,6.1438e+07,0.850403
0,5116.62,1.82241e+09,0.961487,0.14173,1.01973,0.980652,11532.5,0.17334,0.0264282,1,0,0,8.24709e+07,0.851135
0,5315.25,1.86344e+09,0.885132,0.24925,1.06121,0.942322,14230.4,0.179443,0.0606079,1,0,0,8.30792e+07,0.836792
0,5488.34,1.97316e+09,0.847412,0.289253,1.08302,0.92334,14268.2,0.197998,0.0762329,1,0,0,8.46167e+07,0.837036
0,5648.12,2.08312e+09,0.812805,0.319085,1.10367,0.906067,14298.1,0.213623,0.085144,1,0,0,8.60631e+07,0.837219
0,5748.06,2.09344e+09,0.746399,0.370436,1.14573,0.872803,16939.1,0.251648,0.105896,1,0,0,8.54313e+07,0.838745
0,4737.03,1.46966e+09,0.679932,0.412149,1.19113,0.839539,16931.5,0.286804,0.130554,1,0,0,6.6622e+07,0.838989
0,4634.88,1.47444e+09,0.785706,0.349936,1.12058,0.892395,18894.6,0.286316,0.138123,1,0,0,6.84831e+07,0.822754
0,4338.84,1.52993e+09,0.997131,0.16699,1.00208,0.997925,18471.2,0.290039,0.160522,1,0,0,7.06412e+07,0.789917
0,2622.12,1.73387e+08,0.998596,0.080468,1.00098,0.999023,22162.6,0.27179,0.112854,1,0,0,4.27356e+07,0.894653
0,4326,9.41499e+08,0.992554,0.0915383,1.00398,0.996033,24174.5,0.226746,0.0739746,1,0,0,7.04635e+07,0.944763
0,2755.41,4.95254e+08,0.624512,0.421561,1.23114,0.812256,12447.7,0.110291,0.000488281,1,0,0,3.25453e+07,0.80719
0,3192.91,8.08095e+08,0.729492,0.363242,1.15641,0.864746,12500.7,0.116211,0.000488281,1,0,0,4.32358e+07,0.807129
0,3178.91,4.19859e+08,0.999146,0.0206699,1.00043,0.999573,12103.8,0.139526,0.000366211,1,0,0,5.20545e+07,0.845642
0,2313.19,6.79573e+07,1,0,1,1,15397.4,0.128235,0.0875854,1,0,0,3.78993e+07,0.858215
0,4112.28,5.62354e+08,0.974976,0.111849,1.01267,0.987488,17233.8,0.1427,0.0448608,1,0,0,6.65359e+07,0.908386
0,2755.31,4.95252e+08,0.621826,0.422854,1.23318,0.810913,8373.33,0.105286,0,1,0,0,3.24536e+07,0.807983
0,4037.38,1.31119e+09,0.722412,0.367681,1.16116,0.861206,8563.86,0.106445,0,1,0,0,5.6834e+07,0.807373
0,3546.91,1.06316e+09,0.829224,0.290936,1.09336,0.914612,7683.07,0.117859,0,1,0,0,5.23822e+07,0.780273
0,43493.3,3.77683e+10,0.829102,0.291038,1.09343,0.914551,9494.15,0.159851,0,1,0,0,7.0686e+08,0.795044
0,51622.3,4.30127e+10,0.827026,0.29355,1.09475,0.913452,22270.6,0.178711,0.000488281,1,0,0,8.39923e+08,0.817078
0,52435.1,4.30674e+10,0.825745,0.299139,1.0957,0.912659,32364.2,0.200745,0.000793457,1,0,0,8.53112e+08,0.885498
0,2260.03,3.94978e+06,1,0,1,1,16063.7,0.252686,0.131531,1,0,0,3.70284e+07,0.815002
0,2254.5,6.79105e+07,1,0,1,1,14774.8,0.271851,0.0964355,1,0,0,3.69377e+07,0.85791
0,4069.69,1.54253e+09,0.989136,0.0737019,1.00546,0.994568,17201.9,0.284851,0.0820923,1,0,0,6.63132e+07,0.870667
0,4158.25,1.62541e+09,0.887329,0.236928,1.0597,0.943665,15107.8,0.275696,0.0443115,1,0,0,6.43482e+07,0.871826
0,4793.12,1.7647e+09,0.886841,0.237436,1.05997,0.94342,15697.8,0.219727,0.0161133,1,0,0,7.47336e+07,0.920715
0,5232.97,2.16887e+09,0.79541,0.317752,1.11395,0.897705,12804.2,0.18811,0.00836182,1,0,0,7.88721e+07,0.896851
0,2864.62,5.59514e+08,0.64386,0.413134,1.21678,0.821838,10449.3,0.0234985,0.000610352,1,0,0,3.49164e+07,0.805176
0,3665.59,1.08612e+09,0.740051,0.357771,1.14951,0.869934,10748.3,0.0281982,0.000610352,1,0,0,5.12671e+07,0.804199
0,2922.31,7.72492e+08,0.831665,0.288889,1.0919,0.915833,8802.07,0.0720825,0.000488281,1,0,0,4.22308e+07,0.825134
0,3339,8.97086e+08,0.831421,0.289094,1.09205,0.91571,9425.85,0.092041,0.000305176,1,0,0,4.90496e+07,0.855774
0,3579.03,1.03389e+09,0.665649,0.400549,1.20073,0.832825,4723.73,0.135559,0,1,0,0,4.74199e+07,0.82373
0,3322.78,5.49599e+08,0.747192,0.351792,1.14469,0.873596,4953.71,0.161865,0,1,0,0,4.59576e+07,0.831726
0,3562.66,4.786e+08,0.828979,0.29114,1.09351,0.91449,5760.76,0.159485,0,1,0,0,5.26321e+07,0.866028
0,2268.53,1.65071e+06,1,0,1,1,13938,0.124084,0.136841,1,0,0,3.71676e+07,0.797668
0,2292.22,2.10031e+07,0.999878,0.0078125,1.00006,0.999939,16322,0.113464,0.122681,1,0,0,3.75393e+07,0.814453
0,2414.66,1.23817e+08,0.999634,0.0247071,1.00024,0.999756,18615.6,0.102844,0.0820312,1,0,0,3.94962e+07,0.860107
0,5075.88,2.03725e+09,0.998901,0.0312536,1.00061,0.99939,21747,0.172974,0.0315552,1,0,0,8.3073e+07,0.919739
0,2731.25,5.09175e+08,0.687378,0.388517,1.18527,0.843689,10880.4,0.525818,0.0349731,1,0,0,3.42589e+07,0.786804
0,3173.41,6.72863e+08,0.787354,0.323757,1.11897,0.893677,10993.5,0.515991,0.0350342,1,0,0,4.48579e+07,0.786804
0,2741.44,4.14362e+08,0.825073,0.294381,1.09585,0.912537,11779.3,0.372803,0.00762939,1,0,0,3.90461e+07,0.771973
0,3374.25,7.88878e+08,0.73584,0.359195,1.15218,0.86792,12425,0.26709,0.000793457,1,0,0,4.642e+07,0.787903
0,3794.69,9.04966e+08,0.735596,0.359352,1.15234,0.867798,10803.9,0.232239,0.000488281,1,0,0,5.33002e+07,0.813354
0,3058.94,7.02868e+08,0.736206,0.35896,1.15194,0.868103,7708.05,0.134216,0.000366211,1,0,0,4.12662e+07,0.79248
0,4137,1.55737e+09,0.710693,0.374855,1.16912,0.855347,10707.7,0.149719,0.000366211,1,0,0,5.80731e+07,0.795166
0,4517.19,1.29268e+09,0.773926,0.333468,1.12744,0.886963,11582.5,0.162292,0,1,0,0,6.64238e+07,0.842468
0,5320.22,2.03226e+09,0.737793,0.357937,1.15089,0.868896,17032.3,0.164673,0.00250244,1,0,0,7.83683e+07,0.854126
0,5512.19,2.05531e+09,0.686279,0.437675,1.18828,0.841553,27667.1,0.165466,0.00616455,1,0,0,7.94081e+07,0.83783
0,5456.28,2.00797e+09,0.678528,0.617879,1.1974,0.835144,27766.5,0.162231,0.0112915,1,0,0,7.76689e+07,0.818298
0,5504.34,2.02992e+09,0.772522,0.867545,1.13817,0.878601,30627.9,0.152283,0.0184937,1,0,0,8.08689e+07,0.793335
0,5631.91,1.93464e+09,0.729248,1.27127,1.1723,0.853027,34463.7,0.145081,0.0258179,1,0,0,8.06405e+07,0.782043
0,5868.25,1.96891e+09,0.695007,1.53024,1.20021,0.833191,38644.4,0.141418,0.0296631,1,0,0,8.28129e+07,0.777588
0,6038.66,1.99011e+09,0.659424,1.7031,1.22883,0.813782,40571.9,0.13678,0.0332031,1,0,0,8.40837e+07,0.774719
0,6602.22,2.06164e+09,0.598999,1.98794,1.28937,0.775574,58959.2,0.13208,0.0394287,1,0,0,8.97603e+07,0.761719
0,6594.59,1.87669e+09,0.564758,2.1424,1.32492,0.754761,62555.6,0.122498,0.0430908,1,0,0,8.77701e+07,0.754761
0,5820.34,1.20365e+09,0.559082,2.21199,1.33344,0.749939,66884.3,0.101257,0.0458984,1,0,0,7.4582e+07,0.749939
0,5706.44,1.20812e+09,0.623291,2.19738,1.27631,0.783508,64736.2,0.0855713,0.0485229,1,0,0,7.48457e+07,0.735718
0,5732.53,1.2466e+09,0.741455,2.16301,1.18194,0.846069,64641.7,0.0820312,0.0507812,1,0,0,7.92996e+07,0.711975
0,5799.41,1.29018e+09,0.838928,2.12361,1.116,0.896057,64050.5,0.0805664,0.0516357,1,0,0,8.36352e+07,0.694397
0,5839.16,1.32861e+09,0.878601,2.11246,1.08439,0.92218,63337.9,0.0790405,0.0526123,1,0,0,8.59535e+07,0.69165
0,5370.56,5.57258e+08,0.900146,2.02524,1.06875,0.935669,78152.6,0.0820312,0.050415,1,0,0,7.90856e+07,0.714844
0,5460.12,6.3354e+08,0.903381,1.87974,1.06729,0.936951,87126.4,0.0823975,0.0474243,1,0,0,8.07619e+07,0.736145
0,6312.75,1.09666e+09,0.9198,1.58252,1.05567,0.947266,91846.7,0.0973511,0.0394897,1,0,0,9.62186e+07,0.772766
0,6235.38,1.15402e+09,0.8573,1.51517,1.09081,0.916748,90807.5,0.0983887,0.0315552,1,0,0,9.33852e+07,0.77124
0,5858.28,1.12052e+09,0.821228,1.17019,1.1101,0.900818,89856.9,0.101074,0.0283203,1,0,0,8.70728e+07,0.781372
0,5861.97,1.14598e+09,0.792969,1.04564,1.1262,0.887939,87368.1,0.101501,0.0258179,1,0,0,8.64973e+07,0.787354
0,5986.81,1.19209e+09,0.770874,0.990703,1.14007,0.877136,91474.2,0.102173,0.0251465,1,0,0,8.8002e+07,0.791138
0,7213.62,1.73257e+09,0.768127,0.963419,1.14182,0.875793,94491.5,0.126038,0.0236816,1,0,0,1.08113e+08,0.809326
0,7430.62,1.76901e+09,0.772827,0.899802,1.13904,0.87793,102887,0.175537,0.0214233,1,0,0,1.11982e+08,0.850647
0,7658.44,2.08586e+09,0.717712,0.91211,1.17566,0.850586,93932,0.182373,0.0209351,1,0,0,1.13965e+08,0.83783
0,7374.78,2.0195e+09,0.66925,0.94437,1.21148,0.825439,81467.6,0.210266,0.0205688,1,0,0,1.07618e+08,0.816589
0,7035.19,1.97747e+09,0.633484,0.708175,1.23541,0.809448,57125.6,0.247009,0.0184937,1,0,0,1.01457e+08,0.80426
0,6226.81,1.55889e+09,0.727661,0.678362,1.16712,0.856812,54356.4,0.286865,0.0177002,1,0,0,9.13393e+07,0.770081
0,6174.78,1.47406e+09,0.714783,0.635897,1.17313,0.852417,57786.6,0.325806,0.0168457,1,0,0,9.0284e+07,0.776489
0,6199,1.48699e+09,0.668518,0.633972,1.20639,0.828918,57155.3,0.363159,0.0128784,1,0,0,8.91192e+07,0.776245
0,6507.53,1.55025e+09,0.639404,0.671474,1.22929,0.813477,52072.8,0.385559,0.0175781,1,0,0,9.30212e+07,0.776001
0,6316.78,1.5119e+09,0.59845,0.685664,1.2606,0.793274,51439,0.42041,0.0153809,1,0,0,8.86508e+07,0.775269
0,5254.56,1.0326e+09,0.628967,0.701205,1.23616,0.80896,44991.6,0.451355,0.0147705,1,0,0,7.22447e+07,0.76001
0,5898.25,1.38011e+09,0.731873,0.635412,1.16331,0.859619,46175.5,0.438477,0.0158691,1,0,0,8.59981e+07,0.751099
0,5951.03,1.38875e+09,0.805359,0.771762,1.12196,0.891296,45499.8,0.410767,0.0205078,1,0,0,8.8426e+07,0.715881
0,5642.66,1.00255e+09,0.865356,0.921025,1.08496,0.921692,49449.7,0.399353,0.0222168,1,0,0,8.49362e+07,0.704224
0,5768.19,1.02161e+09,0.861389,1.10427,1.08958,0.917786,59277.4,0.385681,0.0253906,1,0,0,8.6465e+07,0.720764
0,6278.28,1.25717e+09,0.857849,1.18625,1.09351,0.91449,84590.6,0.371216,0.0275879,1,0,0,9.45413e+07,0.734863
0,11079.8,5.56605e+09,0.83728,1.34956,1.10815,0.902405,97541.3,0.36145,0.0298462,1,0,0,1.71802e+08,0.765381
0,11483.2,6.09431e+09,0.808105,1.3747,1.12651,0.887695,95184.5,0.364624,0.0350342,1,0,0,1.77459e+08,0.766113
0,11407.7,6.05511e+09,0.765625,1.41246,1.15397,0.866577,93753.6,0.36908,0.0377197,1,0,0,1.74783e+08,0.767761
0,11544.3,6.06683e+09,0.723267,1.43676,1.18322,0.845154,94283.1,0.372925,0.0441895,1,0,0,1.75508e+08,0.769043
0,11199.7,5.98221e+09,0.692627,1.43763,1.20444,0.830261,94012.4,0.379578,0.0402832,1,0,0,1.68758e+08,0.769897
0,11061.6,5.92875e+09,0.646362,1.46287,1.23868,0.807312,94883.7,0.378662,0.0402832,1,0,0,1.64989e+08,0.772034
0,11176.8,5.98809e+09,0.612976,1.48201,1.26508,0.790466,97596.8,0.381165,0.041748,1,0,0,1.65669e+08,0.773438
0,11896.3,7.09582e+09,0.689026,1.33443,1.1953,0.836609,97892.1,0.401917,0.0394897,1,0,0,1.80812e+08,0.781128
0,11699.8,7.00792e+09,0.726074,0.732685,1.16388,0.859192,115322,0.454773,0.0322266,1,0,0,1.801e+08,0.840027
0,4609,1.99487e+09,0.653076,0.431664,1.21058,0.82605,12633.3,0.519348,0.00488281,1,0,0,6.36191e+07,0.790649
0,3632.81,9.133e+08,0.68573,0.394865,1.18673,0.842651,7536.7,0.505981,0.003479,1,0,0,4.88622e+07,0.820007
0,3828.72,1.18861e+09,0.742798,0.354683,1.14758,0.871399,7408.06,0.508118,0.00268555,1,0,0,5.40995e+07,0.791016
0,4922.22,1.87683e+09,0.742188,0.355082,1.14798,0.871094,6999.35,0.497314,0.000915527,1,0,0,7.19949e+07,0.836609
0,3694.84,1.14288e+09,0.761108,0.342415,1.13565,0.880554,11832.6,0.491089,6.10352e-05,1,0,0,5.25204e+07,0.800293
0,4147.94,1.27675e+09,0.7052,0.416691,1.17372,0.85199,39145.6,0.487427,0.00012207,1,0,0,5.71914e+07,0.800537
0,4168.69,1.34764e+09,0.664246,0.442164,1.20267,0.831482,45435.1,0.490662,0.000183105,1,0,0,5.61428e+07,0.800415
0,4075.94,1.05128e+09,0.722046,0.431148,1.16248,0.860229,54332.1,0.49292,0.000244141,1,0,0,5.64664e+07,0.823792
0,4705.16,1.7329e+09,0.827148,0.36519,1.09555,0.912781,50606.6,0.485413,0.000305176,1,0,0,7.03022e+07,0.809998
0,4327.91,1.30723e+09,0.845276,0.36782,1.08489,0.921753,46358.2,0.497192,0.000366211,1,0,0,6.43215e+07,0.789307
0,4561.28,1.33271e+09,0.781311,0.447552,1.12419,0.889526,58131.4,0.487488,0.000427246,1,0,0,6.56548e+07,0.790405
0,4663.25,1.34121e+09,0.746643,0.47416,1.14686,0.871948,60356,0.483582,0.000427246,1,0,0,6.57608e+07,0.790527
0,5332.16,1.9529e+09,0.733948,0.403017,1.15462,0.866089,43136.9,0.481934,0.000366211,1,0,0,7.70601e+07,0.83667
0,5343,1.92552e+09,0.672913,0.451329,1.19687,0.83551,35095.6,0.484375,0.000488281,1,0,0,7.51734e+07,0.834106
0,5253.72,2.00004e+09,0.790771,0.391902,1.11813,0.894348,31994.7,0.482422,0.000732422,1,0,0,7.76346e+07,0.813782
0,4430.56,1.32424e+09,0.832397,0.363862,1.0927,0.915161,32424.8,0.48877,0.000732422,1,0,0,6.55447e+07,0.799805
0,4345.47,1.35043e+09,0.730652,0.44781,1.15714,0.864197,35502.7,0.48645,0.000671387,1,0,0,6.07391e+07,0.800293
0,4178.38,1.32612e+09,0.69812,0.462883,1.17913,0.848083,22708.8,0.486755,0.000671387,1,0,0,5.72109e+07,0.800354
0,4185.44,1.39286e+09,0.661926,0.481393,1.20488,0.829956,22342.4,0.490845,0.000671387,1,0,0,5.61101e+07,0.799988
0,4662.88,1.90147e+09,0.632629,0.461878,1.22616,0.815552,21738.8,0.492188,0.000671387,1,0,0,6.33508e+07,0.803894
0,3972.91,1.28409e+09,0.686829,0.42375,1.18656,0.842773,19199.1,0.493774,0.000732422,1,0,0,5.39223e+07,0.796936
0,4020.97,1.47739e+09,0.87146,0.287265,1.06931,0.935181,17812.9,0.494324,0.000732422,1,0,0,6.09766e+07,0.775085
0,3622.88,1.17314e+09,0.824463,0.303334,1.09651,0.911987,11726.1,0.509888,0.000671387,1,0,0,5.31681e+07,0.777832
0,3981.19,1.16066e+09,0.823364,0.300797,1.09709,0.911499,13943.8,0.503052,0.000244141,1,0,0,5.90305e+07,0.82428
0,3015.34,6.62741e+08,0.665039,0.400877,1.20117,0.83252,7181.5,0.532715,0.000488281,1,0,0,3.8164e+07,0.800964
0,3579.19,9.76879e+08,0.684204,0.390316,1.1875,0.842102,7721.17,0.527283,0.000427246,1,0,0,4.80451e+07,0.830933
