avg_size,len,bytes,long_enough,arm_chosen,delta_bmr,stored,type_idx
54702,612,33477632,0,0,0,0,0
11788.8,400,4715520,0,0,0,0,0
8564.51,657,5626880,0,0,0,0,0
6494.99,1113,7228928,0,0,0,0,0
8280.61,1485,12296704,0,0,0,0,0
8029.99,1419,11394560,0,0,0,0,0
9235.4,1214,11211776,0,0,0,0,0
6489.88,1014,6580736,0,0,0,0,0
8062.42,1462,11787264,0,0,0,0,0
8482.45,1345,11408896,0,0,0,0,0
7768.83,1585,12313600,0,0,0,0,0
5954.69,1474,8777216,0,0,0,0,0
7685.33,1153,8861184,0,0,0,0,0
7174.99,1026,7361536,0,0,0,0,0
7579.57,1407,10664448,0,0,0,0,9
18266.9,1005,18358272,0,0,0,0,0
30055.1,1001,30085120,0,0,0,0,0
8441.83,1162,9809408,0,0,0,0,0
8754.12,1277,11179008,0,0,0,0,0
8857.64,1173,10390016,0,0,0,0,0
6780.14,1027,6963200,0,0,0,0,0
6824.72,1053,7186432,0,0,0,0,0
9830.3,1066,10479104,0,0,0,0,0
7588.88,1225,9296384,0,0,0,0,0
8438.82,1367,11535872,0,0,0,0,0
8673.56,1043,9046528,0,0,0,0,0
5480.09,1028,5633536,0,0,0,0,0
11492.5,1035,11894784,0,0,0,0,0
8217.48,1246,10238976,0,0,0,0,0
9107.66,1276,11621376,0,0,0,0,0
9638.21,1015,9782784,0,0,0,0,9
16698.6,1014,16932352,0,0,0,0,0
10227.7,1002,10248192,0,0,0,0,0
8915.63,1004,8951296,0,0,0,0,0
18420.5,1021,18807296,0,0,0,0,8
18166.3,1025,18620416,0,0,0,0,8
21431.9,1001,21453312,0,0,0,0,8
24573,1014,24916992,0,0,0,0,8
29005.3,1014,29411328,0,0,0,0,8
26890.8,1063,28584960,0,0,0,0,8
28566.6,1010,28852224,0,0,0,0,8
12378.4,1178,14581760,0,0,0,0,8
17994.2,1407,25317888,0,0,0,0,8
24691.1,1032,25481216,0,0,0,0,8
89996.4,1156,104035840,0,0,0,0,8
33102.3,1026,33963008,0,0,0,0,8
27461.7,1017,27928576,0,0,0,0,8
19841.6,1065,21131264,0,0,0,0,8
21102,1001,21123072,0,0,0,0,8
21040.1,1021,21481984,0,0,0,0,8
96800.8,1047,101350400,0,0,0,0,8
17375.3,1019,17705472,0,0,0,0,8
11308,1059,11975168,0,0,0,0,8
11905.4,1480,17619968,0,0,0,0,8
10700.3,1465,15675904,0,0,0,0,8
10417.9,1453,15137280,0,0,0,0,8
15498,1198,18566656,0,0,0,0,8
11041.7,1002,11063808,0,0,0,0,8
48342.9,1041,50324992,0,0,0,0,8
4746.64,1071,5083648,0,0,0,0,8
11774.9,1362,16037376,0,0,0,0,8
9532.18,1004,9570304,0,0,0,0,8
9190.18,1428,13123584,0,0,0,0,8
9623.5,1558,14993408,0,0,0,0,0
9137.38,1563,14281728,0,0,0,0,0
10159.9,703,7142400,0,0,0,0,0
8522.27,1003,8547840,0,0,0,0,0
12463.1,1009,12575232,0,0,0,0,0
7892.14,1646,12990464,0,0,0,0,0
273597,1006,275238912,0,0,0,0,0
46072,1083,49895936,0,0,0,0,0
10266.9,1007,10338816,0,0,0,0,0
20413.4,1030,21025792,0,0,0,0,0
115226,454,52312576,0,0,0,0,0
11129.1,1078,11997184,0,0,0,0,0
9554.83,1499,14322688,0,0,0,0,0
10285.2,1394,14337536,0,0,0,0,0
9361.21,1495,13995008,0,0,0,0,0
9709.75,1010,9806848,0,0,0,0,0
9493.25,1012,9607168,0,0,0,0,0
8822.74,733,6467072,0,0,0,0,0
9013.02,1405,12663296,0,0,0,0,0
9168.99,1111,10186752,0,0,0,0,0
9711.1,1394,13537280,0,0,0,0,0
9169.41,1165,10682368,0,0,0,0,0
12781.8,1014,12960768,0,0,0,0,0
8584.45,651,5588480,0,0,0,0,0
9290.07,1258,11686912,0,0,0,0,9
9377.44,1221,11449856,0,0,0,0,9
10488.8,1212,12712448,0,0,0,0,9
9742.52,1093,10648576,0,0,0,0,9
8886.07,1063,9445888,0,0,0,0,9
8784.08,1138,9996288,0,0,0,0,9
11115,1275,14171648,0,0,0,0,9
10558.5,1008,10642944,0,0,0,0,9
9840.77,1017,10008064,0,0,0,0,9
24355.1,1027,25012736,0,0,0,0,0
11038.3,778,8587776,0,0,0,0,0
9856.4,634,6248960,0,0,0,0,0
10336.3,1079,11152896,0,0,0,0,0
10342.8,1026,10611712,0,0,0,0,0
9424.52,1100,10366976,0,0,0,0,0
10835.3,1032,11182080,0,0,0,0,8
14598.7,1368,19971072,0,0,0.000980512,0,8
24518.6,1223,29986304,0,0,0,0,8
9941.01,1185,11780096,0,0,0,0,8
9176.26,1211,11112448,0,0,0,0,8
8971.37,1013,9088000,0,0,0,0,8
10055.3,1056,10618368,0,0,0,0,8
11689.8,1016,11876864,0,0,0,0,8
9089.92,1202,10926080,0,0,0,0,8
30464.6,1285,39147008,0,0,0,0,8
9941.37,1291,12834304,0,0,0,0,8
9011.11,1142,10290688,0,0,0,0,8
9460.94,1181,11173376,0,0,0,0,8
8828.68,579,5111808,0,0,0,0,8
9325.2,1355,12635648,0,0,0,0,8
9753.77,1073,10465792,0,0,0,0,8
9678.07,1169,11313664,0,0,0,0,8
8956.83,1294,11590144,0,0,0,0,8
9484.57,1018,9655296,0,0,0,0,8
12248.2,926,11341824,0,0,0,0,8
10695.5,1015,10855936,0,0,0,0,8
13160.1,1524,20056064,0,0,0,0,8
9662.35,1045,10097152,0,0,0,0,8
8227.84,1157,9519616,0,0,0,0,0
9153.03,561,5134848,0,0,0,0,0
8388.79,1150,9647104,0,0,0,0,8
8632.01,1017,8778752,0,0,0,0,8
14013.5,1089,15260672,0,0,0,0,0
26904.7,1069,28761088,0,0,0,0,0
28160,1023,28807680,0,0,0,0,0
32485.7,1003,32583168,0,0,0,0,0
24972.5,1068,26670592,0,0,0,0,0
22626,1014,22942720,0,0,0,0,0
30340.7,1146,34770432,0,0,0,0,0
78279.2,1001,78357504,0,0,0,0,0
69293.9,1001,69363200,0,0,0,0,0
37455.2,1021,38241792,0,0,0,0,4
175692,1014,178151424,0,0,0,0,4
21961.4,1087,23872000,0,0,0,0,4
15006.8,1138,17077760,0,0,0,0,4
13747.2,1086,14929408,0,0,0,0,4
12764.5,1370,17487360,0,0,0,0,4
8777.1,3754,32949248,0,0,0.0010134,0,4
7600.37,1003,7623168,0,0,0,0,4
7431.4,1176,8739328,0,0,0,0,4
15656.4,1071,16768000,0,0,0,0,4
8551.97,1209,10339328,0,0,0,0,4
8044.82,1468,11809792,0,0,0,0,9
8503.63,1017,8648192,0,0,0,0,9
7684.9,1044,8023040,0,0,0,0,9
10859,1321,14344704,0,0,0,0,9
8652.54,1184,10244608,0,0,0,0,9
11887.4,1250,14859264,0,0,0,0,9
9151.73,1171,10716672,0,0,0,0,9
9704.27,1273,12353536,0,0,0,0,9
8050.6,1242,9998848,0,0,0,0,9
9594.83,1138,10918912,0,0,0,0,9
11808.3,1016,11997184,0,0,0,0,9
9041.55,1083,9792000,0,0,0,0,9
8903.19,1077,9588736,0,0,0,0,9
8667.75,1017,8815104,0,0,0,0,9
9107.86,1070,9745408,0,0,0,0,9
8784.29,1218,10699264,0,0,0,0,9
8387.27,1075,9016320,0,0,0,0,9
9652.9,1234,11911680,0,0,0,0,9
9931.29,1151,11430912,0,0,0,0,9
8997.79,1138,10239488,0,0,0,0,9
9301.96,1084,10083328,0,0,0,0,9
10667.5,1067,11382272,0,0,0,0,9
8961.98,1036,9284608,0,0,0,0,9
9148.69,1065,9743360,0,0,0,0,9
10575.4,1003,10607104,0,0,0,0,9
9411.43,1082,10183168,0,0,0,0,9
11308.5,1012,11444224,0,0,0,0,9
8992.55,1164,10467328,0,0,0,0,9
8671.15,1247,10812928,0,0,0,0,9
8600.31,1195,10277376,0,0,0,0,9
9444.12,1001,9453568,0,0,0,0,9
9119.28,1027,9365504,0,0,0,0,9
9123.97,1096,9999872,0,0,0,0,9
9577.78,1135,10870784,0,0,0,0,9
8705.98,1034,9001984,0,0,0,0,9
10260.5,1101,11296768,0,0,0,0,9
12381.6,1001,12393984,0,0,0,0,9
7464.57,1098,8196096,0,0,0,0,9
8808.27,1149,10120704,0,0,0,0,9
8883.17,1003,8909824,0,0,0,0,9
8479.7,1050,8903680,0,0,0,0,9
9346.33,1045,9766912,0,0,0,0,9
10492.4,1004,10534400,0,0,0,0,9
13047.3,1002,13073408,0,0,0,0,9
10487.2,1021,10707456,0,0,0,0,9
9283.38,1003,9311232,0,0,0,0,9
7764.24,1094,8494080,0,0,0,0,9
8350.16,1010,8433664,0,0,0,0,9
8585,1123,9640960,0,0,0,0,9
9185.64,1113,10223616,0,0,0,0,9
8965.53,1112,9969664,0,0,0,0,9
9545.2,1294,12351488,0,0,0,0,9
8985.45,1197,10755584,0,0,0,0,9
9063.54,1303,11809792,0,0,0,0,9
8281.13,1034,8562688,0,0,0,0,9
8517.87,861,7333888,0,0,0,0,9
11005.3,1027,11302400,0,0,0,0,9
9129.35,1300,11868160,0,0,0,0,9
8951.44,658,5890048,0,0,0,0,9
8791.58,1175,10330112,0,0,0,0,9
12071.1,1029,12421120,0,0,0,0,9
10281.8,1030,10590208,0,0,0,0,9
11215.5,1002,11237888,0,0,0,0,9
9698.86,1107,10736640,0,0,0,0,9
6352.59,1026,6517760,0,0,0,0,9
9935.78,1030,10233856,0,0,0,0,9
10028.9,1130,11332608,0,0,0,0,9
3813.05,418,1593856,0,0,0,0,9
8580.21,1369,11746304,0,0,0,0,9
10636.2,1145,12178432,0,0,0,0,9
9132.13,1050,9588736,0,0,0,0,9
9664.99,837,8089600,0,0,0,0,9
8846.77,1083,9581056,0,0,0,0,9
8668.95,1227,10636800,0,0,0,0,9
13392.8,1001,13406208,0,0,0,0,9
8426.86,1005,8468992,0,0,0,0,9
38843.9,1022,39698432,0,0,0,0,4
48217.2,1004,48410112,0,0,0,0,4
72379,1024,74116096,0,0,0,0,4
95482.1,954,91089920,0,0,0,0,4
67299.6,1082,72818176,0,0,0,0,4
53253.6,1012,53892608,0,0,0,0,4
63481.3,1070,67924992,0,0,0,0,4
30515.7,1045,31888896,0,0,0,0,4
52640.1,1030,54219264,0,0,0,0,4
20784.6,1064,22114816,0,0,0,0,4
20791,1029,21393920,0,0,0,0,4
19664.7,1261,24797184,0,0,0,0,4
13402,1257,16846336,0,0,0,0,4
10239.3,1490,15256576,0,0,0,0,4
30612.3,366,11204096,0,0,0,0,4
27101.6,1340,36316160,0,0,0,0,4
10276.3,1212,12454912,0,0,0,0,4
6845.52,1240,8488448,0,0,0,0,4
9624.81,1300,12512256,0,0,0,0,4
9932.64,1311,13021696,0,0,0,0,0
8795.88,1003,8822272,0,0,0,0,0
8386.53,1366,11456000,0,0,0,0,0
10087.2,1364,13758976,0,0,0,0,0
12867.6,1121,14424576,0,0,0,0,0
11260.9,1006,11328512,0,0,0,0,0
12005.1,1010,12125184,0,0,0,0,0
5559.95,1002,5571072,0,0,0,0,0
9056.57,1018,9219584,0,0,0,0,0
8547.09,1129,9649664,0,0,0,0,0
7472.89,1021,7629824,0,0,0,0,9
11666.5,1043,12168192,0,0,0,0,8
74225.2,1001,74299392,0,0,0,0,8
18259.5,1009,18423808,0,0,0,0,8
7699.29,1327,10216960,0,0,0,0,8
8436.25,1155,9743872,0,0,0,0,8
8008.3,1218,9754112,0,0,0,0,8
8803.1,930,8186880,0,0,0,0,8
12862.3,1003,12900864,0,0,0,0,8
8743.42,1156,10107392,0,0,0,0,8
30139.8,1036,31224832,0,0,0,0,8
25441.3,1029,26179072,0,0,0,0,8
27631.1,1001,27658752,0,0,0,0,8
26431.6,1131,29894144,0,0,0,0,8
19651.7,1049,20614656,0,0,0,0,8
21710.1,1016,22057472,0,0,0,0,8
20884.4,1052,21970432,0,0,0,0,8
21594.4,1020,22026240,0,0,0,0,8
20302.8,1020,20708864,0,0,0,0,8
22120.3,1006,22253056,0,0,0,0,8
21337.7,1022,21807104,0,0,0,0,8
16196,1054,17070592,0,0,0,0,8
19816.8,1036,20530176,0,0,0,0,8
22739.5,1029,23398912,0,0,0,0,8
21652.8,1046,22648832,0,0,0,0,4
17054.6,1004,17122816,0,0,0,0,4
18328.3,1002,18364928,0,0,0,0,9
14967,1033,15460864,0,0,0,0,9
21065.7,1008,21234176,0,0,0,0,9
16610.1,1019,16925696,0,0,0,0,9
20342.8,1034,21034496,0,0,0,0,9
19392.3,1061,20575232,0,0,0,0,9
13369.2,1021,13649920,0,0,0,0,9
19583.8,1026,20092928,0,0,0,0,9
15517,1021,15842816,0,0,0,0,9
17377.7,1014,17620992,0,0,0,0,9
17682.3,1079,19079168,0,0,0,0,9
18934.9,1012,19162112,0,0,0,0,9
14910.2,1013,15104000,0,0,0,0,9
18659.4,1013,18902016,0,0,0,0,9
17592.3,1053,18524672,0,0,0,0,9
17986.4,1010,18166272,0,0,0,0,9
19911.2,1055,21006336,0,0,0,0,9
12514.8,1061,13278208,0,0,0,0,9
18848.6,1025,19319808,0,0,0,0,9
19649.4,1427,28039680,0,0,0,0,9
8522.35,1119,9536512,0,0,0,0,9
9735.29,1123,10932736,0,0,0,0,9
7449.05,1022,7612928,0,0,0,0,9
15045.8,1038,15617536,0,0,0,0,9
13775.7,1029,14175232,0,0,0,0,4
13524.3,1025,13862400,0,0,0,0,9
11581,1024,11858944,0,0,0,0,9
10739.2,1078,11576832,0,0,0,0,9
10410.3,1028,10701824,0,0,0,0,9
11223.8,1056,11852288,0,0,0,0,9
12825.1,1039,13325312,0,0,0,0,9
36552.7,1074,39257600,0,0,-0.334771,0,4
58593.4,1161,68026880,0,0,0,0,8
14623.4,1101,16100352,0,0,0,0,8
11257,1164,13103104,0,0,0,0,8
12624,1053,13293056,0,0,0,0,8
10944.2,927,10145280,0,0,0,0,8
8930.73,621,5545984,0,0,0,0,8
8235,1393,11471360,0,0,0,0,8
8618.88,1221,10523648,0,0,0,0,8
8886.54,1136,10095104,0,0,0,0,8
9230.3,1038,9581056,0,0,0,0,8
12325.7,1031,12707840,0,0,0,0,8
13789.6,1011,13941248,0,0,0,0,8
10978.1,1044,11461120,0,0,0,0,8
9834.56,1033,10159104,0,0,0,0,8
10062.5,1053,10595840,0,0,0,0,8
10573.7,1011,10690048,0,0,0,0,9
9435.15,1049,9897472,0,0,0,0,9
10231.7,1047,10712576,0,0,0,0,9
8793.93,1002,8811520,0,0,0,0,9
9299.54,1048,9745920,0,0,0,0,9
9598.42,1051,10087936,0,0,0,0,9
8405.33,1008,8472576,0,0,0,0,9
10910.5,604,6589952,0,0,0,0,9
11905.8,1018,12120064,0,0,0,0,9
54864.2,811,44494848,0,0,0,0,4
8393.13,1031,8653312,0,0,0,0,4
11031.3,1032,11384320,0,0,0,0,4
6688.88,1121,7498240,0,0,0,0,4
8792.83,1441,12670464,0,0,0,0,4
9862.6,1221,12042240,0,0,0,0,4
7648.48,1056,8076800,0,0,0,0,0
8306.36,1379,11454464,0,0,0,0,0
8230.84,1437,11827712,0,0,0,0,0
8587.09,1362,11695616,0,0,0,0,0
11956.1,1032,12338688,0,0,0,0,0
8193.02,1002,8209408,0,0,0,0,0
10571.5,1004,10613760,0,0,0,0,0
10615.1,1036,10997248,0,0,0,0,0
16538.7,960,15877120,0,0,0,0,0
10524.2,1052,11071488,0,0,0,0,0
15740.7,1018,16024064,0,0,0,0,0
12276.9,1017,12485632,0,0,0,0,9
10302.9,1002,10323456,0,0,0,0,9
12597.4,1006,12673024,0,0,0,0,9
16608.1,1010,16774144,0,0,0,0,9
13551.3,1014,13741056,0,0,0,0,9
11436.4,1013,11585024,0,0,0,0,9
11123.6,1050,11679744,0,0,0,0,9
12705.4,1001,12718080,0,0,0,0,9
16263,1024,16653312,0,0,0,0,9
18033.3,1003,18087424,0,0,0,0,9
8197.38,1143,9369600,0,0,0,0,2
15885,1027,16313856,0,0,0,0,2
16797.8,1011,16982528,0,0,0,0,2
14455.4,1025,14816768,0,0,0,0,2
14728.8,1289,18985472,0,0,0,0,2
13757.6,1095,15064576,0,0,0,0,2
16826.3,1006,16927232,0,0,0,0,2
6481.06,1118,7245824,0,0,0,0,2
8794.74,1010,8882688,0,0,0,0,2
13450.6,1064,14311424,0,0,0,0,2
15040.7,1071,16108544,0,0,0,0,2
13503.8,1009,13625344,0,0,0,0,2
13958.7,1140,15912960,0,0,0,0,2
13313,1014,13499392,0,0,0,0,2
14888.1,1021,15200768,0,0,0,0,2
14417.2,1022,14734336,0,0,0,0,2
21261.9,679,14436864,0,0,0,0,2
10652.1,938,9991680,0,0,0,0,2
15487.4,1005,15564800,0,0,0,0,2
17425.6,1046,18227200,0,0,0,0,2
47954.8,1023,49057792,0,0,0,0,2
51501.9,1031,53098496,0,0,0,0,2
50654.9,1035,52427776,0,0,0,0,2
13441.9,1005,13509120,0,0,0,0,2
11474.7,1040,11933696,0,0,0,0,2
10470,1024,10721280,0,0,0,0,9
10692.6,1043,11152384,0,0,0,0,9
7807.9,1273,9939456,0,0,0,0,9
9516.2,1083,10306048,0,0,0,0,9
11476.8,1061,12176896,0,0,0,0,9
13961.6,1005,14031360,0,0,0,0,9
17999.5,1185,21329408,0,0,0,0,9
7523.03,1034,7778816,0,0,0,0,9
26044,1002,26096128,0,0,0,0,9
48044.5,1048,50350592,0,0,0,0,9
17203.8,1028,17685504,0,0,0,0,9
12015,1174,14105600,0,0,0,0,9
10030.1,1493,14974976,0,0,0,0,9
11302.5,1397,15789568,0,0,0,0,9
8746.21,1031,9017344,0,0,0,0,9
10300.8,1247,12845056,0,0,0,0,9
13873.5,1065,14775296,0,0,0,0,9
7770.66,1073,8337920,0,0,0,0,9
10147.9,1028,10432000,0,0,0,0,9
10463.7,1007,10536960,0,0,0,0,9
10438.8,1038,10835456,0,0,0,0,9
10415.9,1016,10582528,0,0,0,0,9
12724.8,1069,13602816,0,0,0,0,0
19777.2,1001,19796992,0,0,0,0,0
12307.2,532,6547456,0,0,0,0,0
13623.6,1004,13678080,0,0,0,0,8
14500.6,1011,14660096,0,0,0,0,8
16373.4,337,5517824,0,0,0,0,8
14679,1042,15295488,0,0,0,0,8
17039.2,329,5605888,0,0,0,0,8
12073.5,1105,13341184,0,0,0,0,8
12687.5,1019,12928512,0,0,0,0,8
15573.8,1111,17302528,0,0,0,0,8
11586,1008,11678720,0,0,0,0,8
14803.2,1039,15380480,0,0,0,0,8
69220.8,1072,74204672,0,0,0,0,8
21920.2,1005,22029824,0,0,0,0,8
12457.5,1326,16518656,0,0,0,0,8
9176.53,1401,12856320,0,0,0,0,8
12788.9,1292,16523264,0,0,0,0,8
15069.4,1126,16968192,0,0,0,0,8
6949.88,1176,8173056,0,0,0,0,8
13324.4,1029,13710848,0,0,0,0,8
6649.26,1139,7573504,0,0,0,0,8
55375.3,1001,55430656,0,0,0,0,8
9690.23,1071,10378240,0,0,0,0,8
11964.3,1300,15553536,0,0,0,0,8
8231.58,1617,13310464,0,0,0,0,8
22196.2,1023,22706688,0,0,0,0,8
21382.5,1020,21810176,0,0,0,0,8
14833.4,1364,20232704,0,0,0,0,8
11235.9,1222,13730304,0,0,0,0,8
17610.5,718,12644352,0,0,0,0,8
8635.46,747,6450688,0,0,0,0,8
18919,1023,19354112,0,0,0,0,8
104710,1001,104814592,0,0,0,0,8
84007.7,1019,85603840,0,0,0,0,8
68847.1,1002,68984832,0,0,0,0,8
73527.5,1014,74556928,0,0,0,0,8
51052.9,1636,83522560,0,0,0,0,8
32188.1,1003,32284672,0,0,0,0,8
18422.3,1004,18496000,0,0,0,0,8
20970,1163,24388096,0,0,0,0,8
17586.6,1465,25764352,0,0,0,0,8
9965.52,1662,16562688,0,0,0,0,8
18209,1201,21869056,0,0,0,0,8
17432.8,1405,24493056,0,0,0,0,8
11380.2,1066,12131328,0,0,0,0,8
10171.6,1325,13477376,0,0,0,0,8
11558.1,1074,12413440,0,0,0,0,8
16889.1,1264,21347840,0,0,0,0,8
12944.2,1001,12957184,0,0,0,0,8
13965.7,1337,18672128,0,0,0,0,8
10562.2,1041,10995200,0,0,0,0,8
38201.1,1035,39538176,0,0,0,0,8
9259.3,1289,11935232,0,0,0,0,8
25260.2,883,22304768,0,0,0,0,8
4096,1103,4517888,0,0,0,0,8
4093.29,755,3090432,0,0,0,0,8
4096,1015,4157440,0,0,0,0,8
4199.14,1514,6357504,0,0,0,0,8
13705.4,1066,14609920,0,0,0,0,8
8319.53,1365,11356160,0,0,0,0,8
4096,383,1568768,0,0,0,0,8
4887.44,1103,5390848,0,0,0,0,8
97155.3,780,75781120,0,0,0,0,8
10190.4,1002,10210816,0,0,0,0,8
7542.48,1251,9435648,0,0,0,0,8
7459.65,1106,8250368,0,0,0,0,8
10677.9,1022,10912768,0,0,0,0,0
7351.1,1222,8983040,0,0,0,0,0
11423.8,564,6443008,0,0,0,0,0
32799.1,1004,32930304,0,0,0,0,8
270594,1029,278441472,0,0,0,0,8
11407.1,941,10734080,0,0,0,0,8
69517.6,1016,70629888,0,0,0,0,8
6538.14,1199,7839232,0,0,0,0,8
5493.98,2363,12982272,0,0,0,0,8
10303.1,1095,11281920,0,0,0,0,8
4422.44,1043,4612608,0,0,0,0,8
5817.9,1008,5864448,0,0,0,0,8
8899.89,954,8490496,0,0,0,0,8
10299.1,1005,10350592,0,0,0,0,8
5091.72,1539,7836160,0,0,0,0,8
8410.93,1036,8713728,0,0,0,0,8
11683.3,1165,13611008,0,0,0,0,8
6496.52,1037,6736896,0,0,0,0,8
7164.96,1010,7236608,0,0,0,0,9
7477.64,630,4710912,0,0,0,0,9
9612.61,670,6440448,0,0,0,0,9
8413.42,1029,8657408,0,0,0,0,9
6413.09,1408,9029632,0,0,0,0,9
7251.35,1204,8730624,0,0,0,0,9
6924.81,1539,10657280,0,0,0,0,9
8768.58,658,5769728,0,0,0,0,9
8553.22,1090,9323008,0,0,0,0,9
8004.98,1451,11615232,0,0,0,0,9
9654.3,1056,10194944,0,0,0,0,9
5214.81,1053,5491200,0,0,0,0,9
10786.8,1528,16482304,0,0,0,0,9
6928.26,1574,10905088,0,0,0,0,9
10004.6,1007,10074624,0,0,0,0,9
7842.18,1569,12304384,0,0,0,0,9
17442.4,1011,17634304,0,0,0,0,9
104917,1017,106700288,0,0,0,0,8
7504.41,1041,7812096,0,0,0,0,8
9747.81,1034,10079232,0,0,0,0,8
5799.1,1339,7764992,0,0,0,0,8
9490.46,1054,10002944,0,0,0,0,8
6360.87,1544,9821184,0,0,0,0,8
182088,1001,182269952,0,0,-2.77997e-05,0,8
28874.8,1058,30549504,0,0,0,0,8
39112.5,1006,39347200,0,0,0,0,8
144436,1115,161046528,0,0,0,0,8
16374.4,1277,20910080,0,0,0,0,8
12491.4,1719,21472768,0,0,-0.188709,0,8
11569.7,1338,15480320,0,0,0,0,8
14725.3,1077,15859200,0,0,0,0,8
10136.4,1799,18235392,0,0,0,0,8
5888,1268,7465984,0,0,0,0,8
6370.55,1469,9358336,0,0,0,0,8
6914.04,1002,6927872,0,0,0,0,8
8367.13,994,8316928,0,0,0,0,8
13033.1,1063,13854208,0,0,0,0,0
7540.19,1095,8256512,0,0,0,0,0
11066.1,1004,11110400,0,0,0,0,0
9298.44,1031,9586688,0,0,0,0,0
6089.11,1082,6588416,0,0,0,0,0
7666.03,1356,10395136,0,0,0,0,0
10106.8,1157,11693568,0,0,0,0,0
6962.43,1066,7421952,0,0,0,0,0
12948.3,1008,13051904,0,0,0,0,9
7959.57,1097,8731648,0,0,0,0,9
6679.21,1169,7808000,0,0,0,0,9
13756.9,1107,15228928,0,0,0,0,9
51393.8,1083,55659520,0,0,0,0,0
4096,1804,7389184,0,0,0,0,0
4119.8,2926,12054528,0,0,0,0,0
4096,1118,4579328,0,0,0,0,0
9169.64,1016,9316352,0,0,0,0,0
36394.7,1067,38833152,0,0,0.0178029,0,0
27330.9,1027,28068864,0,0,0,0,0
58143.6,1013,58899456,0,0,0,0,0
13832.3,1294,17899008,0,0,0,0,0
13435.7,1060,14241792,0,0,0,0,0
15755.9,1080,17016320,0,0,0,0,0
8857.95,2910,25776640,0,0,0,0,0
13989.8,1288,18018816,0,0,0,0,8
18877.2,1027,19386880,0,0,0,0,8
77723.7,1031,80133120,0,0,0,0,8
26241.1,1035,27159552,0,0,0,0,8
26836.7,1064,28554240,0,0,0,0,8
25229.2,1001,25254400,0,0,0,0,8
20342.9,1173,23862272,0,0,0,0,8
28611.8,1021,29212672,0,0,0,0,8
22155.1,1001,22177280,0,0,0,0,8
25311.2,1023,25893376,0,0,0,0,8
25983.4,1075,27932160,0,0,0,0,8
15164.1,1142,17317376,0,0,0,0,8
8925.43,1133,10112512,0,0,0,0,8
8180.31,1314,10748928,0,0,0,0,8
48032.9,1001,48080896,0,0,0,0,8
107141,1001,107248128,0,0,0,0,8
108301,1132,122596864,0,0,0,0,8
42221.4,1158,48892416,0,0,0,0,8
22904.6,1119,25630208,0,0,0,0,8
39689,1053,41792512,0,0,0,0,8
47003.8,1180,55464448,0,0,0,0,8
17087.5,1163,19872768,0,0,0,0,8
10171.3,1066,10842624,0,0,0,0,8
16559.2,1441,23861760,0,0,0,0,8
10093.3,1110,11203584,0,0,0,0,8
16000.1,1111,17776128,0,0,0,0,8
13007.5,1019,13254656,0,0,0,0,8
4133.43,7551,31211520,1,1,0,0,0
26836.3,1013,27185152,0,0,0,0,0
31143.7,1050,32700928,0,0,0,0,0
57308.4,1194,68426240,0,0,0,0,0
5576.12,1017,5670912,0,0,0,0,0
6459.69,2942,19004416,0,0,0.000628761,0,0
4096,1906,7806976,0,0,0,0,0
5232.17,1383,7236096,0,0,0,0,0
22932.4,1052,24124928,0,0,-0.0379577,0,0
16683.4,1057,17634304,0,0,0,0,9
20155.9,1003,20216320,0,0,0,0,9
20246.8,1034,20935168,0,0,0,0,9
17837.9,1060,18908160,0,0,0,0,9
4277.37,5502,23534080,0,0,0,0,0
5382.34,1050,5651456,0,0,0,0,0
6765.78,1152,7794176,0,0,0,0,9
4272.97,1435,6131712,0,0,0,0,9
12729.8,1159,14753792,0,0,0,0,9
18235.9,1107,20187136,0,0,0,0,9
14387.8,1196,17207808,0,0,0,0,9
18634.3,1010,18820608,0,0,0,0,9
16730,1027,17181696,0,0,0,0,9
18353.8,1074,19712000,0,0,0,0,9
15938.2,1005,16017920,0,0,0,0,9
12180.6,1039,12655616,0,0,0,0,9
5805.77,1320,7663616,0,0,0,0,9
4096,5072,20774912,0,0,0,0,9
4095.36,11228,45982720,1,1,0,0,9
4127.77,1805,7450624,0,0,0,0,9
19476.5,1497,29156352,0,0,0.00205288,0,9
4181.76,2770,11583488,0,0,0,0,9
31749.7,1354,42989056,0,0,0.345437,0,9
11367.9,1035,11765760,0,0,0,0,9
18271.4,1017,18582016,0,0,0,0,9
10708.6,1299,13910528,0,0,0,0,9
15112.1,1078,16290816,0,0,0,0,9
4122.28,7792,32120832,1,1,0,0,9
12840.4,1052,13508096,0,0,0,0,9
27646.5,1028,28420608,0,0,-0.0607983,0,9
30694.7,1071,32873984,0,0,0,0,9
17596.3,1017,17895424,0,0,0,0,9
14783.7,1004,14842880,0,0,0,0,9
10991.2,1021,11222016,0,0,0,0,9
15551.7,1055,16407040,0,0,0,0,9
31515.7,1016,32019968,0,0,0,0,9
5697.98,1327,7561216,0,0,0,0,9
4155.97,4303,17883136,1,1,0,0,9
10565.9,1326,14010368,0,0,-0.00263852,0,9
4185.66,4020,16826368,0,0,0,0,9
14261.8,1035,14760960,0,0,-0.00456621,0,9
7118.48,1034,7360512,0,0,0,0,9
6232.2,2949,18378752,0,0,0,0,9
4219.34,1594,6725632,0,0,0,0,9
4091.76,5911,24186368,0,0,0,0,9
4094.98,7043,28840960,1,1,0,0,0
4096,2913,11931648,0,0,0,0,0
4097.9,43316,177504768,1,1,0,0,9
8586.91,1513,12992000,0,0,0,0,9
4101.56,7363,30199808,1,1,0,0,9
4033.99,2543,10258432,0,0,0,0,9
4139.91,1026,4247552,0,0,0,0,9
4879.3,1121,5469696,0,0,0,0,9
4551.79,1084,4934144,0,0,0,0,9
20291.7,1074,21793280,0,0,0.292349,0,0
15205.5,1054,16026624,0,0,0,0,0
18498.4,1010,18683392,0,0,0,0,8
13034.7,1045,13621248,0,0,0,0,8
84075.8,1026,86261760,0,0,0,0,8
44236.6,1076,47598592,0,0,0,0,8
13322.3,1048,13961728,0,0,0,0,8
14726.2,1202,17700864,0,0,0,0,8
15418.9,1069,16482816,0,0,0,0,8
9178.07,1215,11151360,0,0,0,0,8
7813.3,1014,7922688,0,0,0,0,8
9796.12,1180,11559424,0,0,0,0,8
10661.4,1091,11631616,0,0,0,0,8
8945.42,1001,8954368,0,0,0,0,8
11766.9,1065,12531712,0,0,0,0,8
13057.6,1107,14454784,0,0,0,0,8
17314.4,1001,17331712,0,0,0,0,8
11794,1164,13728256,0,0,0,0,8
13563.1,1038,14078464,0,0,0,0,0
12929.1,1059,13691904,0,0,0,0,0
11887.8,1003,11923456,0,0,0,0,0
15763.1,1091,17197568,0,0,0,0,0
12795.2,1068,13665280,0,0,0,0,0
33223.7,1001,33256960,0,0,0,0,8
13805.4,1020,14081536,0,0,0,0,8
14581,1001,14595584,0,0,0,0,0
31773.9,1043,33140224,0,0,0,0,0
29843.6,1034,30858240,0,0,0,0,0
28679.5,1025,29396480,0,0,0,0,8
28753.7,1015,29185024,0,0,0,0,8
33973.1,1012,34380800,0,0,0,0,8
19512.7,1066,20800512,0,0,0,0,8
8034.04,1115,8957952,0,0,0,0,8
13269.5,1072,14224896,0,0,0,0,8
67273,1001,67340288,0,0,0,0,8
67038.8,1001,67105792,0,0,0,0,8
25189.6,1068,26902528,0,0,0,0,8
8117.53,1375,11161600,0,0,0,0,8
20848.8,1001,20869632,0,0,0,0,2
19615,1024,20085760,0,0,0,0,2
17987.9,1003,18041856,0,0,0,0,2
25244.7,1042,26305024,0,0,0,0,8
26435,1013,26778624,0,0,0,0,8
22320,1024,22855680,0,0,0,0,8
21956.4,1022,22439424,0,0,0,0,8
13711.5,1129,15480320,0,0,0,0,8
17817.1,1224,21808128,0,0,0,0,8
19861.1,1394,27686400,0,0,0,0,8
13428.9,1012,13590016,0,0,0,0,8
13228.8,1034,13678592,0,0,0,0,8
12433.3,1476,18351616,0,0,0,0,8
34114.2,1028,35069440,0,0,0,0,8
13536.8,1355,18342400,0,0,0,0,8
14169.6,1003,14212096,0,0,0,0,8
15619.6,1197,18696704,0,0,0,0,8
12294.4,1038,12761600,0,0,0,0,8
30231.5,1004,30352384,0,0,0,0,8
9841.86,1313,12922368,0,0,0,0,8
34951.8,1003,35056640,0,0,0,0,0
23378.4,1047,24477184,0,0,0,0,0
76497.4,1049,80245760,0,0,0,0,8
22915.1,1267,29033472,0,0,0,0,8
33383.6,1003,33483776,0,0,0,0,8
64299.4,1009,64878080,0,0,0,0,8
65636.7,1134,74432000,0,0,0,0,8
74648.1,1010,75394560,0,0,0,0,8
64686.4,1098,71025664,0,0,0,0,8
47492.2,1286,61074944,0,0,0,0,8
70992.3,1195,84835840,0,0,0,0,8
25826.8,1018,26291712,0,0,0,0,8
8360.1,2656,22204416,0,0,-0.0254524,0,8
5930.64,1615,9577984,0,0,0,0,8
49806.6,1027,51151360,0,0,0,0,8
20475.1,1043,21355520,0,0,0,0,8
29237.8,2417,70667776,0,0,0.528535,0,8
20377.8,1162,23678976,0,0,0,0,8
45984.5,1404,64562176,0,0,0,0,0
78355.2,1068,83683328,0,0,0,0,0
16711.9,1071,17898496,0,0,0,0,0
12587.8,1197,15067648,0,0,0,0,0
46080.9,1100,50689024,0,0,0,0,0
40488.3,1028,41622016,0,0,0,0,0
21451.1,1500,32176640,0,0,0,0,0
14670.4,1228,18015232,0,0,0,0,0
37540.3,1072,40243200,0,0,0,0,0
25332.1,1009,25560064,0,0,0,0,8
34450.5,1003,34553856,0,0,0,0,8
55473.6,1110,61575680,0,0,0,0,8
61363.4,1002,61486080,0,0,0,0,8
46490.5,1049,48768512,0,0,0,0,8
46839.7,1019,47729664,0,0,0,0,8
35195.3,2106,74121216,0,0,0,0,8
64107.6,1033,66223104,0,0,0,0,8
23218.8,1864,43279872,0,0,0,0,8
51233.4,1057,54153728,0,0,0,0,8
17173.2,1328,22806016,0,0,0,0,8
34624.9,1002,34694144,0,0,0,0,8
16016.2,1069,17121280,0,0,0,0,8
45049.6,1047,47166976,0,0,0,0,8
35461.1,1135,40248320,0,0,0,0,8
63715.9,1038,66137088,0,0,0,0,8
25332.8,1326,33591296,0,0,0,0,8
13940.8,1512,21078528,0,0,0,0,8
37852.8,1092,41335296,0,0,0,0,8
36682.9,1026,37636608,0,0,0,0,8
22754.8,1219,27738112,0,0,0,0,8
34572.9,1009,34884096,0,0,0,0,8
57801.1,1017,58783744,0,0,0,0,8
41284.4,1621,66921984,0,0,0,0,8
24929.3,1465,36521472,0,0,0,0,8
67898.3,1168,79305216,0,0,0,0,8
38943.6,1199,46693376,0,0,0,0,8
30461.6,1076,32776704,0,0,0,0,8
74658,1013,75628544,0,0,0,0,8
30302.6,1110,33635840,0,0,0,0,8
79641.3,1034,82349056,0,0,0,0,8
29530.5,1015,29973504,0,0,0,0,8
24840.9,1813,45036544,0,0,0,0,8
62086.3,1003,62272512,0,0,0,0,8
28118.5,1369,38494208,0,0,0,0,8
45736.1,1002,45827584,0,0,0,0,8
31752.9,1270,40326144,0,0,0,0,8
23603.6,1140,26908160,0,0,0,0,8
44475,1395,62042624,0,0,0,0,8
7666.55,4340,33272832,1,1,0,0,8
4564.3,5436,24811520,0,0,0,0,8
17096.1,1131,19335680,0,0,0,0,8
14705.8,1001,14720512,0,0,0,0,8
28855.8,1003,28942336,0,0,0,0,8
8049.42,2431,19568128,0,0,0,0,8
220185,1002,220625408,0,0,-0.00013928,0,8
57977.2,2188,126854144,0,0,0,0,0
64420.8,1010,65064960,0,0,0,0,0
44874.4,1015,45547520,0,0,0,0,8
31629.1,1025,32419840,0,0,0,0,8
15899.5,2235,35535360,0,0,0,0,8
22404.2,1117,25025536,0,0,0,0,8
29763,1031,30685696,0,0,0,0,8
31819.6,2263,72007680,0,0,0,0,8
23172,1024,23728128,0,0,0,0,8
46555.5,1177,54795776,0,0,0,0,8
26036.5,1024,26661376,0,0,0,0,8
34389.5,1006,34595840,0,0,0,0,8
23171.6,1128,26137600,0,0,0,0,8
19139.4,1030,19713536,0,0,0,0,8
28057.9,1173,32911872,0,0,0,0,8
13049.6,1046,13649920,0,0,0,0,2
12325.7,1845,22740992,0,0,0,0,2
3125.76,5886,18398208,0,0,0,0,8
4150.28,8867,36800512,0,0,0,0,8
5950.05,1019,6063104,0,0,0,0,9
5222.22,1162,6068224,0,0,0,0,9
5623.85,1194,6714880,0,0,0,0,9
5208.84,1337,6964224,0,0,0,0,9
4406.44,1768,7790592,0,0,0,0,9
4459.4,1995,8896512,0,0,0,0,9
4108.32,5734,23557120,0,0,0,0,9
6345.62,1257,7976448,0,0,0,0,9
6007.61,1633,9810432,0,0,0,0,9
4442.09,1040,4619776,0,0,0,0,9
6337.39,1104,6996480,0,0,0,0,9
7522.57,1457,10960384,0,0,0,0,9
7003.29,1147,8032768,0,0,0,0,9
5316.34,1416,7527936,0,0,0,0,9
6115.3,1124,6873600,0,0,0,0,9
4416.65,2352,10387968,0,0,0,0,9
4779.73,1446,6911488,0,0,0,0,9
4115.24,5190,21358080,0,0,0,0,9
4162.11,3222,13410304,0,0,0,0,9
17601.3,1004,17671680,0,0,0,0,9
12759.2,1429,18232832,0,0,0,0,9
12847.1,1012,13001216,0,0,0,0,9
4871.03,1493,7272448,0,0,0,0,9
8126.64,1081,8784896,0,0,0,0,9
6975.49,1008,7031296,0,0,0,0,9
15036,1005,15111168,0,0,0,0,9
21115.3,1051,22192128,0,0,0,0,9
79373.8,1002,79532544,0,0,0,0,9
61112.7,1214,74190848,0,0,0,0,9
4117.85,31845,131132928,1,1,4.13751e-05,0,9
6977.45,1674,11680256,0,0,0,0,9
3198.7,1673,5351424,0,0,0,0,9
3168.73,11126,35255296,1,1,0,0,9
5435.14,45511,247358464,0,0,0,0,9
2162.29,16732,36179456,0,0,0,0,9
4966.44,1397,6938112,0,0,0,0,9
4555.82,1462,6660608,0,0,0,0,9
2685.96,1760,4727296,0,0,0,0,9
2027.37,21496,43580416,1,1,-0.000207833,0,9
20312.7,1001,20333056,0,0,0,0,9
73771,1001,73844736,0,0,0,0,9
140857,1004,141420544,0,0,0,0,9
181138,1002,181500416,0,0,0,0,9
150790,1004,151393280,0,0,0,0,9
150151,1023,153604608,0,0,0,0,9
5120.36,17034,87220224,1,1,0,0,9
4105.33,32934,135204864,1,1,0,0,9
9873.06,1013,10001408,0,0,0,0,9
3170.1,50000,158504960,1,1,0.000139736,0,9
2658.18,28180,74907648,1,1,0,0,9
2646.31,5250,13893120,1,1,0,0,9
2112.85,26005,54944768,1,1,0,0,9
4449.98,1228,5464576,0,0,0,0,9
8168.49,1263,10316800,0,0,0,0,9
90113.5,1002,90293760,0,0,0,0,9
69046.6,537,37078016,0,0,0,0,9
2129.59,4600,9796096,0,0,0,0,9
7000.93,1330,9311232,0,0,0,0,9
2687.47,6740,18113536,0,0,0,0,9
41508.8,1195,49603072,0,0,0,0,9
4677.08,2446,11440128,0,0,-0.342728,0,9
6484.76,1480,9597440,0,0,0,0,9
5068.3,1119,5671424,0,0,0,0,9
3690.97,1345,4964352,0,0,0,0,9
9409.27,1208,11366400,0,0,0,0,9
5181.68,1104,5720576,0,0,0,0,9
5153.22,1125,5797376,0,0,0,0,9
5566.51,2017,11227648,0,0,0,0,9
6842.11,1381,9448960,0,0,0,0,9
6160.37,1470,9055744,0,0,0,0,9
6631.19,1197,7937536,0,0,0,0,9
3606.97,1672,6030848,0,0,0,0,9
16985.4,722,12263424,0,0,0,0,9
6023.7,1047,6306816,0,0,0,0,9
4360.58,1552,6767616,0,0,0,0,9
53881.7,1279,68914688,0,0,-9.13544e-05,0,9
7134.74,1324,9446400,0,0,0,0,9
4402.81,2393,10535936,0,0,0,0,9
12324.2,1102,13581312,0,0,0,0,9
4667.85,3088,14414336,0,0,-0.0628067,0,9
9474.07,1730,16390144,0,0,0,0,9
3762,1490,5605376,0,0,0,0,9
7915.67,1045,8271872,0,0,0,0,9
4589.81,3011,13819904,0,0,0,0,9
6951.5,1147,7973376,0,0,0,0,9
5113.16,2170,11095552,0,0,0,0,9
4084.09,1075,4390400,0,0,0,0,9
7772.87,1031,8013824,0,0,0,0,9
4898.11,1816,8894976,0,0,0,0,9
7717.06,1188,9167872,0,0,0,0,9
4909.67,1222,5999616,0,0,0,0,9
5084.6,1996,10148864,0,0,0,0,9
8441.59,1358,11463680,0,0,0,0,9
4821.33,1560,7521280,0,0,0,0,9
6530.22,1673,10925056,0,0,0,0,9
5622.68,1099,6179328,0,0,0,0,9
7512.81,1277,9593856,0,0,0,0,9
4632.77,2067,9575936,0,0,0,0,9
6935.35,1228,8516608,0,0,0,0,9
4409.87,3145,13869056,0,0,0,0,9
7062.6,1127,7959552,0,0,0,0,9
7487.2,1681,12585984,0,0,0,0,9
5584.63,1697,9477120,0,0,0,0,9
169672,1083,183754752,0,0,-0.000121427,0,9
3974.85,3140,12481024,0,0,-0.00635762,0,9
4001.85,3339,13362176,0,0,0,0,9
5980.46,1581,9455104,0,0,0,0,9
3623.33,5090,18442752,1,1,0.0188732,1,9
3691.04,3219,11881472,0,0,0,0,9
4634.71,1783,8263680,0,0,0,0,9
3952.4,1444,5707264,0,0,0,0,9
6219.63,1178,7326720,0,0,0,0,9
6374.87,2588,16498176,0,0,0,0,9
3717.12,2523,9378304,0,0,0,0,9
3452.31,4055,13999104,0,0,0,0,9
3676.89,3285,12078592,0,0,0,0,9
4159.53,1370,5698560,0,0,0,0,9
6038.56,3098,18707456,0,0,0,0,9
4118.51,1456,5996544,0,0,0,0,9
3566.02,2392,8529920,0,0,0,0,9
5401.89,1918,10360832,0,0,0,0,9
3940.1,4854,19125248,0,0,0,0,9
4111.28,3149,12946432,0,0,0,0,9
5477.55,1021,5592576,0,0,0,0,9
9157.66,1018,9322496,0,0,0,0,9
6381.35,1016,6483456,0,0,0,0,9
5766.61,1046,6031872,0,0,0,0,9
5715.25,1722,9841664,0,0,0,0,9
10875.6,1520,16530944,0,0,0,0,9
4460.99,3824,17058816,0,0,0,0,9
4426.57,3124,13828608,0,0,0,0,9
18547,1006,18658304,0,0,0,0,9
4536.96,1254,5689344,0,0,0,0,9
3835.45,1631,6255616,0,0,0,0,9
4296.78,1298,5577216,0,0,0,0,9
3581.59,12935,46327808,1,1,0.00241865,0,9
3849.53,2445,9412096,0,0,0,0,9
8142.91,2326,18940416,0,0,0,0,9
4974.62,2673,13297152,0,0,0,0,9
5185.86,1034,5362176,0,0,0,0,9
3681.58,2592,9542656,0,0,0,0,9
3565.24,1556,5547520,0,0,0,0,9
3592.74,3750,13472768,0,0,0,0,9
3885.76,2182,8478720,0,0,0,0,9
3464.61,4606,15958016,0,0,0,0,9
6275.09,5554,34851840,1,1,-0.00697721,0,9
3417.08,15202,51946496,1,1,-0.000472827,0,9
14664.2,936,13725696,0,0,0,0,9
3608.05,20476,73878528,1,1,-0.0352672,0,9
7783.52,2374,18478080,0,0,0,0,9
3670.15,4612,16926720,0,0,0,0,9
4084.03,6972,28473856,0,0,0,0,9
4945.66,2975,14713344,0,0,0,0,9
3490.88,11508,40173056,0,0,0,0,9
6656.42,2430,16175104,0,0,0,0,9
3522.53,17676,62264320,1,1,-0.0521295,0,9
4143.73,1019,4222464,0,0,0,0,9
9115.37,1908,17392128,0,0,0,0,9
3614.65,5612,20285440,0,0,0,0,9
4343.79,5052,21944832,0,0,0,0,9
3390.75,4573,15505920,0,0,0,0,9
3667.05,4303,15779328,0,0,0,0,9
6151.18,2922,17973760,0,0,0,0,9
3519.37,14069,49513984,1,1,-0.00201149,0,9
3562.27,3864,13764608,0,0,0,0,9
23012.6,504,11598336,0,0,0,0,9
3626.28,16409,59503616,1,1,0.00753296,1,9
3546.61,4478,15881728,0,0,0,0,9
23399,492,11512320,0,0,0,0,9
3941.29,1572,6195712,0,0,0,0,9
4320.05,1314,5676544,0,0,0,0,9
3887.55,2891,11238912,0,0,0,0,9
4957.34,4051,20082176,0,0,0,0,9
3411.69,6540,22312448,0,0,0,0,9
3688.43,3878,14303744,0,0,0,0,9
5866.04,3288,19287552,0,0,0,0,9
3599.2,19471,70080000,1,1,-0.0491626,0,9
6488.59,4450,28874240,0,0,0,0,9
9264.44,1374,12729344,0,0,0,0,9
2232.23,2051,4578304,0,0,0,0,9
2108.64,3842,8101376,0,0,0,0,9
1846.39,7898,14582784,0,0,0,0,9
2501.18,1471,3679232,0,0,0,0,9
6966.31,4879,33988608,0,0,0,0,9
3209.77,16709,53632000,1,1,-0.0761407,0,9
22184,1009,22383616,0,0,0,0,9
4328.1,4659,20164608,0,0,0,0,9
3190.66,16479,52578816,1,1,-0.0376199,0,9
8508.35,4755,40457216,1,1,0,0,9
2347.77,14984,35179008,0,0,0,0,9
2605.52,1271,3311616,0,0,0,0,9
6377.54,5847,37289472,0,0,0,0,9
3248.9,17635,57294336,1,1,-0.200405,0,9
9197.77,4774,43910144,1,1,0,0,9
2349.53,14934,35087872,0,0,-0.0189317,0,9
2575.89,1321,3402752,0,0,0,0,9
23162.1,4931,114212352,1,1,0,0,9
3138.71,16049,50373120,1,1,0.0792215,1,9
8428.56,4595,38729216,1,1,0,0,9
2348.16,14446,33921536,0,0,0,0,9
2591.59,1264,3275776,0,0,0,0,9
26451.1,530,14019072,0,0,0,0,9
4357.19,3999,17424384,0,0,0,0,9
13619.7,1313,17882624,0,0,0,0,9
2491.51,14705,36637696,0,0,0,0,9
9008.63,4817,43394560,1,1,0,0,9
2418.11,13362,32310784,0,0,0,0,9
2242.21,2552,5722112,0,0,0,0,9
11002,1110,12212224,0,0,0,0,9
4176.45,4996,20865536,0,0,0,0,9
8158.16,4962,40480768,1,1,-0.224471,0,9
2320.17,10943,25389568,0,0,-0.158069,0,9
52323.6,468,24487424,0,0,0,0,9
4096,543,2224128,0,0,0,0,9
4371.95,3785,16547840,0,0,0,0,9
2413.53,12818,30936576,0,0,0,0,9
2276.82,3070,6989824,0,0,0,0,9
22653.5,461,10443264,0,0,0,0,9
4096,538,2203648,0,0,0,0,9
4394.42,3500,15380480,0,0,0,0,9
3209.24,15881,50966016,1,1,-0.0918279,0,9
9582.45,4302,41223680,1,1,0,0,9
14503.4,1040,15083520,0,0,0,0,9
2278.14,14078,32071680,0,0,0,0,9
47855.9,476,22779392,0,0,0,0,9
4096,761,3117056,0,0,0,0,9
4428.96,3137,13893632,0,0,0,0,9
2386.31,12767,30466048,0,0,0,0,9
2225.43,2170,4829184,0,0,0,0,9
11021.9,1053,11606016,0,0,0,0,9
3287.61,919,3021312,0,0,0,0,9
4293.13,5514,23672320,0,0,0,0,9
4544.34,5694,25875456,0,0,0,0,9
2404.41,9642,23183360,0,0,0,0,9
3283.03,1002,3289600,0,0,0,0,9
29049.1,558,16209408,0,0,0,0,9
4355.69,4022,17518592,0,0,0,0,9
2493.95,11085,27645440,0,0,0,0,9
1837.25,1273,2338816,0,0,0,0,9
2161.34,2846,6151168,0,0,0,0,9
39828.4,1137,45284864,0,0,0,0,9
3900,3388,13213184,0,0,0,0,9
3703.23,3122,11561472,0,0,0,0,9
3882.29,3172,12314624,0,0,0,0,9
3892.29,3099,12062208,0,0,0,0,9
4141.9,1718,7115776,0,0,0,0,9
4008.89,1440,5772800,0,0,0,0,9
4702.89,1241,5836288,0,0,0,0,9
4244.2,2757,11701248,0,0,0,0,9
3779.48,3033,11463168,0,0,0,0,9
4928.71,538,2651648,0,0,0,0,9
3710.36,2492,9246208,0,0,0,0,9
4341.35,1010,4384768,0,0,0,0,9
3911.2,2028,7931904,0,0,0,0,9
4096,563,2306048,0,0,0,0,9
3761.97,2408,9058816,0,0,0,0,9
4524.34,967,4375040,0,0,0,0,9
3738.62,2010,7514624,0,0,0,0,9
4309.54,1055,4546560,0,0,0,0,9
3630.44,1378,5002752,0,0,0,0,9
4210.88,1551,6531072,0,0,0,0,9
3007.87,1445,4346368,0,0,0,0,9
4447.82,1758,7819264,0,0,0,0,9
3243.66,689,2234880,0,0,0,0,9
5384.05,1590,8560640,0,0,0,0,9
10988.4,847,9307136,0,0,0,0,9
28634.8,1212,34705408,0,0,0,0,9
4096,2133,8736768,0,0,0,0,9
4541.6,2344,10645504,0,0,0,0,9
2745.16,11890,32640000,0,0,0,0,9
1968.87,4963,9771520,0,0,0,0,9
40038.3,806,32270848,0,0,0,0,9
4151.12,2378,9871360,0,0,0,0,9
4475.18,2949,13197312,0,0,0,0,9
24839.6,470,11674624,0,0,0,0,9
1952.86,10564,20630016,0,0,0,0,9
1936.99,5839,11310080,0,0,0,0,9
2256.32,3227,7281152,0,0,0,0,9
25783.4,494,12737024,0,0,0,0,9
4333.06,4406,19091456,0,0,0,0,9
21357.1,488,10422272,0,0,0,0,9
1985.41,11476,22784512,0,0,0,0,9
1994.83,4901,9776640,0,0,0,0,9
17004.1,767,13042176,0,0,0,0,9
4266.81,6115,26091520,0,0,0,0,9
21641.9,479,10366464,0,0,0,0,9
2030.61,5976,12134912,0,0,0,0,9
2114.35,3349,7080960,0,0,0,0,9
2418.69,7109,17194496,0,0,0,0,9
2920.42,1905,5563392,0,0,0,0,9
14084.8,2260,31831552,1,1,0,0,9
3988.58,1225,4886016,0,0,0,0,9
4009.96,1803,7229952,0,0,0,0,9
4023.26,1795,7221760,0,0,0,0,9
3999.45,1819,7275008,0,0,0,0,9
4010.76,1808,7251456,0,0,0,0,9
3993.4,2066,8250368,0,0,0,0,9
3907.35,1167,4559872,0,0,0,0,9
4003.87,1217,4872704,0,0,0,0,9
4074.21,1786,7276544,0,0,0,0,9
4046.39,1837,7433216,0,0,0,0,9
4049.28,1852,7499264,0,0,0,0,9
4032.69,1860,7500800,0,0,0,0,9
4005.53,1811,7254016,0,0,0,0,9
3489.51,1669,5824000,0,0,0,0,9
5720.75,1125,6435840,0,0,0,0,9
6239.37,510,3182080,0,0,0,0,9
7549.13,1694,12788224,0,0,0,0,9
3016.1,2830,8535552,0,0,0,0,9
3257.55,2075,6759424,0,0,0,0,9
11592.3,1254,14536704,0,0,0,0,9
5291.92,1498,7927296,0,0,0,0,9
1877.15,4693,8809472,0,0,0,0,9
36539.7,1304,47647744,0,0,-0.000996533,0,9
4276.44,1013,4332032,0,0,0,0,9
8714.96,1028,8958976,0,0,0,0,9
2363.62,5037,11905536,0,0,0,0,9
12548.8,952,11946496,0,0,0,0,9
2578.74,6255,16130048,0,0,0,0,9
6555.88,1662,10895872,0,0,0,0,9
4812.22,4064,19556864,0,0,0,0,9
3345.62,1409,4713984,0,0,0,0,9
8446.29,1941,16394240,0,0,0,0,9
4059.1,2123,8617472,0,0,0,0,9
2403.86,3384,8134656,0,0,0,0,9
6745.14,1930,13018112,0,0,0,0,9
5103.51,1925,9824256,0,0,0,0,9
2495.84,3687,9202176,0,0,0,0,9
14968.3,1043,15611904,0,0,0,0,9
4987.01,1001,4992000,0,0,0,0,9
8794.42,1693,14888960,0,0,0,0,9
4082.86,1792,7316480,0,0,0,0,9
3442.08,2179,7500288,0,0,0,0,9
11205.1,1104,12370432,0,0,0,0,9
4181.93,715,2990080,0,0,0,0,9
4216.76,2103,8867840,0,0,0,0,9
1845,1140,2103296,0,0,0,0,9
2318.99,2938,6813184,0,0,0,0,9
7675.92,1130,8673792,0,0,0,0,9
4600.59,2280,10489344,0,0,0,0,9
2751.42,1653,4548096,0,0,0,0,9
6307.16,1001,6313472,0,0,0,0,9
5316.35,1648,8761344,0,0,0,0,9
2600.64,3439,8943616,0,0,0,0,9
1899.94,2348,4461056,0,0,0,0,9
90625.5,672,60900352,0,0,-0.00124298,0,9
3939.76,1124,4428288,0,0,0,0,9
3836.63,3117,11958784,0,0,0,0,9
3797.16,4631,17584640,0,0,0,0,9
6944.88,436,3027968,0,0,0,0,9
4157.24,602,2502656,0,0,0,0,9
4030.62,1856,7480832,0,0,0,0,9
3479.91,2420,8421376,0,0,0,0,9
6090.6,1141,6949376,0,0,0,0,9
5980.02,1021,6105600,0,0,0,0,9
3525.17,1201,4233728,0,0,0,0,9
5467.64,595,3253248,0,0,0,0,9
3619.33,1029,3724288,0,0,0,0,9
4711.37,1897,8937472,0,0,0,0,9
6382.19,1466,9356288,0,0,0,0,9
7429.87,1046,7771648,0,0,0,0,9
7210.87,1063,7665152,0,0,0,0,9
4922.63,1930,9500672,0,0,0,0,9
5640.39,1037,5849088,0,0,0,0,9
7017.41,1241,8708608,0,0,0,0,9
14390.7,1030,14822400,0,0,0,0,9
4473.96,2036,9108992,0,0,0,0,9
4779.66,1378,6586368,0,0,0,0,9
4886.4,1646,8043008,0,0,0,0,9
3802.32,3241,12323328,0,0,0,0,9
4033.22,2365,9538560,0,0,0,0,9
4138.48,1832,7581696,0,0,0,0,9
4446.48,4200,18675200,0,0,0,0,9
4939.56,1572,7764992,0,0,0,0,9
4904.47,1632,8004096,0,0,0,0,9
4020.28,3347,13455872,0,0,0,0,9
4727.13,1702,8045568,0,0,0,0,9
3521,1918,6753280,0,0,0,0,9
3915.37,1267,4960768,0,0,0,0,9
4882.29,1624,7928832,0,0,0,0,9
3127.57,1511,4725760,0,0,0,0,9
3755.78,1842,6918144,0,0,0,0,9
4138.61,2403,9945088,0,0,0,0,9
5391.22,1816,9790464,0,0,0,0,9
7994.17,1426,11399680,0,0,0,0,9
6884.06,1237,8515584,0,0,0,0,9
80644.1,1892,152578560,0,0,-0.00146166,0,9
3557.77,2440,8680960,0,0,0,0,9
5255.53,646,3395072,0,0,0,0,9
3493.3,7056,24648704,0,0,0,0,9
4207.31,5391,22681600,0,0,0,0,9
3312.33,5882,19483136,0,0,0,0,9
3893.49,11294,43973120,1,1,0,0,9
3906.52,11827,46202368,1,1,0,0,9
3899.71,11276,43973120,1,1,0,0,9
5316.96,3200,17014272,0,0,0,0,9
3109.96,5328,16569856,0,0,0,0,9
3453.62,3012,10402304,0,0,0,0,9
5269.47,3511,18501120,0,0,0,0,9
3165.43,3962,12541440,0,0,0,0,9
3401.79,3799,12923392,0,0,0,0,9
7746.89,1194,9249792,0,0,0,0,9
3502.1,2663,9326080,0,0,0,0,9
5878.67,1015,5966848,0,0,0,0,9
4096,700,2867200,0,0,0,0,9
4033.72,2491,10048000,0,0,0,0,9
3331.17,1695,5646336,0,0,0,0,9
3613.5,2430,8780800,0,0,0,0,9
5202.37,2387,12418048,0,0,0,0,9
3199.26,2768,8855552,0,0,0,0,9
3455.44,2748,9495552,0,0,0,0,9
8316.5,658,5472256,0,0,0,0,9
3412.63,9940,33921536,0,0,0,0,9
4000.15,1047,4188160,0,0,0,0,9
4258.94,7042,29991424,0,0,0,0,9
3734.17,2015,7524352,0,0,0,0,9
3896.73,2649,10322432,0,0,0,0,9
3881.38,11642,45187072,1,1,0,0,9
4857.28,3808,18496512,0,0,0,0,9
3660.33,7251,26541056,0,0,0,0,9
3898.04,7221,28147712,0,0,0,0,9
3750.26,10689,40086528,0,0,0,0,9
3907.82,11226,43869184,1,1,0,0,9
3908.3,10701,41822720,1,1,0,0,9
3900.64,10714,41791488,1,1,0,0,9
4797.36,3826,18354688,0,0,0,0,9
3683.08,7307,26912256,0,0,0,0,9
3764.06,11169,42040832,1,1,0,0,9
26201.1,4842,126865920,1,1,-0.000152548,0,9
3054.53,16764,51206144,0,0,0,0,9
9012.78,6956,62692864,1,1,-0.000488019,0,9
3037.31,25269,76749824,1,1,-0.0497538,0,9
9685.95,3543,34317312,1,1,0,0,9
3262.73,9304,30356480,0,0,0,0,9
5387.64,4312,23231488,0,0,0,0,9
3059.68,16792,51378176,1,1,0.0376747,1,9
7333.19,3834,28115456,0,0,0,0,9
2902.6,15457,44865536,1,1,0,0,9
20008.1,728,14565888,0,0,0,0,9
4264.82,6187,26386432,0,0,0,0,9
4881.49,7496,36591616,1,1,-0.370201,0,9
3358.82,1196,4017152,0,0,0,0,9
2348.33,5186,12178432,0,0,0,0,9
2306.12,11483,26481152,0,0,0,0,9
6293.09,9042,56902144,1,1,0,0,9
3232.14,27566,89097216,1,1,-0.134232,0,0
47051.4,3428,161292288,1,1,-2.90453e-05,0,9
2772.97,9835,27272192,0,0,0,0,9
142913,2826,403872256,1,1,0,0,9
2965.68,8572,25421824,0,0,0,0,9
12011.7,4782,57439744,1,1,0.000350442,0,9
5649.87,3724,21040128,0,0,0,0,9
2172.12,13246,28771840,0,0,0,0,9
7001.02,4857,34003968,1,1,0,0,9
5746.77,3792,21791744,0,0,0,0,9
3144.74,1281,4028416,0,0,0,0,9
3212.39,1105,3549696,0,0,0,0,9
3050.28,2004,6112768,0,0,0,0,9
2496.23,8784,21926912,0,0,0,0,9
29871.9,1010,30170624,0,0,0,0,9
4600.75,2118,9744384,0,0,0,0,9
3114.77,7913,24647168,0,0,0,0,9
4904.66,6629,32513024,0,0,0,0,9
9744.72,2726,26564096,1,1,-0.159373,0,9
2249.88,11098,24969216,0,0,0,0,9
2924.77,1937,5665280,0,0,0,0,9
3760.98,1001,3764736,0,0,0,0,9
2619.73,3223,8443392,0,0,0,0,9
2534.35,1078,2732032,0,0,0,0,9
2341.87,1129,2643968,0,0,0,0,9
3095.6,1193,3693056,0,0,0,0,9
2903.1,1740,5051392,0,0,0,0,9
16887.9,1526,25771008,0,0,0.00274043,0,9
5724.02,1174,6720000,0,0,0,0,9
8357.2,1531,12794880,0,0,0,0,9
2576.13,6222,16028672,0,0,0,0,9
2928.09,1722,5042176,0,0,0,0,9
6923.01,2489,17231360,0,0,0,0,9
5185.51,1993,10334720,0,0,0,0,9
4278.68,838,3585536,0,0,0,0,9
4096,1131,4632576,0,0,0,0,9
4197.43,11943,50129920,1,1,0.0808426,1,9
3833.32,1534,5880320,0,0,0,0,9
2608.05,2014,5252608,0,0,0,0,9
2712.11,1370,3715584,0,0,0,0,9
2449.96,2038,4993024,0,0,0,0,9
2934.42,1109,3254272,0,0,0,0,9
2716.07,1181,3207680,0,0,0,0,9
2316.18,4391,10170368,0,0,0,0,9
24157.6,1034,24978944,0,0,0,0,9
4378.42,3479,15232512,0,0,0,0,9
16087.1,1195,19224064,0,0,0,0,9
2823.62,3527,9958912,0,0,0,0,9
2716.27,1114,3025920,0,0,0,0,9
3497.26,1151,4025344,0,0,0,0,9
3098.06,1552,4808192,0,0,0,0,9
2560,2436,6236160,0,0,0,0,9
2253.34,7074,15940096,0,0,0,0,9
5961.6,7784,46405120,1,1,0.000174764,0,9
3352.24,19759,66236928,1,1,-0.0914559,0,9
2408.49,6708,16156160,0,0,0,0,9
65780.3,2012,132349952,0,0,-0.000327893,0,9
4306.51,4716,20309504,0,0,0,0,9
8523.7,1400,11933184,0,0,0,0,9
4323.39,4366,18875904,0,0,0,0,9
6178.8,3384,20909056,0,0,0,0,9
6641.53,1132,7518208,0,0,0,0,9
4179.24,1181,4935680,0,0,0,0,9
6896.9,1458,10055680,0,0,0,0,9
9617.18,1021,9819136,0,0,0,0,9
7732.8,1154,8923648,0,0,0,0,9
8999.38,1690,15208960,0,0,0,0,9
4097.42,5774,23658496,0,0,0,0,9
4096,3418,14000128,0,0,0,0,9
4099.69,7069,28980736,0,0,0,0,9
4136.56,25751,106520576,1,1,0,0,9
7114.5,21601,153680384,1,1,0,0,0
3398.75,1252,4255232,0,0,0,0,9
3061.3,1244,3808256,0,0,0,0,9
2133.06,2167,4622336,0,0,0,0,9
3213.92,1223,3930624,0,0,0,0,9
2116.81,50000,105840640,1,1,-0.000187507,0,0
2090.29,50000,104514560,1,1,0,0,0
2104.05,33160,69770240,1,1,0,0,0
85922.8,1330,114277376,0,0,0,0,9
4317.97,4138,17867776,0,0,0,0,9
5898.37,3679,21700096,1,1,0,0,9
11530.3,1494,17226240,0,0,0,0,9
4268.53,4671,19938304,0,0,0,0,9
6184.59,3519,21763584,0,0,0,0,9
56610.3,1448,81971712,0,0,0,0,9
4398.51,4541,19973632,0,0,0,0,9
20960.2,1063,22280704,0,0,0,0,9
3544.42,1229,4356096,0,0,0,0,9
4188.87,1450,6073856,0,0,0,0,9
19962.5,1209,24134656,0,0,0,0,9
5641.13,2018,11383808,0,0,0,0,9
3395.7,2004,6804992,0,0,0,0,9
8989.55,1343,12072960,0,0,0,0,9
4320.31,4492,19406848,0,0,0,0,9
9005.06,1335,12021760,0,0,0,0,9
4310.44,4503,19409920,0,0,0,0,9
6263.96,3470,21735936,0,0,0,0,9
5658.75,1952,11045888,0,0,0,0,9
4343.21,4225,18350080,0,0,0,0,9
3281.29,14123,46341632,1,1,0.0340066,1,9
2535.06,2772,7027200,0,0,0,0,9
2797.29,2162,6047744,0,0,0,0,9
2773.83,1803,5001216,0,0,0,0,9
15928.8,1344,21408256,0,0,0,0,9
4257.75,4479,19070464,1,1,0,0,9
5992.22,3778,22638592,0,0,0,0,9
7139.03,1414,10094592,0,0,0,0,9
4309.73,4784,20617728,0,0,0,0,9
8316.52,1398,11626496,0,0,0,0,9
4096,5771,23638016,0,0,0,0,9
4096,3821,15650816,0,0,0,0,9
4096,6174,25288704,0,0,0,0,0
4128.58,32057,132349952,1,1,0,0,9
4373.16,50000,218657792,1,1,2.56278e-06,0,0
2127.67,26014,55349248,1,1,0,0,0
2817.78,1295,3649024,0,0,0,0,9
3168.99,1325,4198912,0,0,0,0,9
2109.44,50000,105472000,1,1,-0.000140431,0,0
2107.6,37824,79717888,1,1,0,0,9
20771.7,6757,140354560,1,1,-0.000131465,0,9
3177.99,17004,54038528,1,1,-0.0216276,0,9
2377.53,5278,12548608,0,0,0,0,9
19758.8,3937,77790208,1,1,-0.00147135,0,9
4360.91,12988,56639488,1,1,0,0,9
4096,3989,16338944,0,0,0,0,0
4131.82,29162,120492032,1,1,0,0,9
4194.13,50000,209706496,1,1,0,0,0
2103.38,37454,78779904,1,1,0,0,0
2120.34,50000,106016768,1,1,0,0,0
2102.58,18601,39110144,1,1,0,0,0
185412,572,106055680,0,0,0,0,0
4358.73,5020,21880832,0,0,0,0,9
8758.09,1259,11026432,0,0,0,0,9
4164.56,4234,17632768,0,0,0,0,9
5923.77,3485,20644352,1,1,0,0,9
7179.39,1259,9038848,0,0,0,0,9
7425.45,1062,7885824,0,0,0,0,9
2913.69,1436,4184064,0,0,0,0,9
3205.76,1734,5558784,0,0,0,0,9
8802.95,1247,10977280,0,0,0,0,9
4941.82,2477,12240896,0,0,0,0,9
3297.65,1729,5701632,0,0,0,0,9
6148.21,2431,14946304,0,0,0,0,9
4096,3297,13504512,0,0,0,0,9
4096,5498,22519808,0,0,0,0,9
4096,6067,24850432,0,0,0,0,0
4121.56,40865,168427520,1,1,0,0,9
4306.88,47697,205425152,1,1,0,0,0
2307.05,2263,5220864,0,0,0,0,9
3002.85,1192,3579392,0,0,0,0,9
3081.18,1004,3093504,0,0,0,0,9
2110.66,22088,46620160,1,1,-0.000443697,0,9
2450.24,1726,4229120,0,0,0,0,9
2715.4,2593,7041024,0,0,0,0,9
2773.19,2320,6433792,0,0,0,0,9
2368.79,1628,3856384,0,0,0,0,9
2469.16,3055,7543296,0,0,0,0,9
3338.6,2318,7738880,0,0,0,0,9
2638.22,1139,3004928,0,0,0,0,9
2804.68,3143,8815104,0,0,0,0,9
3077.53,1853,5702656,0,0,0,0,9
2819.23,3253,9170944,0,0,0,0,9
3354.5,1874,6286336,0,0,0,0,9
2565.17,1583,4060672,0,0,0,0,9
3870.66,1002,3878400,0,0,0,0,9
3140.15,1202,3774464,0,0,0,0,9
3589.89,1652,5930496,0,0,0,0,9
2674.33,3314,8862720,0,0,0,0,9
2439.86,5843,14256128,0,0,0,0,9
2378.94,17753,42233344,1,1,0,0,9
2599.5,1309,3402752,0,0,0,0,9
2801.34,1432,4011520,0,0,0,0,9
2771.67,3026,8387072,0,0,0,0,9
2741.7,2212,6064640,0,0,0,0,9
3151.9,1666,5251072,0,0,0,0,9
2523.73,2400,6056960,0,0,0,0,9
2955.88,2231,6594560,0,0,0,0,9
6070.43,1030,6252544,0,0,0,0,9
5432.27,1110,6029824,0,0,0,0,9
4592.08,1029,4725248,0,0,0,0,9
5836.1,1021,5958656,0,0,0,0,9
4001.89,1420,5682688,0,0,0,0,9
3837.28,1035,3971584,0,0,0,0,9
7865.4,1008,7928320,0,0,0,0,9
8903.11,1728,15384576,0,0,0,0,9
4122.54,1447,5965312,0,0,0,0,9
2814.01,2447,6885888,0,0,0,0,9
2471.76,2994,7400448,0,0,0,0,9
2481.18,8295,20581376,0,0,0,0,9
44126.4,2610,115169792,1,1,0,0,9
4184.64,8757,36644864,0,0,0,0,9
4096,5665,23203840,0,0,0,0,9
4156.87,17158,71323648,1,1,0,0,9
3793.36,50000,189667840,1,1,0,0,0
1989.78,29428,58555392,1,1,0,0,0
3693.82,1021,3771392,0,0,0,0,9
2277.94,1336,3043328,0,0,0,0,9
3459.2,1358,4697600,0,0,0,0,9
2306.27,1126,2596864,0,0,0,0,9
2319.77,1526,3539968,0,0,0,0,9
2082.52,50000,104125952,1,1,0,0,0
2168.29,8249,17886208,0,0,0,0,0
64682.1,1734,112158720,0,0,-8.49527e-05,0,9
4237.43,5546,23500800,0,0,0,0,9
8902.24,1640,14599680,0,0,0,0,9
5978.51,2373,14187008,0,0,0,0,9
4003.34,1514,6061056,0,0,0,0,9
2952.03,1562,4611072,0,0,0,0,9
8849.55,1882,16654848,0,0,0,0,9
4274.01,5692,24327680,0,0,0,0,9
8935.95,1671,14931968,0,0,0,0,9
4278.48,5620,24045056,0,0,0,0,9
10700.2,1225,13107712,0,0,0,0,9
4272.78,4101,17522688,0,0,0,0,9
8421.69,1362,11470336,0,0,0,0,9
4324.16,4589,19843584,0,0,0,0,9
9034.92,1360,12287488,0,0,0,0,9
4322.33,4590,19839488,0,0,0,0,9
6163.94,3621,22319616,0,0,0,0,9
5971.69,1661,9918976,0,0,0,0,9
4096,5887,24113152,0,0,0,0,9
4096,5944,24346624,0,0,0,0,9
4096,3597,14733312,0,0,0,0,0
4129.88,30829,127320064,1,1,0,0,9
4282.86,50000,214142976,1,1,0,0,0
2134.41,6553,13986816,0,0,0,0,0
3050.32,1771,5402112,0,0,0,0,9
2097.14,50000,104857088,1,1,-0.000139297,0,0
2081.76,50000,104088064,1,1,-0.0283517,0,0
2333.91,3415,7970304,0,0,0,0,0
46124.8,2592,119555584,1,1,0,0,9
4367.28,8425,36794368,0,0,0,0,9
7600.42,3783,28752384,1,1,-0.0013454,0,9
5422.71,3782,20508672,0,0,0,0,9
4890.36,4934,24129024,0,0,0,0,9
4477.55,2928,13110272,0,0,0,0,9
4155.9,1436,5967872,0,0,0,0,9
4395.88,2754,12106240,0,0,0,0,9
4330.36,1053,4559872,0,0,0,0,9
4354,1790,7793664,0,0,0,0,9
4289.83,1923,8249344,0,0,0,0,9
4173.77,1422,5935104,0,0,0,0,9
6528,504,3290112,0,0,0,0,9
4275.96,2094,8953856,0,0,0,0,9
4321.84,1061,4585472,0,0,0,0,9
4096,954,3907584,0,0,0,0,9
4398.1,883,3883520,0,0,0,0,9
4096,1172,4800512,0,0,0,0,9
4511.16,1454,6559232,0,0,0,0,9
4096,667,2732032,0,0,0,0,9
4124.72,2050,8455680,0,0,0,0,9
4096,1030,4218880,0,0,0,0,9
4096,1842,7544832,0,0,0,0,9
4238.44,1294,5484544,0,0,0,0,9
4859.74,661,3212288,0,0,0,0,9
4096,1381,5656576,0,0,0,0,9
4922.99,1302,6409728,0,0,0,0,9
4096,1498,6135808,0,0,0,0,9
4105.41,4842,19878400,0,0,0,0,9
4097.62,7563,30990336,0,0,-0.000996016,0,9
5262.83,35360,186093568,1,1,-2.46548e-05,0,0
2712.92,1500,4069376,0,0,0,0,9
2801.46,1338,3748352,0,0,0,0,9
3092.33,1259,3893248,0,0,0,0,9
2907.36,1132,3291136,0,0,0,0,9
2277.41,2397,5458944,0,0,0,0,9
3217.48,1545,4971008,0,0,0,0,9
2153.36,1696,3652096,0,0,0,0,9
3020.14,1876,5665792,0,0,0,0,9
2324.44,1428,3319296,0,0,0,0,9
2270,2530,5743104,0,0,0,0,9
2302.1,1479,3404800,0,0,0,0,9
2339.63,1315,3076608,0,0,0,0,9
2386.29,2918,6963200,0,0,0,0,9
2164.03,3711,8030720,0,0,0,0,9
2113.13,26995,57043968,1,1,0,0,0
2376.57,1859,4418048,0,0,0,0,9
2242.66,1928,4323840,0,0,0,0,9
2240.6,4785,10721280,0,0,0,0,9
3156.67,1028,3245056,0,0,0,0,9
2259.91,2363,5340160,0,0,0,0,9
2327.51,2896,6740480,0,0,0,0,9
3241.33,1666,5400064,0,0,0,0,9
2996.26,1521,4557312,0,0,0,0,9
2164.01,1580,3419136,0,0,0,0,9
3015.19,3740,11276800,0,0,0,0,9
3147.19,2247,7071744,0,0,0,0,9
2206.53,50000,110326272,1,1,0,0,0
54445.7,2164,117820416,0,0,0,0,9
4333.73,4415,19133440,0,0,0,0,9
9033.93,1302,11762176,0,0,0,0,9
4313.93,4398,18972672,0,0,0,0,9
42836.1,5320,227888128,1,1,-0.00170124,0,9
5353.54,741,3966976,0,0,0,0,9
3492.33,7462,26059776,0,0,0,0,9
3898.48,8225,32065024,0,0,0,0,9
8297.45,704,5841408,0,0,0,0,9
3406.33,11994,40855552,1,1,-0.000483209,0,9
3990.09,12593,50247168,1,1,-0.002798,0,9
4031.18,9692,39070208,1,1,-0.00485853,0,9
4415.62,1360,6005248,0,0,0,0,9
9907.86,1002,9927680,0,0,0,0,9
6199.75,1001,6205952,0,0,0,0,9
9496.02,3059,29048320,0,0,0,0,9
8408.49,1069,8988672,0,0,0,0,9
18300.4,1004,18373632,0,0,0,0,9
5497.98,1020,5607936,0,0,0,0,9
3715.18,1612,5988864,0,0,0,0,9
3395.43,5623,19092480,0,0,0,0,9
8572.08,1405,12043776,0,0,0,0,9
3498.74,1147,4013056,0,0,0,0,9
3675.91,1025,3767808,0,0,0,0,9
5484.17,1136,6230016,0,0,0,0,9
3600.41,3776,13595136,0,0,0,0,9
6330.78,1006,6368768,0,0,0,0,9
5145.74,1452,7471616,0,0,0,0,9
3518.89,1148,4039680,0,0,0,0,9
3564.36,1147,4088320,0,0,0,0,9
3584.92,1115,3997184,0,0,0,0,9
3473.72,1221,4241408,0,0,0,0,9
3391.95,1365,4630016,0,0,0,0,9
3852.95,13027,50192384,1,1,-0.00340522,0,9
3935.47,12633,49716736,1,1,-0.00932606,0,9
5395.21,3985,21499904,0,0,0,0,9
4121.8,1250,5152256,0,0,0,0,9
3254.83,1599,5204480,0,0,0,0,9
4015.16,2185,8773120,0,0,0,0,9
3567.64,3755,13396480,0,0,0,0,9
4898.56,4363,21372416,0,0,0,0,9
5918.04,605,3580416,0,0,0,0,9
3554.01,7852,27906048,0,0,0,0,9
3966.89,8431,33444864,0,0,0,0,9
8304.63,741,6153728,0,0,0,0,9
3529.05,7715,27226624,0,0,0,0,9
7370.75,947,6980096,0,0,0,0,9
3541.02,7933,28090880,0,0,0,0,9
7735.89,852,6590976,0,0,0,0,9
3513.54,12193,42840576,1,1,0.0830556,1,9
3964.15,12733,50475520,1,1,-0.0138519,0,9
4969.87,4188,20813824,0,0,0,0,9
5313.91,837,4447744,0,0,0,0,9
3556.77,7314,26014208,0,0,0,0,9
3966.15,8166,32387584,0,0,0,0,9
7449.2,894,6659584,0,0,0,0,9
3536.67,11695,41361408,0,0,0,0,9
3978.03,12617,50190848,1,1,-0.0022805,0,9
3987.71,12577,50153472,1,1,0.198044,1,9
3992.4,12558,50136576,1,1,-0.00118329,0,9
8992.55,1038,9334272,0,0,0,0,9
4080.79,1010,4121600,0,0,0,0,9
3668.14,1071,3928576,0,0,0,0,9
3697.23,1447,5349888,0,0,0,0,9
3245.74,6719,21808128,0,0,0,0,9
5651.18,3631,20519424,0,0,0,0,9
3014.53,12223,36846592,0,0,0,0,9
11484.2,1267,14550528,0,0,0,0,9
4070,1201,4888064,0,0,0,0,9
4457.04,2893,12894208,0,0,0,0,9
3015.31,12228,36871168,0,0,0,0,9
11499.3,1310,15064064,0,0,0,0,9
4978.16,1184,5894144,0,0,0,0,9
2918.56,5836,17032704,0,0,0,0,9
14443.8,1050,15165952,0,0,0,0,9
4071.8,1100,4478976,0,0,0,0,9
4234.17,5903,24994304,0,0,0,0,9
3016,17288,52140544,1,1,-0.0016107,0,9
16876.3,1119,18884608,0,0,0,0,9
4296.85,5501,23636992,1,1,0,0,9
3006.86,17150,51567616,0,0,0,0,9
19870.8,1249,24818688,0,0,0,0,9
2489.99,4132,10288640,0,0,0,0,9
6210.2,1338,8309248,0,0,0,0,9
2525.13,4420,11161088,0,0,0,0,9
10960.1,2687,29449728,1,1,0,0,9
2502.24,8448,21138944,0,0,0,0,9
11159.2,796,8882688,0,0,0,0,9
3460.69,4202,14541824,0,0,0,0,9
6224.72,1110,6909440,0,0,0,0,9
2781.93,3772,10493440,0,0,0,0,9
7913.67,2419,19143168,0,0,0,0,9
4774.43,1409,6727168,0,0,0,0,9
2647.94,3243,8587264,0,0,0,0,9
2983.38,1040,3102720,0,0,0,0,9
7659.42,1269,9719808,0,0,0,0,9
4305.95,2846,12254720,0,0,0,0,9
4471.58,2781,12435456,0,0,0,0,9
8105.97,2333,18911232,0,0,0,0,9
2446.59,1535,3755520,0,0,0,0,9
2604.2,2247,5851648,0,0,0,0,9
2395.26,2937,7034880,0,0,0,0,9
2406.57,8196,19724288,0,0,0,0,9
22474,1005,22586368,0,0,0,0,9
3847.18,1070,4116480,0,0,0,0,9
4140.96,6058,25085952,1,1,0,0,9
3012.98,16848,50762752,0,0,0,0,9
18454.3,1009,18620416,0,0,0,0,9
4247.07,1010,4289536,0,0,0,0,9
3536.14,1059,3744768,0,0,0,0,9
4372.6,4946,21626880,1,1,0,0,9
3008.01,16771,50447360,0,0,0,0,9
8697.6,3280,28528128,0,0,0,0,9
3002.01,11317,33973760,0,0,0,0,9
8199.43,2204,18071552,0,0,0,0,9
4412.22,3303,14573568,0,0,0,0,9
4455.64,5659,25214464,0,0,0,0,9
2280.53,11298,25765376,0,0,0,0,9
21751.8,1097,23861760,0,0,0,0,9
5825.61,1071,6239232,0,0,0,0,9
7411.57,1009,7478272,0,0,0,0,9
5950.58,1125,6694400,0,0,0,0,9
6870.31,1314,9027584,0,0,0,0,9
5606.75,1014,5685248,0,0,0,0,9
5812.71,1088,6324224,0,0,0,0,9
17183.9,1323,22734336,0,0,0,0,9
5710.05,1043,5955584,0,0,0,0,9
5315.02,1675,8902656,0,0,0,0,9
6454.2,1299,8384000,0,0,0,0,9
10229.8,1108,11334656,0,0,0,0,9
6386.71,1002,6399488,0,0,0,0,9
2658.19,1142,3035648,0,0,0,0,9
10756.6,1012,10885632,0,0,0,0,9
5977.44,1039,6210560,0,0,0,0,9
4501.91,1525,6865408,0,0,0,0,9
6690.3,1433,9587200,0,0,-0.0820766,0,9
6937.2,1351,9372160,0,0,0,0,9
3144.96,1172,3685888,0,0,0,0,9
6604.21,1463,9661952,0,0,0,0,9
7669.9,1318,10108928,0,0,0,0,9
19851.6,1500,29777408,0,0,0,0,9
4668.21,1080,5041664,0,0,0,0,9
43928,1911,83946496,0,0,0,0,9
3097.12,1549,4797440,0,0,0,0,9
3990.38,1081,4313600,0,0,0,0,9
3517.17,3509,12341760,0,0,0,0,9
5763.06,1254,7226880,0,0,0,0,9
3165.89,3730,11808768,0,0,0,0,9
3349.5,3262,10926080,0,0,0,0,9
4669.28,1412,6593024,0,0,0,0,9
3163.89,6369,20150784,0,0,0,0,9
6646.97,1021,6786560,0,0,0,0,9
4096,1105,4526080,0,0,0,0,9
3102.7,9355,29025792,0,0,0,0,9
3663.3,11479,42051072,1,1,0,0,9
5384.97,3024,16284160,0,0,0,0,9
2854.92,4644,13258240,0,0,0,0,9
3956.49,2558,10120704,0,0,0,0,9
5404.95,1353,7312896,0,0,0,0,9
5257.04,4532,23824896,0,0,0,0,9
2994.33,3118,9336320,0,0,0,0,9
3276.33,7149,23422464,0,0,0,0,9
8053.54,1065,8577024,0,0,0,0,9
2924.43,2741,8015872,0,0,0,0,9
7401.86,532,3937792,0,0,0,0,9
3279.1,6932,22730752,0,0,0,0,9
4920.03,2860,14071296,0,0,0,0,9
3049.91,3292,10040320,0,0,0,0,9
3464.77,3371,11679744,0,0,0,0,9
9205.27,477,4390912,0,0,0,0,9
3217.82,8016,25794048,0,0,0,0,9
3316.29,2907,9640448,0,0,0,0,9
5151.69,5234,26963968,0,0,0,0,9
9375.25,2630,24656896,0,0,0,0,9
2341.89,14214,33287680,0,0,-0.14099,0,9
2802.32,1572,4405248,0,0,0,0,9
45776.2,514,23528960,0,0,0,0,9
4315.84,4751,20504576,1,1,0,0,9
38685.4,479,18530304,0,0,0,0,9
2241.05,15414,34543616,1,1,0.0942639,1,9
2193.99,996,2185216,0,0,0,0,9
2713.84,1521,4127744,0,0,0,0,9
22963.1,5883,135091712,1,1,-0.000109253,0,9
8917.72,2906,25914880,0,0,0,0,9
2300.85,8373,19265024,0,0,0,0,9
2047.45,5636,11539456,0,0,0,0,9
1977.92,1768,3496960,0,0,0,0,9
28231.2,1078,30433280,0,0,0,0,9
4277.94,5797,24799232,1,1,0.000394361,0,9
11714,2195,25712128,0,0,0,0,9
4189.28,1515,6346752,0,0,0,0,9
6238.05,1214,7572992,0,0,0,0,9
2462.34,9861,24281088,0,0,0,0,9
8292.11,1028,8524288,0,0,0,0,9
4511.76,1080,4872704,0,0,0,0,9
2868.65,2183,6262272,0,0,0,0,9
4539.82,1164,5284352,0,0,0,0,9
14825,2380,35283456,1,1,-0.000569584,0,9
4462.62,2842,12682752,0,0,0,0,9
17509.9,1266,22167552,0,0,0,0,9
3130.73,1726,5403648,0,0,0,0,9
2761.02,2761,7623168,0,0,0,0,9
7857.76,1083,8509952,0,0,0,0,9
4567.21,1343,6133760,0,0,0,0,9
2913.69,3024,8811008,0,0,0,0,9
1857.15,4668,8669184,0,0,0,0,9
5806.3,1034,6003712,0,0,0,0,9
6315.35,1001,6321664,0,0,0,0,9
16238,1683,27328512,0,0,-0.00181582,0,9
5303.11,1166,6183424,0,0,0,0,9
7515.9,1039,7809024,0,0,0,0,9
11705.9,1453,17008640,0,0,0,0,9
2913.27,1758,5121536,0,0,0,0,9
3277.84,1087,3563008,0,0,0,0,9
3414.16,1851,6319616,0,0,0,0,9
2607.46,1985,5175808,0,0,0,0,9
2371.92,4734,11228672,0,0,0,0,9
21581.6,864,18646528,0,0,0,0,9
9830.88,1065,10469888,0,0,0,0,9
10579.8,1017,10759680,0,0,0,0,9
17574.2,1029,18083840,0,0,0,0,9
9145.43,1364,12474368,0,0,0,0,9
10076.8,1048,10560512,0,0,0,0,9
13745.5,1004,13800448,0,0,0,0,9
27779.4,1029,28584960,0,0,0,0,9
9714.32,1310,12725760,0,0,0,0,9
5843,1041,6082560,0,0,0,0,9
5181.55,1148,5948416,0,0,0,0,9
4727.87,1196,5654528,0,0,0,0,9
28916.3,2104,60839936,0,0,0.00100981,0,9
4231.39,2182,9232896,0,0,0,0,9
4008.31,4134,16570368,0,0,0,0,9
6805.56,2321,15795712,0,0,0,0,9
4054.04,3087,12514816,0,0,0,0,9
6944.59,1194,8291840,0,0,0,0,9
6796.23,2271,15434240,0,0,0,0,9
4506.34,1793,8079872,0,0,0,0,9
4041.5,1569,6341120,0,0,0,0,9
6128.87,1590,9744896,0,0,0,0,9
3959.54,3343,13236736,0,0,0,0,9
4534.03,2215,10042880,0,0,0,0,9
5715.53,1416,8093184,0,0,0,0,9
4258.84,1701,7244288,0,0,0,0,9
4155.6,1744,7247360,0,0,0,0,9
4895.65,1545,7563776,0,0,0,0,9
6567.57,909,5969920,0,0,0,0,9
4456.87,1284,5722624,0,0,0,0,9
3919.64,3089,12107776,0,0,0,0,9
4439.87,1276,5665280,0,0,0,0,9
4418.49,2953,13047808,0,0,0,0,9
3714.11,2487,9236992,0,0,0,0,9
4402.51,1475,6493696,0,0,0,0,9
5251.92,2022,10619392,0,0,0,0,9
3729.25,1417,5284352,0,0,0,0,9
4054.61,3142,12739584,0,0,0,0,9
6503.41,963,6262784,0,0,0,0,9
4365.08,1937,8455168,0,0,0,0,9
4139.31,792,3278336,0,0,0,0,9
4155.34,3227,13409280,0,0,0,0,9
3990.91,6056,24168960,0,0,0,0,9
4538.61,6264,28429824,0,0,0,0,9
8061.4,541,4361216,0,0,0,0,9
4036.23,5611,22647296,0,0,0,0,9
53510.5,628,33604608,0,0,0,0,0
11922.3,385,4590080,0,0,0,0,0
8575.22,656,5625344,0,0,0,0,0
6494.99,1113,7228928,0,0,0,0,0
8280.61,1485,12296704,0,0,0,0,0
8029.99,1419,11394560,0,0,0,0,0
9235.4,1214,11211776,0,0,0,0,0
6489.88,1014,6580736,0,0,0,0,0
8062.42,1462,11787264,0,0,0,0,0
8482.45,1345,11408896,0,0,0,0,0
7768.83,1585,12313600,0,0,0,0,0
5954.69,1474,8777216,0,0,0,0,0
7685.33,1153,8861184,0,0,0,0,0
7174.99,1026,7361536,0,0,0,0,0
7579.57,1407,10664448,0,0,0,0,9
18266.9,1005,18358272,0,0,0,0,0
30055.1,1001,30085120,0,0,0,0,0
8441.83,1162,9809408,0,0,0,0,0
8754.12,1277,11179008,0,0,0,0,0
8857.64,1173,10390016,0,0,0,0,0
6780.14,1027,6963200,0,0,0,0,0
6824.72,1053,7186432,0,0,0,0,0
9830.3,1066,10479104,0,0,0,0,0
7588.88,1225,9296384,0,0,0,0,0
8438.82,1367,11535872,0,0,0,0,0
8673.56,1043,9046528,0,0,0,0,0
5480.09,1028,5633536,0,0,0,0,0
11492.5,1035,11894784,0,0,0,0,0
8217.48,1246,10238976,0,0,0,0,0
9107.66,1276,11621376,0,0,0,0,0
9638.21,1015,9782784,0,0,0,0,9
16698.6,1014,16932352,0,0,0,0,0
10227.7,1002,10248192,0,0,0,0,0
8915.63,1004,8951296,0,0,0,0,0
18420.5,1021,18807296,0,0,0,0,8
18166.3,1025,18620416,0,0,0,0,8
21431.9,1001,21453312,0,0,0,0,8
24573,1014,24916992,0,0,0,0,8
29005.3,1014,29411328,0,0,0,0,8
26890.8,1063,28584960,0,0,0,0,8
28566.6,1010,28852224,0,0,0,0,8
12378.4,1178,14581760,0,0,0,0,8
17994.2,1407,25317888,0,0,0,0,8
24691.1,1032,25481216,0,0,0,0,8
89996.4,1156,104035840,0,0,0,0,8
33102.3,1026,33963008,0,0,0,0,8
27461.7,1017,27928576,0,0,0,0,8
19841.6,1065,21131264,0,0,0,0,8
21102,1001,21123072,0,0,0,0,8
21040.1,1021,21481984,0,0,0,0,8
96800.8,1047,101350400,0,0,0,0,8
17375.3,1019,17705472,0,0,0,0,8
11308,1059,11975168,0,0,0,0,8
11905.4,1480,17619968,0,0,0,0,8
10700.3,1465,15675904,0,0,0,0,8
10417.9,1453,15137280,0,0,0,0,8
15498,1198,18566656,0,0,0,0,8
11041.7,1002,11063808,0,0,0,0,8
48342.9,1041,50324992,0,0,0,0,8
4746.64,1071,5083648,0,0,0,0,8
11774.9,1362,16037376,0,0,0,0,8
9532.18,1004,9570304,0,0,0,0,8
9190.18,1428,13123584,0,0,0,0,8
9623.5,1558,14993408,0,0,0,0,0
9137.38,1563,14281728,0,0,0,0,0
10159.9,703,7142400,0,0,0,0,0
8522.27,1003,8547840,0,0,0,0,0
12463.1,1009,12575232,0,0,0,0,0
7892.14,1646,12990464,0,0,0,0,0
273597,1006,275238912,0,0,0,0,0
46072,1083,49895936,0,0,0,0,0
10266.9,1007,10338816,0,0,0,0,0
20413.4,1030,21025792,0,0,0,0,0
115226,454,52312576,0,0,0,0,0
11129.1,1078,11997184,0,0,0,0,0
9554.83,1499,14322688,0,0,0,0,0
10285.2,1394,14337536,0,0,0,0,0
9361.21,1495,13995008,0,0,0,0,0
9709.75,1010,9806848,0,0,0,0,0
9493.25,1012,9607168,0,0,0,0,0
8822.74,733,6467072,0,0,0,0,0
9013.02,1405,12663296,0,0,0,0,0
9168.99,1111,10186752,0,0,0,0,0
9711.1,1394,13537280,0,0,0,0,0
9169.41,1165,10682368,0,0,0,0,0
12781.8,1014,12960768,0,0,0,0,0
8584.45,651,5588480,0,0,0,0,0
9290.07,1258,11686912,0,0,0,0,9
9377.44,1221,11449856,0,0,0,0,9
10488.8,1212,12712448,0,0,0,0,9
9742.52,1093,10648576,0,0,0,0,9
8886.07,1063,9445888,0,0,0,0,9
8784.08,1138,9996288,0,0,0,0,9
11115,1275,14171648,0,0,0,0,9
10558.5,1008,10642944,0,0,0,0,9
9840.77,1017,10008064,0,0,0,0,9
24355.1,1027,25012736,0,0,0,0,0
11038.3,778,8587776,0,0,0,0,0
9856.4,634,6248960,0,0,0,0,0
10336.3,1079,11152896,0,0,0,0,0
10342.8,1026,10611712,0,0,0,0,0
9424.52,1100,10366976,0,0,0,0,0
10835.3,1032,11182080,0,0,0,0,8
14598.7,1368,19971072,0,0,0.000980512,0,8
24518.6,1223,29986304,0,0,0,0,8
9941.01,1185,11780096,0,0,0,0,8
9176.26,1211,11112448,0,0,0,0,8
8971.37,1013,9088000,0,0,0,0,8
10055.3,1056,10618368,0,0,0,0,8
11689.8,1016,11876864,0,0,0,0,8
9089.92,1202,10926080,0,0,0,0,8
30464.6,1285,39147008,0,0,0,0,8
9941.37,1291,12834304,0,0,0,0,8
9011.11,1142,10290688,0,0,0,0,8
9460.94,1181,11173376,0,0,0,0,8
8828.68,579,5111808,0,0,0,0,8
9325.2,1355,12635648,0,0,0,0,8
9753.77,1073,10465792,0,0,0,0,8
9678.07,1169,11313664,0,0,0,0,8
8956.83,1294,11590144,0,0,0,0,8
9484.57,1018,9655296,0,0,0,0,8
12248.2,926,11341824,0,0,0,0,8
10695.5,1015,10855936,0,0,0,0,8
13160.1,1524,20056064,0,0,0,0,8
9662.35,1045,10097152,0,0,0,0,8
8227.84,1157,9519616,0,0,0,0,0
9153.03,561,5134848,0,0,0,0,0
8388.79,1150,9647104,0,0,0,0,8
8632.01,1017,8778752,0,0,0,0,8
14013.5,1089,15260672,0,0,0,0,0
26904.7,1069,28761088,0,0,0,0,0
28160,1023,28807680,0,0,0,0,0
32485.7,1003,32583168,0,0,0,0,0
24972.5,1068,26670592,0,0,0,0,0
22626,1014,22942720,0,0,0,0,0
30340.7,1146,34770432,0,0,0,0,0
78279.2,1001,78357504,0,0,0,0,0
69293.9,1001,69363200,0,0,0,0,0
37455.2,1021,38241792,0,0,0,0,4
175692,1014,178151424,0,0,0,0,4
21961.4,1087,23872000,0,0,0,0,4
15006.8,1138,17077760,0,0,0,0,4
13747.2,1086,14929408,0,0,0,0,4
12764.5,1370,17487360,0,0,0,0,4
8777.1,3754,32949248,0,0,0.0010134,0,4
7600.37,1003,7623168,0,0,0,0,4
7431.4,1176,8739328,0,0,0,0,4
15656.4,1071,16768000,0,0,0,0,4
8551.97,1209,10339328,0,0,0,0,4
8044.82,1468,11809792,0,0,0,0,9
8503.63,1017,8648192,0,0,0,0,9
7684.9,1044,8023040,0,0,0,0,9
10859,1321,14344704,0,0,0,0,9
8652.54,1184,10244608,0,0,0,0,9
11887.4,1250,14859264,0,0,0,0,9
9151.73,1171,10716672,0,0,0,0,9
9704.27,1273,12353536,0,0,0,0,9
8050.6,1242,9998848,0,0,0,0,9
9594.83,1138,10918912,0,0,0,0,9
11808.3,1016,11997184,0,0,0,0,9
9041.55,1083,9792000,0,0,0,0,9
8903.19,1077,9588736,0,0,0,0,9
8667.75,1017,8815104,0,0,0,0,9
9107.86,1070,9745408,0,0,0,0,9
8784.29,1218,10699264,0,0,0,0,9
8387.27,1075,9016320,0,0,0,0,9
9652.9,1234,11911680,0,0,0,0,9
9931.29,1151,11430912,0,0,0,0,9
8997.79,1138,10239488,0,0,0,0,9
9301.96,1084,10083328,0,0,0,0,9
10667.5,1067,11382272,0,0,0,0,9
8961.98,1036,9284608,0,0,0,0,9
9148.69,1065,9743360,0,0,0,0,9
10575.4,1003,10607104,0,0,0,0,9
9411.43,1082,10183168,0,0,0,0,9
11308.5,1012,11444224,0,0,0,0,9
8992.55,1164,10467328,0,0,0,0,9
8671.15,1247,10812928,0,0,0,0,9
8600.31,1195,10277376,0,0,0,0,9
9444.12,1001,9453568,0,0,0,0,9
9119.28,1027,9365504,0,0,0,0,9
9123.97,1096,9999872,0,0,0,0,9
9577.78,1135,10870784,0,0,0,0,9
8705.98,1034,9001984,0,0,0,0,9
10260.5,1101,11296768,0,0,0,0,9
12381.6,1001,12393984,0,0,0,0,9
7464.57,1098,8196096,0,0,0,0,9
8808.27,1149,10120704,0,0,0,0,9
8883.17,1003,8909824,0,0,0,0,9
8479.7,1050,8903680,0,0,0,0,9
9346.33,1045,9766912,0,0,0,0,9
10492.4,1004,10534400,0,0,0,0,9
13047.3,1002,13073408,0,0,0,0,9
10487.2,1021,10707456,0,0,0,0,9
9283.38,1003,9311232,0,0,0,0,9
7764.24,1094,8494080,0,0,0,0,9
8350.16,1010,8433664,0,0,0,0,9
8585,1123,9640960,0,0,0,0,9
9185.64,1113,10223616,0,0,0,0,9
8965.53,1112,9969664,0,0,0,0,9
9545.2,1294,12351488,0,0,0,0,9
8985.45,1197,10755584,0,0,0,0,9
9063.54,1303,11809792,0,0,0,0,9
8281.13,1034,8562688,0,0,0,0,9
8517.87,861,7333888,0,0,0,0,9
11005.3,1027,11302400,0,0,0,0,9
9129.35,1300,11868160,0,0,0,0,9
8951.44,658,5890048,0,0,0,0,9
8791.58,1175,10330112,0,0,0,0,9
12071.1,1029,12421120,0,0,0,0,9
10281.8,1030,10590208,0,0,0,0,9
11215.5,1002,11237888,0,0,0,0,9
9698.86,1107,10736640,0,0,0,0,9
6352.59,1026,6517760,0,0,0,0,9
9935.78,1030,10233856,0,0,0,0,9
10028.9,1130,11332608,0,0,0,0,9
3813.05,418,1593856,0,0,0,0,9
8580.21,1369,11746304,0,0,0,0,9
10636.2,1145,12178432,0,0,0,0,9
9132.13,1050,9588736,0,0,0,0,9
9664.99,837,8089600,0,0,0,0,9
8846.77,1083,9581056,0,0,0,0,9
8668.95,1227,10636800,0,0,0,0,9
13392.8,1001,13406208,0,0,0,0,9
8426.86,1005,8468992,0,0,0,0,9
38843.9,1022,39698432,0,0,0,0,4
48217.2,1004,48410112,0,0,0,0,4
72379,1024,74116096,0,0,0,0,4
95482.1,954,91089920,0,0,0,0,4
67299.6,1082,72818176,0,0,0,0,4
53253.6,1012,53892608,0,0,0,0,4
63481.3,1070,67924992,0,0,0,0,4
30515.7,1045,31888896,0,0,0,0,4
52640.1,1030,54219264,0,0,0,0,4
20784.6,1064,22114816,0,0,0,0,4
20791,1029,21393920,0,0,0,0,4
19664.7,1261,24797184,0,0,0,0,4
13402,1257,16846336,0,0,0,0,4
10239.3,1490,15256576,0,0,0,0,4
30612.3,366,11204096,0,0,0,0,4
27101.6,1340,36316160,0,0,0,0,4
10276.3,1212,12454912,0,0,0,0,4
6845.52,1240,8488448,0,0,0,0,4
9624.81,1300,12512256,0,0,0,0,4
9932.64,1311,13021696,0,0,0,0,0
8795.88,1003,8822272,0,0,0,0,0
8386.53,1366,11456000,0,0,0,0,0
10087.2,1364,13758976,0,0,0,0,0
12867.6,1121,14424576,0,0,0,0,0
11260.9,1006,11328512,0,0,0,0,0
12005.1,1010,12125184,0,0,0,0,0
5559.95,1002,5571072,0,0,0,0,0
9056.57,1018,9219584,0,0,0,0,0
8547.09,1129,9649664,0,0,0,0,0
7472.89,1021,7629824,0,0,0,0,9
11666.5,1043,12168192,0,0,0,0,8
74225.2,1001,74299392,0,0,0,0,8
18259.5,1009,18423808,0,0,0,0,8
7699.29,1327,10216960,0,0,0,0,8
8436.25,1155,9743872,0,0,0,0,8
8008.3,1218,9754112,0,0,0,0,8
8803.1,930,8186880,0,0,0,0,8
12862.3,1003,12900864,0,0,0,0,8
8743.42,1156,10107392,0,0,0,0,8
30139.8,1036,31224832,0,0,0,0,8
25441.3,1029,26179072,0,0,0,0,8
27631.1,1001,27658752,0,0,0,0,8
26431.6,1131,29894144,0,0,0,0,8
19651.7,1049,20614656,0,0,0,0,8
21710.1,1016,22057472,0,0,0,0,8
20884.4,1052,21970432,0,0,0,0,8
21594.4,1020,22026240,0,0,0,0,8
20302.8,1020,20708864,0,0,0,0,8
22120.3,1006,22253056,0,0,0,0,8
21337.7,1022,21807104,0,0,0,0,8
16196,1054,17070592,0,0,0,0,8
19816.8,1036,20530176,0,0,0,0,8
22739.5,1029,23398912,0,0,0,0,8
21652.8,1046,22648832,0,0,0,0,4
17054.6,1004,17122816,0,0,0,0,4
18328.3,1002,18364928,0,0,0,0,9
14967,1033,15460864,0,0,0,0,9
21065.7,1008,21234176,0,0,0,0,9
16610.1,1019,16925696,0,0,0,0,9
20342.8,1034,21034496,0,0,0,0,9
19392.3,1061,20575232,0,0,0,0,9
13369.2,1021,13649920,0,0,0,0,9
19583.8,1026,20092928,0,0,0,0,9
15517,1021,15842816,0,0,0,0,9
17377.7,1014,17620992,0,0,0,0,9
17682.3,1079,19079168,0,0,0,0,9
18934.9,1012,19162112,0,0,0,0,9
14910.2,1013,15104000,0,0,0,0,9
18659.4,1013,18902016,0,0,0,0,9
17592.3,1053,18524672,0,0,0,0,9
17986.4,1010,18166272,0,0,0,0,9
19911.2,1055,21006336,0,0,0,0,9
12514.8,1061,13278208,0,0,0,0,9
18848.6,1025,19319808,0,0,0,0,9
19649.4,1427,28039680,0,0,0,0,9
8522.35,1119,9536512,0,0,0,0,9
9735.29,1123,10932736,0,0,0,0,9
7449.05,1022,7612928,0,0,0,0,9
15045.8,1038,15617536,0,0,0,0,9
13775.7,1029,14175232,0,0,0,0,4
13524.3,1025,13862400,0,0,0,0,9
11581,1024,11858944,0,0,0,0,9
10739.2,1078,11576832,0,0,0,0,9
10410.3,1028,10701824,0,0,0,0,9
11223.8,1056,11852288,0,0,0,0,9
12825.1,1039,13325312,0,0,0,0,9
36552.7,1074,39257600,0,0,-0.334771,0,4
58593.4,1161,68026880,0,0,0,0,8
14623.4,1101,16100352,0,0,0,0,8
11257,1164,13103104,0,0,0,0,8
12624,1053,13293056,0,0,0,0,8
10944.2,927,10145280,0,0,0,0,8
8930.73,621,5545984,0,0,0,0,8
8235,1393,11471360,0,0,0,0,8
8618.88,1221,10523648,0,0,0,0,8
8886.54,1136,10095104,0,0,0,0,8
9230.3,1038,9581056,0,0,0,0,8
12325.7,1031,12707840,0,0,0,0,8
13789.6,1011,13941248,0,0,0,0,8
10978.1,1044,11461120,0,0,0,0,8
9834.56,1033,10159104,0,0,0,0,8
10062.5,1053,10595840,0,0,0,0,8
10573.7,1011,10690048,0,0,0,0,9
9435.15,1049,9897472,0,0,0,0,9
10231.7,1047,10712576,0,0,0,0,9
8793.93,1002,8811520,0,0,0,0,9
9299.54,1048,9745920,0,0,0,0,9
9598.42,1051,10087936,0,0,0,0,9
8405.33,1008,8472576,0,0,0,0,9
10910.5,604,6589952,0,0,0,0,9
11905.8,1018,12120064,0,0,0,0,9
54864.2,811,44494848,0,0,0,0,4
8393.13,1031,8653312,0,0,0,0,4
11031.3,1032,11384320,0,0,0,0,4
6688.88,1121,7498240,0,0,0,0,4
8792.83,1441,12670464,0,0,0,0,4
9862.6,1221,12042240,0,0,0,0,4
7648.48,1056,8076800,0,0,0,0,0
8306.36,1379,11454464,0,0,0,0,0
8230.84,1437,11827712,0,0,0,0,0
8587.09,1362,11695616,0,0,0,0,0
11956.1,1032,12338688,0,0,0,0,0
8193.02,1002,8209408,0,0,0,0,0
10571.5,1004,10613760,0,0,0,0,0
10615.1,1036,10997248,0,0,0,0,0
16538.7,960,15877120,0,0,0,0,0
10524.2,1052,11071488,0,0,0,0,0
15740.7,1018,16024064,0,0,0,0,0
12276.9,1017,12485632,0,0,0,0,9
10302.9,1002,10323456,0,0,0,0,9
12597.4,1006,12673024,0,0,0,0,9
16608.1,1010,16774144,0,0,0,0,9
13551.3,1014,13741056,0,0,0,0,9
11436.4,1013,11585024,0,0,0,0,9
11123.6,1050,11679744,0,0,0,0,9
12705.4,1001,12718080,0,0,0,0,9
16263,1024,16653312,0,0,0,0,9
18033.3,1003,18087424,0,0,0,0,9
8197.38,1143,9369600,0,0,0,0,2
15885,1027,16313856,0,0,0,0,2
16797.8,1011,16982528,0,0,0,0,2
14455.4,1025,14816768,0,0,0,0,2
14728.8,1289,18985472,0,0,0,0,2
13757.6,1095,15064576,0,0,0,0,2
16826.3,1006,16927232,0,0,0,0,2
6481.06,1118,7245824,0,0,0,0,2
8794.74,1010,8882688,0,0,0,0,2
13450.6,1064,14311424,0,0,0,0,2
15040.7,1071,16108544,0,0,0,0,2
13503.8,1009,13625344,0,0,0,0,2
13958.7,1140,15912960,0,0,0,0,2
13313,1014,13499392,0,0,0,0,2
14888.1,1021,15200768,0,0,0,0,2
14417.2,1022,14734336,0,0,0,0,2
21261.9,679,14436864,0,0,0,0,2
10652.1,938,9991680,0,0,0,0,2
15487.4,1005,15564800,0,0,0,0,2
17425.6,1046,18227200,0,0,0,0,2
47954.8,1023,49057792,0,0,0,0,2
51501.9,1031,53098496,0,0,0,0,2
50654.9,1035,52427776,0,0,0,0,2
13441.9,1005,13509120,0,0,0,0,2
11474.7,1040,11933696,0,0,0,0,2
10470,1024,10721280,0,0,0,0,9
10692.6,1043,11152384,0,0,0,0,9
7807.9,1273,9939456,0,0,0,0,9
9516.2,1083,10306048,0,0,0,0,9
11476.8,1061,12176896,0,0,0,0,9
13961.6,1005,14031360,0,0,0,0,9
17999.5,1185,21329408,0,0,0,0,9
7523.03,1034,7778816,0,0,0,0,9
26044,1002,26096128,0,0,0,0,9
48044.5,1048,50350592,0,0,0,0,9
17203.8,1028,17685504,0,0,0,0,9
12015,1174,14105600,0,0,0,0,9
10030.1,1493,14974976,0,0,0,0,9
11302.5,1397,15789568,0,0,0,0,9
8746.21,1031,9017344,0,0,0,0,9
10300.8,1247,12845056,0,0,0,0,9
13873.5,1065,14775296,0,0,0,0,9
7770.66,1073,8337920,0,0,0,0,9
10147.9,1028,10432000,0,0,0,0,9
10463.7,1007,10536960,0,0,0,0,9
10438.8,1038,10835456,0,0,0,0,9
10415.9,1016,10582528,0,0,0,0,9
12724.8,1069,13602816,0,0,0,0,0
19777.2,1001,19796992,0,0,0,0,0
12307.2,532,6547456,0,0,0,0,0
13623.6,1004,13678080,0,0,0,0,8
14500.6,1011,14660096,0,0,0,0,8
16373.4,337,5517824,0,0,0,0,8
14679,1042,15295488,0,0,0,0,8
17039.2,329,5605888,0,0,0,0,8
12073.5,1105,13341184,0,0,0,0,8
12687.5,1019,12928512,0,0,0,0,8
15573.8,1111,17302528,0,0,0,0,8
11586,1008,11678720,0,0,0,0,8
14803.2,1039,15380480,0,0,0,0,8
69220.8,1072,74204672,0,0,0,0,8
21920.2,1005,22029824,0,0,0,0,8
12457.5,1326,16518656,0,0,0,0,8
9176.53,1401,12856320,0,0,0,0,8
12788.9,1292,16523264,0,0,0,0,8
15069.4,1126,16968192,0,0,0,0,8
6949.88,1176,8173056,0,0,0,0,8
13324.4,1029,13710848,0,0,0,0,8
6649.26,1139,7573504,0,0,0,0,8
55375.3,1001,55430656,0,0,0,0,8
9690.23,1071,10378240,0,0,0,0,8
11964.3,1300,15553536,0,0,0,0,8
8231.58,1617,13310464,0,0,0,0,8
22196.2,1023,22706688,0,0,0,0,8
21382.5,1020,21810176,0,0,0,0,8
14833.4,1364,20232704,0,0,0,0,8
11235.9,1222,13730304,0,0,0,0,8
17610.5,718,12644352,0,0,0,0,8
8635.46,747,6450688,0,0,0,0,8
18919,1023,19354112,0,0,0,0,8
104710,1001,104814592,0,0,0,0,8
84007.7,1019,85603840,0,0,0,0,8
68847.1,1002,68984832,0,0,0,0,8
73527.5,1014,74556928,0,0,0,0,8
51052.9,1636,83522560,0,0,0,0,8
32188.1,1003,32284672,0,0,0,0,8
18422.3,1004,18496000,0,0,0,0,8
20970,1163,24388096,0,0,0,0,8
17586.6,1465,25764352,0,0,0,0,8
9965.52,1662,16562688,0,0,0,0,8
18209,1201,21869056,0,0,0,0,8
17432.8,1405,24493056,0,0,0,0,8
11380.2,1066,12131328,0,0,0,0,8
10171.6,1325,13477376,0,0,0,0,8
11558.1,1074,12413440,0,0,0,0,8
16889.1,1264,21347840,0,0,0,0,8
12944.2,1001,12957184,0,0,0,0,8
13965.7,1337,18672128,0,0,0,0,8
10562.2,1041,10995200,0,0,0,0,8
38201.1,1035,39538176,0,0,0,0,8
9259.3,1289,11935232,0,0,0,0,8
25260.2,883,22304768,0,0,0,0,8
4096,1103,4517888,0,0,0,0,8
4093.29,755,3090432,0,0,0,0,8
4096,1015,4157440,0,0,0,0,8
4199.14,1514,6357504,0,0,0,0,8
13705.4,1066,14609920,0,0,0,0,8
8319.53,1365,11356160,0,0,0,0,8
4096,383,1568768,0,0,0,0,8
4887.44,1103,5390848,0,0,0,0,8
97155.3,780,75781120,0,0,0,0,8
10190.4,1002,10210816,0,0,0,0,8
7542.48,1251,9435648,0,0,0,0,8
7459.65,1106,8250368,0,0,0,0,8
10677.9,1022,10912768,0,0,0,0,0
7351.1,1222,8983040,0,0,0,0,0
11423.8,564,6443008,0,0,0,0,0
32799.1,1004,32930304,0,0,0,0,8
270594,1029,278441472,0,0,0,0,8
11407.1,941,10734080,0,0,0,0,8
69517.6,1016,70629888,0,0,0,0,8
6538.14,1199,7839232,0,0,0,0,8
5493.98,2363,12982272,0,0,0,0,8
10303.1,1095,11281920,0,0,0,0,8
4422.44,1043,4612608,0,0,0,0,8
5817.9,1008,5864448,0,0,0,0,8
8899.89,954,8490496,0,0,0,0,8
10299.1,1005,10350592,0,0,0,0,8
5091.72,1539,7836160,0,0,0,0,8
8410.93,1036,8713728,0,0,0,0,8
11683.3,1165,13611008,0,0,0,0,8
6496.52,1037,6736896,0,0,0,0,8
7164.96,1010,7236608,0,0,0,0,9
7477.64,630,4710912,0,0,0,0,9
9612.61,670,6440448,0,0,0,0,9
8413.42,1029,8657408,0,0,0,0,9
6413.09,1408,9029632,0,0,0,0,9
7251.35,1204,8730624,0,0,0,0,9
6924.81,1539,10657280,0,0,0,0,9
8768.58,658,5769728,0,0,0,0,9
8553.22,1090,9323008,0,0,0,0,9
8004.98,1451,11615232,0,0,0,0,9
9654.3,1056,10194944,0,0,0,0,9
5214.81,1053,5491200,0,0,0,0,9
10786.8,1528,16482304,0,0,0,0,9
6928.26,1574,10905088,0,0,0,0,9
10004.6,1007,10074624,0,0,0,0,9
7842.18,1569,12304384,0,0,0,0,9
17442.4,1011,17634304,0,0,0,0,9
104917,1017,106700288,0,0,0,0,8
7504.41,1041,7812096,0,0,0,0,8
9747.81,1034,10079232,0,0,0,0,8
5799.1,1339,7764992,0,0,0,0,8
9490.46,1054,10002944,0,0,0,0,8
6360.87,1544,9821184,0,0,0,0,8
182088,1001,182269952,0,0,-2.77997e-05,0,8
28874.8,1058,30549504,0,0,0,0,8
39112.5,1006,39347200,0,0,0,0,8
144436,1115,161046528,0,0,0,0,8
16374.4,1277,20910080,0,0,0,0,8
12491.4,1719,21472768,0,0,-0.188709,0,8
11569.7,1338,15480320,0,0,0,0,8
14725.3,1077,15859200,0,0,0,0,8
10136.4,1799,18235392,0,0,0,0,8
5888,1268,7465984,0,0,0,0,8
6370.55,1469,9358336,0,0,0,0,8
6914.04,1002,6927872,0,0,0,0,8
8367.13,994,8316928,0,0,0,0,8
13033.1,1063,13854208,0,0,0,0,0
7540.19,1095,8256512,0,0,0,0,0
11066.1,1004,11110400,0,0,0,0,0
9298.44,1031,9586688,0,0,0,0,0
6089.11,1082,6588416,0,0,0,0,0
7666.03,1356,10395136,0,0,0,0,0
10106.8,1157,11693568,0,0,0,0,0
6962.43,1066,7421952,0,0,0,0,0
12948.3,1008,13051904,0,0,0,0,9
7959.57,1097,8731648,0,0,0,0,9
6679.21,1169,7808000,0,0,0,0,9
13756.9,1107,15228928,0,0,0,0,9
51393.8,1083,55659520,0,0,0,0,0
4096,1804,7389184,0,0,0,0,0
4119.8,2926,12054528,0,0,0,0,0
4096,1118,4579328,0,0,0,0,0
9169.64,1016,9316352,0,0,0,0,0
36394.7,1067,38833152,0,0,0.0178029,0,0
27330.9,1027,28068864,0,0,0,0,0
58143.6,1013,58899456,0,0,0,0,0
13832.3,1294,17899008,0,0,0,0,0
13435.7,1060,14241792,0,0,0,0,0
15755.9,1080,17016320,0,0,0,0,0
8857.95,2910,25776640,0,0,0,0,0
13989.8,1288,18018816,0,0,0,0,8
18877.2,1027,19386880,0,0,0,0,8
77723.7,1031,80133120,0,0,0,0,8
26241.1,1035,27159552,0,0,0,0,8
26836.7,1064,28554240,0,0,0,0,8
25229.2,1001,25254400,0,0,0,0,8
20342.9,1173,23862272,0,0,0,0,8
28611.8,1021,29212672,0,0,0,0,8
22155.1,1001,22177280,0,0,0,0,8
25311.2,1023,25893376,0,0,0,0,8
25983.4,1075,27932160,0,0,0,0,8
15164.1,1142,17317376,0,0,0,0,8
8925.43,1133,10112512,0,0,0,0,8
8180.31,1314,10748928,0,0,0,0,8
48032.9,1001,48080896,0,0,0,0,8
107141,1001,107248128,0,0,0,0,8
108301,1132,122596864,0,0,0,0,8
42221.4,1158,48892416,0,0,0,0,8
22904.6,1119,25630208,0,0,0,0,8
39689,1053,41792512,0,0,0,0,8
47003.8,1180,55464448,0,0,0,0,8
17087.5,1163,19872768,0,0,0,0,8
10171.3,1066,10842624,0,0,0,0,8
16559.2,1441,23861760,0,0,0,0,8
10093.3,1110,11203584,0,0,0,0,8
16000.1,1111,17776128,0,0,0,0,8
13007.5,1019,13254656,0,0,0,0,8
4133.43,7551,31211520,1,1,0,0,0
26836.3,1013,27185152,0,0,0,0,0
31143.7,1050,32700928,0,0,0,0,0
57308.4,1194,68426240,0,0,0,0,0
5576.12,1017,5670912,0,0,0,0,0
6459.69,2942,19004416,0,0,0.000628761,0,0
4096,1906,7806976,0,0,0,0,0
5232.17,1383,7236096,0,0,0,0,0
22932.4,1052,24124928,0,0,-0.0379577,0,0
16683.4,1057,17634304,0,0,0,0,9
20155.9,1003,20216320,0,0,0,0,9
20246.8,1034,20935168,0,0,0,0,9
17837.9,1060,18908160,0,0,0,0,9
4277.37,5502,23534080,0,0,0,0,0
5382.34,1050,5651456,0,0,0,0,0
6765.78,1152,7794176,0,0,0,0,9
4272.97,1435,6131712,0,0,0,0,9
12729.8,1159,14753792,0,0,0,0,9
18235.9,1107,20187136,0,0,0,0,9
14387.8,1196,17207808,0,0,0,0,9
18634.3,1010,18820608,0,0,0,0,9
16730,1027,17181696,0,0,0,0,9
18353.8,1074,19712000,0,0,0,0,9
15938.2,1005,16017920,0,0,0,0,9
12180.6,1039,12655616,0,0,0,0,9
5805.77,1320,7663616,0,0,0,0,9
4096,5072,20774912,0,0,0,0,9
4095.36,11228,45982720,1,1,0,0,9
4127.77,1805,7450624,0,0,0,0,9
19476.5,1497,29156352,0,0,0.00205288,0,9
4181.76,2770,11583488,0,0,0,0,9
31749.7,1354,42989056,0,0,0.345437,0,9
11367.9,1035,11765760,0,0,0,0,9
18271.4,1017,18582016,0,0,0,0,9
10708.6,1299,13910528,0,0,0,0,9
15112.1,1078,16290816,0,0,0,0,9
4122.28,7792,32120832,1,1,0,0,9
12840.4,1052,13508096,0,0,0,0,9
27646.5,1028,28420608,0,0,-0.0607983,0,9
30694.7,1071,32873984,0,0,0,0,9
17596.3,1017,17895424,0,0,0,0,9
14783.7,1004,14842880,0,0,0,0,9
10991.2,1021,11222016,0,0,0,0,9
15551.7,1055,16407040,0,0,0,0,9
31515.7,1016,32019968,0,0,0,0,9
5697.98,1327,7561216,0,0,0,0,9
4155.97,4303,17883136,1,1,0,0,9
10565.9,1326,14010368,0,0,-0.00263852,0,9
4185.66,4020,16826368,0,0,0,0,9
14261.8,1035,14760960,0,0,-0.00456621,0,9
7118.48,1034,7360512,0,0,0,0,9
6232.2,2949,18378752,0,0,0,0,9
4219.34,1594,6725632,0,0,0,0,9
4091.76,5911,24186368,0,0,0,0,9
4094.98,7043,28840960,1,1,0,0,0
4096,2913,11931648,0,0,0,0,0
4097.9,43316,177504768,1,1,0,0,9
8586.91,1513,12992000,0,0,0,0,9
4101.56,7363,30199808,1,1,0,0,9
4033.99,2543,10258432,0,0,0,0,9
4139.91,1026,4247552,0,0,0,0,9
4879.3,1121,5469696,0,0,0,0,9
4551.79,1084,4934144,0,0,0,0,9
20291.7,1074,21793280,0,0,0.292349,0,0
15205.5,1054,16026624,0,0,0,0,0
18498.4,1010,18683392,0,0,0,0,8
13034.7,1045,13621248,0,0,0,0,8
84075.8,1026,86261760,0,0,0,0,8
44236.6,1076,47598592,0,0,0,0,8
13322.3,1048,13961728,0,0,0,0,8
14726.2,1202,17700864,0,0,0,0,8
15418.9,1069,16482816,0,0,0,0,8
9178.07,1215,11151360,0,0,0,0,8
7813.3,1014,7922688,0,0,0,0,8
9796.12,1180,11559424,0,0,0,0,8
10661.4,1091,11631616,0,0,0,0,8
8945.42,1001,8954368,0,0,0,0,8
11766.9,1065,12531712,0,0,0,0,8
13057.6,1107,14454784,0,0,0,0,8
17314.4,1001,17331712,0,0,0,0,8
11794,1164,13728256,0,0,0,0,8
13563.1,1038,14078464,0,0,0,0,0
12929.1,1059,13691904,0,0,0,0,0
11887.8,1003,11923456,0,0,0,0,0
15763.1,1091,17197568,0,0,0,0,0
12795.2,1068,13665280,0,0,0,0,0
33223.7,1001,33256960,0,0,0,0,8
13805.4,1020,14081536,0,0,0,0,8
14581,1001,14595584,0,0,0,0,0
31773.9,1043,33140224,0,0,0,0,0
29843.6,1034,30858240,0,0,0,0,0
28679.5,1025,29396480,0,0,0,0,8
28753.7,1015,29185024,0,0,0,0,8
33973.1,1012,34380800,0,0,0,0,8
19512.7,1066,20800512,0,0,0,0,8
8034.04,1115,8957952,0,0,0,0,8
13269.5,1072,14224896,0,0,0,0,8
67273,1001,67340288,0,0,0,0,8
67038.8,1001,67105792,0,0,0,0,8
25189.6,1068,26902528,0,0,0,0,8
8117.53,1375,11161600,0,0,0,0,8
20848.8,1001,20869632,0,0,0,0,2
19615,1024,20085760,0,0,0,0,2
17987.9,1003,18041856,0,0,0,0,2
25244.7,1042,26305024,0,0,0,0,8
26435,1013,26778624,0,0,0,0,8
22320,1024,22855680,0,0,0,0,8
21956.4,1022,22439424,0,0,0,0,8
13711.5,1129,15480320,0,0,0,0,8
17817.1,1224,21808128,0,0,0,0,8
19861.1,1394,27686400,0,0,0,0,8
13428.9,1012,13590016,0,0,0,0,8
13228.8,1034,13678592,0,0,0,0,8
12433.3,1476,18351616,0,0,0,0,8
34114.2,1028,35069440,0,0,0,0,8
13536.8,1355,18342400,0,0,0,0,8
14169.6,1003,14212096,0,0,0,0,8
15619.6,1197,18696704,0,0,0,0,8
12294.4,1038,12761600,0,0,0,0,8
30231.5,1004,30352384,0,0,0,0,8
9841.86,1313,12922368,0,0,0,0,8
34951.8,1003,35056640,0,0,0,0,0
23378.4,1047,24477184,0,0,0,0,0
76497.4,1049,80245760,0,0,0,0,8
22915.1,1267,29033472,0,0,0,0,8
33383.6,1003,33483776,0,0,0,0,8
64299.4,1009,64878080,0,0,0,0,8
65636.7,1134,74432000,0,0,0,0,8
74648.1,1010,75394560,0,0,0,0,8
64686.4,1098,71025664,0,0,0,0,8
47492.2,1286,61074944,0,0,0,0,8
70992.3,1195,84835840,0,0,0,0,8
25826.8,1018,26291712,0,0,0,0,8
8360.1,2656,22204416,0,0,-0.0254524,0,8
5930.64,1615,9577984,0,0,0,0,8
49806.6,1027,51151360,0,0,0,0,8
20475.1,1043,21355520,0,0,0,0,8
29237.8,2417,70667776,0,0,0.528535,0,8
20377.8,1162,23678976,0,0,0,0,8
45984.5,1404,64562176,0,0,0,0,0
78355.2,1068,83683328,0,0,0,0,0
16711.9,1071,17898496,0,0,0,0,0
12587.8,1197,15067648,0,0,0,0,0
46080.9,1100,50689024,0,0,0,0,0
40488.3,1028,41622016,0,0,0,0,0
21451.1,1500,32176640,0,0,0,0,0
14670.4,1228,18015232,0,0,0,0,0
37540.3,1072,40243200,0,0,0,0,0
25332.1,1009,25560064,0,0,0,0,8
34450.5,1003,34553856,0,0,0,0,8
55473.6,1110,61575680,0,0,0,0,8
61363.4,1002,61486080,0,0,0,0,8
46490.5,1049,48768512,0,0,0,0,8
46839.7,1019,47729664,0,0,0,0,8
35195.3,2106,74121216,0,0,0,0,8
64107.6,1033,66223104,0,0,0,0,8
23218.8,1864,43279872,0,0,0,0,8
51233.4,1057,54153728,0,0,0,0,8
17173.2,1328,22806016,0,0,0,0,8
34624.9,1002,34694144,0,0,0,0,8
16016.2,1069,17121280,0,0,0,0,8
45049.6,1047,47166976,0,0,0,0,8
35461.1,1135,40248320,0,0,0,0,8
63715.9,1038,66137088,0,0,0,0,8
25332.8,1326,33591296,0,0,0,0,8
13940.8,1512,21078528,0,0,0,0,8
37852.8,1092,41335296,0,0,0,0,8
36682.9,1026,37636608,0,0,0,0,8
22754.8,1219,27738112,0,0,0,0,8
34572.9,1009,34884096,0,0,0,0,8
57801.1,1017,58783744,0,0,0,0,8
41284.4,1621,66921984,0,0,0,0,8
24929.3,1465,36521472,0,0,0,0,8
67898.3,1168,79305216,0,0,0,0,8
38943.6,1199,46693376,0,0,0,0,8
30461.6,1076,32776704,0,0,0,0,8
74658,1013,75628544,0,0,0,0,8
30302.6,1110,33635840,0,0,0,0,8
79641.3,1034,82349056,0,0,0,0,8
29530.5,1015,29973504,0,0,0,0,8
24840.9,1813,45036544,0,0,0,0,8
62086.3,1003,62272512,0,0,0,0,8
28118.5,1369,38494208,0,0,0,0,8
45736.1,1002,45827584,0,0,0,0,8
31752.9,1270,40326144,0,0,0,0,8
23603.6,1140,26908160,0,0,0,0,8
44475,1395,62042624,0,0,0,0,8
7666.55,4340,33272832,1,1,0,0,8
4564.3,5436,24811520,0,0,0,0,8
17096.1,1131,19335680,0,0,0,0,8
14705.8,1001,14720512,0,0,0,0,8
28855.8,1003,28942336,0,0,0,0,8
8049.42,2431,19568128,0,0,0,0,8
220185,1002,220625408,0,0,-0.00013928,0,8
57977.2,2188,126854144,0,0,0,0,0
64420.8,1010,65064960,0,0,0,0,0
44874.4,1015,45547520,0,0,0,0,8
31629.1,1025,32419840,0,0,0,0,8
15899.5,2235,35535360,0,0,0,0,8
22404.2,1117,25025536,0,0,0,0,8
29763,1031,30685696,0,0,0,0,8
31819.6,2263,72007680,0,0,0,0,8
23172,1024,23728128,0,0,0,0,8
46555.5,1177,54795776,0,0,0,0,8
26036.5,1024,26661376,0,0,0,0,8
34389.5,1006,34595840,0,0,0,0,8
23171.6,1128,26137600,0,0,0,0,8
19139.4,1030,19713536,0,0,0,0,8
28057.9,1173,32911872,0,0,0,0,8
13049.6,1046,13649920,0,0,0,0,2
12325.7,1845,22740992,0,0,0,0,2
3125.76,5886,18398208,0,0,0,0,8
4150.28,8867,36800512,0,0,0,0,8
5950.05,1019,6063104,0,0,0,0,9
5222.22,1162,6068224,0,0,0,0,9
5623.85,1194,6714880,0,0,0,0,9
5208.84,1337,6964224,0,0,0,0,9
4406.44,1768,7790592,0,0,0,0,9
4459.4,1995,8896512,0,0,0,0,9
4108.32,5734,23557120,0,0,0,0,9
6345.62,1257,7976448,0,0,0,0,9
6007.61,1633,9810432,0,0,0,0,9
4442.09,1040,4619776,0,0,0,0,9
6337.39,1104,6996480,0,0,0,0,9
7522.57,1457,10960384,0,0,0,0,9
7003.29,1147,8032768,0,0,0,0,9
5316.34,1416,7527936,0,0,0,0,9
6115.3,1124,6873600,0,0,0,0,9
4416.65,2352,10387968,0,0,0,0,9
4779.73,1446,6911488,0,0,0,0,9
4115.24,5190,21358080,0,0,0,0,9
4162.11,3222,13410304,0,0,0,0,9
17601.3,1004,17671680,0,0,0,0,9
12759.2,1429,18232832,0,0,0,0,9
12847.1,1012,13001216,0,0,0,0,9
4871.03,1493,7272448,0,0,0,0,9
8126.64,1081,8784896,0,0,0,0,9
6975.49,1008,7031296,0,0,0,0,9
15036,1005,15111168,0,0,0,0,9
21115.3,1051,22192128,0,0,0,0,9
79373.8,1002,79532544,0,0,0,0,9
61112.7,1214,74190848,0,0,0,0,9
4117.85,31845,131132928,1,1,4.13751e-05,0,9
6977.45,1674,11680256,0,0,0,0,9
3198.7,1673,5351424,0,0,0,0,9
3168.73,11126,35255296,1,1,0,0,9
5435.14,45511,247358464,0,0,0,0,9
2162.29,16732,36179456,0,0,0,0,9
4966.44,1397,6938112,0,0,0,0,9
4555.82,1462,6660608,0,0,0,0,9
2685.96,1760,4727296,0,0,0,0,9
2027.37,21496,43580416,1,1,-0.000207833,0,9
20312.7,1001,20333056,0,0,0,0,9
73771,1001,73844736,0,0,0,0,9
140857,1004,141420544,0,0,0,0,9
181138,1002,181500416,0,0,0,0,9
150790,1004,151393280,0,0,0,0,9
150151,1023,153604608,0,0,0,0,9
5120.36,17034,87220224,1,1,0,0,9
4105.33,32934,135204864,1,1,0,0,9
9873.06,1013,10001408,0,0,0,0,9
3170.1,50000,158504960,1,1,0.000139736,0,9
2658.18,28180,74907648,1,1,0,0,9
2646.31,5250,13893120,1,1,0,0,9
2112.85,26005,54944768,1,1,0,0,9
4449.98,1228,5464576,0,0,0,0,9
8168.49,1263,10316800,0,0,0,0,9
90113.5,1002,90293760,0,0,0,0,9
69046.6,537,37078016,0,0,0,0,9
2129.59,4600,9796096,0,0,0,0,9
7000.93,1330,9311232,0,0,0,0,9
2687.47,6740,18113536,0,0,0,0,9
41508.8,1195,49603072,0,0,0,0,9
4677.08,2446,11440128,0,0,-0.342728,0,9
6484.76,1480,9597440,0,0,0,0,9
5068.3,1119,5671424,0,0,0,0,9
3690.97,1345,4964352,0,0,0,0,9
9409.27,1208,11366400,0,0,0,0,9
5181.68,1104,5720576,0,0,0,0,9
5153.22,1125,5797376,0,0,0,0,9
5566.51,2017,11227648,0,0,0,0,9
6842.11,1381,9448960,0,0,0,0,9
6160.37,1470,9055744,0,0,0,0,9
6631.19,1197,7937536,0,0,0,0,9
3606.97,1672,6030848,0,0,0,0,9
16985.4,722,12263424,0,0,0,0,9
6023.7,1047,6306816,0,0,0,0,9
4360.58,1552,6767616,0,0,0,0,9
53881.7,1279,68914688,0,0,-9.13544e-05,0,9
7134.74,1324,9446400,0,0,0,0,9
4402.81,2393,10535936,0,0,0,0,9
12324.2,1102,13581312,0,0,0,0,9
4667.85,3088,14414336,0,0,-0.0628067,0,9
9474.07,1730,16390144,0,0,0,0,9
3762,1490,5605376,0,0,0,0,9
7915.67,1045,8271872,0,0,0,0,9
4589.81,3011,13819904,0,0,0,0,9
6951.5,1147,7973376,0,0,0,0,9
5113.16,2170,11095552,0,0,0,0,9
4084.09,1075,4390400,0,0,0,0,9
7772.87,1031,8013824,0,0,0,0,9
4898.11,1816,8894976,0,0,0,0,9
7717.06,1188,9167872,0,0,0,0,9
4909.67,1222,5999616,0,0,0,0,9
5084.6,1996,10148864,0,0,0,0,9
8441.59,1358,11463680,0,0,0,0,9
4821.33,1560,7521280,0,0,0,0,9
6530.22,1673,10925056,0,0,0,0,9
5622.68,1099,6179328,0,0,0,0,9
7512.81,1277,9593856,0,0,0,0,9
4632.77,2067,9575936,0,0,0,0,9
6935.35,1228,8516608,0,0,0,0,9
4409.87,3145,13869056,0,0,0,0,9
7062.6,1127,7959552,0,0,0,0,9
7487.2,1681,12585984,0,0,0,0,9
5584.63,1697,9477120,0,0,0,0,9
169672,1083,183754752,0,0,-0.000121427,0,9
3974.85,3140,12481024,0,0,-0.00635762,0,9
4001.85,3339,13362176,0,0,0,0,9
5980.46,1581,9455104,0,0,0,0,9
3623.33,5090,18442752,1,1,0.0188732,1,9
3691.04,3219,11881472,0,0,0,0,9
4634.71,1783,8263680,0,0,0,0,9
3952.4,1444,5707264,0,0,0,0,9
6219.63,1178,7326720,0,0,0,0,9
6374.87,2588,16498176,0,0,0,0,9
3717.12,2523,9378304,0,0,0,0,9
3452.31,4055,13999104,0,0,0,0,9
3676.89,3285,12078592,0,0,0,0,9
4159.53,1370,5698560,0,0,0,0,9
6038.56,3098,18707456,0,0,0,0,9
4118.51,1456,5996544,0,0,0,0,9
3566.02,2392,8529920,0,0,0,0,9
5401.89,1918,10360832,0,0,0,0,9
3940.1,4854,19125248,0,0,0,0,9
4111.28,3149,12946432,0,0,0,0,9
5477.55,1021,5592576,0,0,0,0,9
9157.66,1018,9322496,0,0,0,0,9
6381.35,1016,6483456,0,0,0,0,9
5766.61,1046,6031872,0,0,0,0,9
5715.25,1722,9841664,0,0,0,0,9
10875.6,1520,16530944,0,0,0,0,9
4460.99,3824,17058816,0,0,0,0,9
4426.57,3124,13828608,0,0,0,0,9
18547,1006,18658304,0,0,0,0,9
4536.96,1254,5689344,0,0,0,0,9
3835.45,1631,6255616,0,0,0,0,9
4296.78,1298,5577216,0,0,0,0,9
3581.59,12935,46327808,1,1,0.00241865,0,9
3849.53,2445,9412096,0,0,0,0,9
8142.91,2326,18940416,0,0,0,0,9
4974.62,2673,13297152,0,0,0,0,9
5185.86,1034,5362176,0,0,0,0,9
3681.58,2592,9542656,0,0,0,0,9
3565.24,1556,5547520,0,0,0,0,9
3592.74,3750,13472768,0,0,0,0,9
3885.76,2182,8478720,0,0,0,0,9
3464.61,4606,15958016,0,0,0,0,9
6275.09,5554,34851840,1,1,-0.00697721,0,9
3417.08,15202,51946496,1,1,-0.000472827,0,9
14664.2,936,13725696,0,0,0,0,9
3608.05,20476,73878528,1,1,-0.0352672,0,9
7783.52,2374,18478080,0,0,0,0,9
3670.15,4612,16926720,0,0,0,0,9
4084.03,6972,28473856,0,0,0,0,9
4945.66,2975,14713344,0,0,0,0,9
3490.88,11508,40173056,0,0,0,0,9
6656.42,2430,16175104,0,0,0,0,9
3522.53,17676,62264320,1,1,-0.0521295,0,9
4143.73,1019,4222464,0,0,0,0,9
9115.37,1908,17392128,0,0,0,0,9
3614.65,5612,20285440,0,0,0,0,9
4343.79,5052,21944832,0,0,0,0,9
3390.75,4573,15505920,0,0,0,0,9
3667.05,4303,15779328,0,0,0,0,9
6151.18,2922,17973760,0,0,0,0,9
3519.37,14069,49513984,1,1,-0.00201149,0,9
3562.27,3864,13764608,0,0,0,0,9
23012.6,504,11598336,0,0,0,0,9
3626.28,16409,59503616,1,1,0.00753296,1,9
3546.61,4478,15881728,0,0,0,0,9
23399,492,11512320,0,0,0,0,9
3941.29,1572,6195712,0,0,0,0,9
4320.05,1314,5676544,0,0,0,0,9
3887.55,2891,11238912,0,0,0,0,9
4957.34,4051,20082176,0,0,0,0,9
3411.69,6540,22312448,0,0,0,0,9
3688.43,3878,14303744,0,0,0,0,9
5866.04,3288,19287552,0,0,0,0,9
3599.2,19471,70080000,1,1,-0.0491626,0,9
6488.59,4450,28874240,0,0,0,0,9
9264.44,1374,12729344,0,0,0,0,9
2232.23,2051,4578304,0,0,0,0,9
2108.64,3842,8101376,0,0,0,0,9
1846.39,7898,14582784,0,0,0,0,9
2501.18,1471,3679232,0,0,0,0,9
6966.31,4879,33988608,0,0,0,0,9
3209.77,16709,53632000,1,1,-0.0761407,0,9
22184,1009,22383616,0,0,0,0,9
4328.1,4659,20164608,0,0,0,0,9
3190.66,16479,52578816,1,1,-0.0376199,0,9
8508.35,4755,40457216,1,1,0,0,9
2347.77,14984,35179008,0,0,0,0,9
2605.52,1271,3311616,0,0,0,0,9
6377.54,5847,37289472,0,0,0,0,9
3248.9,17635,57294336,1,1,-0.200405,0,9
9197.77,4774,43910144,1,1,0,0,9
2349.53,14934,35087872,0,0,-0.0189317,0,9
2575.89,1321,3402752,0,0,0,0,9
23162.1,4931,114212352,1,1,0,0,9
3138.71,16049,50373120,1,1,0.0792215,1,9
8428.56,4595,38729216,1,1,0,0,9
2348.16,14446,33921536,0,0,0,0,9
2591.59,1264,3275776,0,0,0,0,9
26451.1,530,14019072,0,0,0,0,9
4357.19,3999,17424384,0,0,0,0,9
13619.7,1313,17882624,0,0,0,0,9
2491.51,14705,36637696,0,0,0,0,9
9008.63,4817,43394560,1,1,0,0,9
2418.11,13362,32310784,0,0,0,0,9
2242.21,2552,5722112,0,0,0,0,9
11002,1110,12212224,0,0,0,0,9
4176.45,4996,20865536,0,0,0,0,9
8158.16,4962,40480768,1,1,-0.224471,0,9
2320.17,10943,25389568,0,0,-0.158069,0,9
52323.6,468,24487424,0,0,0,0,9
4096,543,2224128,0,0,0,0,9
4371.95,3785,16547840,0,0,0,0,9
2413.53,12818,30936576,0,0,0,0,9
2276.82,3070,6989824,0,0,0,0,9
22653.5,461,10443264,0,0,0,0,9
4096,538,2203648,0,0,0,0,9
4394.42,3500,15380480,0,0,0,0,9
3209.24,15881,50966016,1,1,-0.0918279,0,9
9582.45,4302,41223680,1,1,0,0,9
14503.4,1040,15083520,0,0,0,0,9
2278.14,14078,32071680,0,0,0,0,9
47855.9,476,22779392,0,0,0,0,9
4096,761,3117056,0,0,0,0,9
4428.96,3137,13893632,0,0,0,0,9
2386.31,12767,30466048,0,0,0,0,9
2225.43,2170,4829184,0,0,0,0,9
11021.9,1053,11606016,0,0,0,0,9
3287.61,919,3021312,0,0,0,0,9
4293.13,5514,23672320,0,0,0,0,9
4544.34,5694,25875456,0,0,0,0,9
2404.41,9642,23183360,0,0,0,0,9
3283.03,1002,3289600,0,0,0,0,9
29049.1,558,16209408,0,0,0,0,9
4355.69,4022,17518592,0,0,0,0,9
2493.95,11085,27645440,0,0,0,0,9
1837.25,1273,2338816,0,0,0,0,9
2161.34,2846,6151168,0,0,0,0,9
39828.4,1137,45284864,0,0,0,0,9
3900,3388,13213184,0,0,0,0,9
3703.23,3122,11561472,0,0,0,0,9
3882.29,3172,12314624,0,0,0,0,9
3892.29,3099,12062208,0,0,0,0,9
4141.9,1718,7115776,0,0,0,0,9
4008.89,1440,5772800,0,0,0,0,9
4702.89,1241,5836288,0,0,0,0,9
4244.2,2757,11701248,0,0,0,0,9
3779.48,3033,11463168,0,0,0,0,9
4928.71,538,2651648,0,0,0,0,9
3710.36,2492,9246208,0,0,0,0,9
4341.35,1010,4384768,0,0,0,0,9
3911.2,2028,7931904,0,0,0,0,9
4096,563,2306048,0,0,0,0,9
3761.97,2408,9058816,0,0,0,0,9
4524.34,967,4375040,0,0,0,0,9
3738.62,2010,7514624,0,0,0,0,9
4309.54,1055,4546560,0,0,0,0,9
3630.44,1378,5002752,0,0,0,0,9
4210.88,1551,6531072,0,0,0,0,9
3007.87,1445,4346368,0,0,0,0,9
4447.82,1758,7819264,0,0,0,0,9
3243.66,689,2234880,0,0,0,0,9
5384.05,1590,8560640,0,0,0,0,9
10988.4,847,9307136,0,0,0,0,9
28634.8,1212,34705408,0,0,0,0,9
4096,2133,8736768,0,0,0,0,9
4541.6,2344,10645504,0,0,0,0,9
2745.16,11890,32640000,0,0,0,0,9
1968.87,4963,9771520,0,0,0,0,9
40038.3,806,32270848,0,0,0,0,9
4151.12,2378,9871360,0,0,0,0,9
4475.18,2949,13197312,0,0,0,0,9
24839.6,470,11674624,0,0,0,0,9
1952.86,10564,20630016,0,0,0,0,9
1936.99,5839,11310080,0,0,0,0,9
2256.32,3227,7281152,0,0,0,0,9
25783.4,494,12737024,0,0,0,0,9
4333.06,4406,19091456,0,0,0,0,9
21357.1,488,10422272,0,0,0,0,9
1985.41,11476,22784512,0,0,0,0,9
1994.83,4901,9776640,0,0,0,0,9
17004.1,767,13042176,0,0,0,0,9
4266.81,6115,26091520,0,0,0,0,9
21641.9,479,10366464,0,0,0,0,9
2030.61,5976,12134912,0,0,0,0,9
2114.35,3349,7080960,0,0,0,0,9
2418.69,7109,17194496,0,0,0,0,9
2920.42,1905,5563392,0,0,0,0,9
14084.8,2260,31831552,1,1,0,0,9
3988.58,1225,4886016,0,0,0,0,9
4009.96,1803,7229952,0,0,0,0,9
4023.26,1795,7221760,0,0,0,0,9
3999.45,1819,7275008,0,0,0,0,9
4010.76,1808,7251456,0,0,0,0,9
3993.4,2066,8250368,0,0,0,0,9
3907.35,1167,4559872,0,0,0,0,9
4003.87,1217,4872704,0,0,0,0,9
4074.21,1786,7276544,0,0,0,0,9
4046.39,1837,7433216,0,0,0,0,9
4049.28,1852,7499264,0,0,0,0,9
4032.69,1860,7500800,0,0,0,0,9
4005.53,1811,7254016,0,0,0,0,9
3489.51,1669,5824000,0,0,0,0,9
5720.75,1125,6435840,0,0,0,0,9
6239.37,510,3182080,0,0,0,0,9
7549.13,1694,12788224,0,0,0,0,9
3016.1,2830,8535552,0,0,0,0,9
3257.55,2075,6759424,0,0,0,0,9
11592.3,1254,14536704,0,0,0,0,9
5291.92,1498,7927296,0,0,0,0,9
1877.15,4693,8809472,0,0,0,0,9
36539.7,1304,47647744,0,0,-0.000996533,0,9
4276.44,1013,4332032,0,0,0,0,9
8714.96,1028,8958976,0,0,0,0,9
2363.62,5037,11905536,0,0,0,0,9
12548.8,952,11946496,0,0,0,0,9
2578.74,6255,16130048,0,0,0,0,9
6555.88,1662,10895872,0,0,0,0,9
4812.22,4064,19556864,0,0,0,0,9
3345.62,1409,4713984,0,0,0,0,9
8446.29,1941,16394240,0,0,0,0,9
4059.1,2123,8617472,0,0,0,0,9
2403.86,3384,8134656,0,0,0,0,9
6745.14,1930,13018112,0,0,0,0,9
5103.51,1925,9824256,0,0,0,0,9
2495.84,3687,9202176,0,0,0,0,9
14968.3,1043,15611904,0,0,0,0,9
4987.01,1001,4992000,0,0,0,0,9
8794.42,1693,14888960,0,0,0,0,9
4082.86,1792,7316480,0,0,0,0,9
3442.08,2179,7500288,0,0,0,0,9
11205.1,1104,12370432,0,0,0,0,9
4181.93,715,2990080,0,0,0,0,9
4216.76,2103,8867840,0,0,0,0,9
1845,1140,2103296,0,0,0,0,9
2318.99,2938,6813184,0,0,0,0,9
7675.92,1130,8673792,0,0,0,0,9
4600.59,2280,10489344,0,0,0,0,9
2751.42,1653,4548096,0,0,0,0,9
6307.16,1001,6313472,0,0,0,0,9
5316.35,1648,8761344,0,0,0,0,9
2600.64,3439,8943616,0,0,0,0,9
1899.94,2348,4461056,0,0,0,0,9
90625.5,672,60900352,0,0,-0.00124298,0,9
3939.76,1124,4428288,0,0,0,0,9
3836.63,3117,11958784,0,0,0,0,9
3797.16,4631,17584640,0,0,0,0,9
6944.88,436,3027968,0,0,0,0,9
4157.24,602,2502656,0,0,0,0,9
4030.62,1856,7480832,0,0,0,0,9
3479.91,2420,8421376,0,0,0,0,9
6090.6,1141,6949376,0,0,0,0,9
5980.02,1021,6105600,0,0,0,0,9
3525.17,1201,4233728,0,0,0,0,9
5467.64,595,3253248,0,0,0,0,9
3619.33,1029,3724288,0,0,0,0,9
4711.37,1897,8937472,0,0,0,0,9
6382.19,1466,9356288,0,0,0,0,9
7429.87,1046,7771648,0,0,0,0,9
7210.87,1063,7665152,0,0,0,0,9
4922.63,1930,9500672,0,0,0,0,9
5640.39,1037,5849088,0,0,0,0,9
7017.41,1241,8708608,0,0,0,0,9
14390.7,1030,14822400,0,0,0,0,9
4473.96,2036,9108992,0,0,0,0,9
4779.66,1378,6586368,0,0,0,0,9
4886.4,1646,8043008,0,0,0,0,9
3802.32,3241,12323328,0,0,0,0,9
4033.22,2365,9538560,0,0,0,0,9
4138.48,1832,7581696,0,0,0,0,9
4446.48,4200,18675200,0,0,0,0,9
4939.56,1572,7764992,0,0,0,0,9
4904.47,1632,8004096,0,0,0,0,9
4020.28,3347,13455872,0,0,0,0,9
4727.13,1702,8045568,0,0,0,0,9
3521,1918,6753280,0,0,0,0,9
3915.37,1267,4960768,0,0,0,0,9
4882.29,1624,7928832,0,0,0,0,9
3127.57,1511,4725760,0,0,0,0,9
3755.78,1842,6918144,0,0,0,0,9
4138.61,2403,9945088,0,0,0,0,9
5391.22,1816,9790464,0,0,0,0,9
7994.17,1426,11399680,0,0,0,0,9
6884.06,1237,8515584,0,0,0,0,9
80644.1,1892,152578560,0,0,-0.00146166,0,9
3557.77,2440,8680960,0,0,0,0,9
5255.53,646,3395072,0,0,0,0,9
3493.3,7056,24648704,0,0,0,0,9
4207.31,5391,22681600,0,0,0,0,9
3312.33,5882,19483136,0,0,0,0,9
3893.49,11294,43973120,1,1,0,0,9
3906.52,11827,46202368,1,1,0,0,9
3899.71,11276,43973120,1,1,0,0,9
5316.96,3200,17014272,0,0,0,0,9
3109.96,5328,16569856,0,0,0,0,9
3453.62,3012,10402304,0,0,0,0,9
5269.47,3511,18501120,0,0,0,0,9
3165.43,3962,12541440,0,0,0,0,9
3401.79,3799,12923392,0,0,0,0,9
7746.89,1194,9249792,0,0,0,0,9
3502.1,2663,9326080,0,0,0,0,9
5878.67,1015,5966848,0,0,0,0,9
4096,700,2867200,0,0,0,0,9
4033.72,2491,10048000,0,0,0,0,9
3331.17,1695,5646336,0,0,0,0,9
3613.5,2430,8780800,0,0,0,0,9
5202.37,2387,12418048,0,0,0,0,9
3199.26,2768,8855552,0,0,0,0,9
3455.44,2748,9495552,0,0,0,0,9
8316.5,658,5472256,0,0,0,0,9
3412.63,9940,33921536,0,0,0,0,9
4000.15,1047,4188160,0,0,0,0,9
4258.94,7042,29991424,0,0,0,0,9
3734.17,2015,7524352,0,0,0,0,9
3896.73,2649,10322432,0,0,0,0,9
3881.38,11642,45187072,1,1,0,0,9
4857.28,3808,18496512,0,0,0,0,9
3660.33,7251,26541056,0,0,0,0,9
3898.04,7221,28147712,0,0,0,0,9
3750.26,10689,40086528,0,0,0,0,9
3907.82,11226,43869184,1,1,0,0,9
3908.3,10701,41822720,1,1,0,0,9
3900.64,10714,41791488,1,1,0,0,9
4797.36,3826,18354688,0,0,0,0,9
3683.08,7307,26912256,0,0,0,0,9
3764.06,11169,42040832,1,1,0,0,9
26201.1,4842,126865920,1,1,-0.000152548,0,9
3054.53,16764,51206144,0,0,0,0,9
9012.78,6956,62692864,1,1,-0.000488019,0,9
3037.31,25269,76749824,1,1,-0.0497538,0,9
9685.95,3543,34317312,1,1,0,0,9
3262.73,9304,30356480,0,0,0,0,9
5387.64,4312,23231488,0,0,0,0,9
3059.68,16792,51378176,1,1,0.0376747,1,9
7333.19,3834,28115456,0,0,0,0,9
2902.6,15457,44865536,1,1,0,0,9
20008.1,728,14565888,0,0,0,0,9
4264.82,6187,26386432,0,0,0,0,9
4881.49,7496,36591616,1,1,-0.370201,0,9
3358.82,1196,4017152,0,0,0,0,9
2348.33,5186,12178432,0,0,0,0,9
2306.12,11483,26481152,0,0,0,0,9
6293.09,9042,56902144,1,1,0,0,9
3232.14,27566,89097216,1,1,-0.134232,0,0
47051.4,3428,161292288,1,1,-2.90453e-05,0,9
2772.97,9835,27272192,0,0,0,0,9
142913,2826,403872256,1,1,0,0,9
2965.68,8572,25421824,0,0,0,0,9
12011.7,4782,57439744,1,1,0.000350442,0,9
5649.87,3724,21040128,0,0,0,0,9
2172.12,13246,28771840,0,0,0,0,9
7001.02,4857,34003968,1,1,0,0,9
5746.77,3792,21791744,0,0,0,0,9
3144.74,1281,4028416,0,0,0,0,9
3212.39,1105,3549696,0,0,0,0,9
3050.28,2004,6112768,0,0,0,0,9
2496.23,8784,21926912,0,0,0,0,9
29871.9,1010,30170624,0,0,0,0,9
4600.75,2118,9744384,0,0,0,0,9
3114.77,7913,24647168,0,0,0,0,9
4904.66,6629,32513024,0,0,0,0,9
9744.72,2726,26564096,1,1,-0.159373,0,9
2249.88,11098,24969216,0,0,0,0,9
2924.77,1937,5665280,0,0,0,0,9
3760.98,1001,3764736,0,0,0,0,9
2619.73,3223,8443392,0,0,0,0,9
2534.35,1078,2732032,0,0,0,0,9
2341.87,1129,2643968,0,0,0,0,9
3095.6,1193,3693056,0,0,0,0,9
2903.1,1740,5051392,0,0,0,0,9
16887.9,1526,25771008,0,0,0.00274043,0,9
5724.02,1174,6720000,0,0,0,0,9
8357.2,1531,12794880,0,0,0,0,9
2576.13,6222,16028672,0,0,0,0,9
2928.09,1722,5042176,0,0,0,0,9
6923.01,2489,17231360,0,0,0,0,9
5185.51,1993,10334720,0,0,0,0,9
4278.68,838,3585536,0,0,0,0,9
4096,1131,4632576,0,0,0,0,9
4197.43,11943,50129920,1,1,0.0808426,1,9
3833.32,1534,5880320,0,0,0,0,9
2608.05,2014,5252608,0,0,0,0,9
2712.11,1370,3715584,0,0,0,0,9
2449.96,2038,4993024,0,0,0,0,9
2934.42,1109,3254272,0,0,0,0,9
2716.07,1181,3207680,0,0,0,0,9
2316.18,4391,10170368,0,0,0,0,9
24157.6,1034,24978944,0,0,0,0,9
4378.42,3479,15232512,0,0,0,0,9
16087.1,1195,19224064,0,0,0,0,9
2823.62,3527,9958912,0,0,0,0,9
2716.27,1114,3025920,0,0,0,0,9
3497.26,1151,4025344,0,0,0,0,9
3098.06,1552,4808192,0,0,0,0,9
2560,2436,6236160,0,0,0,0,9
2253.34,7074,15940096,0,0,0,0,9
5961.6,7784,46405120,1,1,0.000174764,0,9
3352.24,19759,66236928,1,1,-0.0914559,0,9
2408.49,6708,16156160,0,0,0,0,9
65780.3,2012,132349952,0,0,-0.000327893,0,9
4306.51,4716,20309504,0,0,0,0,9
8523.7,1400,11933184,0,0,0,0,9
4323.39,4366,18875904,0,0,0,0,9
6178.8,3384,20909056,0,0,0,0,9
6641.53,1132,7518208,0,0,0,0,9
4179.24,1181,4935680,0,0,0,0,9
6896.9,1458,10055680,0,0,0,0,9
9617.18,1021,9819136,0,0,0,0,9
7732.8,1154,8923648,0,0,0,0,9
8999.38,1690,15208960,0,0,0,0,9
4097.42,5774,23658496,0,0,0,0,9
4096,3418,14000128,0,0,0,0,9
4099.69,7069,28980736,0,0,0,0,9
4136.56,25751,106520576,1,1,0,0,9
7114.5,21601,153680384,1,1,0,0,0
3398.75,1252,4255232,0,0,0,0,9
3061.3,1244,3808256,0,0,0,0,9
2133.06,2167,4622336,0,0,0,0,9
3213.92,1223,3930624,0,0,0,0,9
2116.81,50000,105840640,1,1,-0.000187507,0,0
2090.29,50000,104514560,1,1,0,0,0
2104.05,33160,69770240,1,1,0,0,0
85922.8,1330,114277376,0,0,0,0,9
4317.97,4138,17867776,0,0,0,0,9
5898.37,3679,21700096,1,1,0,0,9
11530.3,1494,17226240,0,0,0,0,9
4268.53,4671,19938304,0,0,0,0,9
6184.59,3519,21763584,0,0,0,0,9
56610.3,1448,81971712,0,0,0,0,9
4398.51,4541,19973632,0,0,0,0,9
20960.2,1063,22280704,0,0,0,0,9
3544.42,1229,4356096,0,0,0,0,9
4188.87,1450,6073856,0,0,0,0,9
19962.5,1209,24134656,0,0,0,0,9
5641.13,2018,11383808,0,0,0,0,9
3395.7,2004,6804992,0,0,0,0,9
8989.55,1343,12072960,0,0,0,0,9
4320.31,4492,19406848,0,0,0,0,9
9005.06,1335,12021760,0,0,0,0,9
4310.44,4503,19409920,0,0,0,0,9
6263.96,3470,21735936,0,0,0,0,9
5658.75,1952,11045888,0,0,0,0,9
4343.21,4225,18350080,0,0,0,0,9
3281.29,14123,46341632,1,1,0.0340066,1,9
2535.06,2772,7027200,0,0,0,0,9
2797.29,2162,6047744,0,0,0,0,9
2773.83,1803,5001216,0,0,0,0,9
15928.8,1344,21408256,0,0,0,0,9
4257.75,4479,19070464,1,1,0,0,9
5992.22,3778,22638592,0,0,0,0,9
7139.03,1414,10094592,0,0,0,0,9
4309.73,4784,20617728,0,0,0,0,9
8316.52,1398,11626496,0,0,0,0,9
4096,5771,23638016,0,0,0,0,9
4096,3821,15650816,0,0,0,0,9
4096,6174,25288704,0,0,0,0,0
4128.58,32057,132349952,1,1,0,0,9
4373.16,50000,218657792,1,1,2.56278e-06,0,0
2127.67,26014,55349248,1,1,0,0,0
2817.78,1295,3649024,0,0,0,0,9
3168.99,1325,4198912,0,0,0,0,9
2109.44,50000,105472000,1,1,-0.000140431,0,0
2107.6,37824,79717888,1,1,0,0,9
20771.7,6757,140354560,1,1,-0.000131465,0,9
3177.99,17004,54038528,1,1,-0.0216276,0,9
2377.53,5278,12548608,0,0,0,0,9
19758.8,3937,77790208,1,1,-0.00147135,0,9
4360.91,12988,56639488,1,1,0,0,9
4096,3989,16338944,0,0,0,0,0
4131.82,29162,120492032,1,1,0,0,9
4194.13,50000,209706496,1,1,0,0,0
2103.38,37454,78779904,1,1,0,0,0
2120.34,50000,106016768,1,1,0,0,0
2102.58,18601,39110144,1,1,0,0,0
185412,572,106055680,0,0,0,0,0
4358.73,5020,21880832,0,0,0,0,9
8758.09,1259,11026432,0,0,0,0,9
4164.56,4234,17632768,0,0,0,0,9
5923.77,3485,20644352,1,1,0,0,9
7179.39,1259,9038848,0,0,0,0,9
7425.45,1062,7885824,0,0,0,0,9
2913.69,1436,4184064,0,0,0,0,9
3205.76,1734,5558784,0,0,0,0,9
8802.95,1247,10977280,0,0,0,0,9
4941.82,2477,12240896,0,0,0,0,9
3297.65,1729,5701632,0,0,0,0,9
6148.21,2431,14946304,0,0,0,0,9
4096,3297,13504512,0,0,0,0,9
4096,5498,22519808,0,0,0,0,9
4096,6067,24850432,0,0,0,0,0
4121.56,40865,168427520,1,1,0,0,9
4306.88,47697,205425152,1,1,0,0,0
2307.05,2263,5220864,0,0,0,0,9
3002.85,1192,3579392,0,0,0,0,9
3081.18,1004,3093504,0,0,0,0,9
2110.66,22088,46620160,1,1,-0.000443697,0,9
2450.24,1726,4229120,0,0,0,0,9
2715.4,2593,7041024,0,0,0,0,9
2773.19,2320,6433792,0,0,0,0,9
2368.79,1628,3856384,0,0,0,0,9
2469.16,3055,7543296,0,0,0,0,9
3338.6,2318,7738880,0,0,0,0,9
2638.22,1139,3004928,0,0,0,0,9
2804.68,3143,8815104,0,0,0,0,9
3077.53,1853,5702656,0,0,0,0,9
2819.23,3253,9170944,0,0,0,0,9
3354.5,1874,6286336,0,0,0,0,9
2565.17,1583,4060672,0,0,0,0,9
3870.66,1002,3878400,0,0,0,0,9
3140.15,1202,3774464,0,0,0,0,9
3589.89,1652,5930496,0,0,0,0,9
2674.33,3314,8862720,0,0,0,0,9
2439.86,5843,14256128,0,0,0,0,9
2378.94,17753,42233344,1,1,0,0,9
2599.5,1309,3402752,0,0,0,0,9
2801.34,1432,4011520,0,0,0,0,9
2771.67,3026,8387072,0,0,0,0,9
2741.7,2212,6064640,0,0,0,0,9
3151.9,1666,5251072,0,0,0,0,9
2523.73,2400,6056960,0,0,0,0,9
2955.88,2231,6594560,0,0,0,0,9
6070.43,1030,6252544,0,0,0,0,9
5432.27,1110,6029824,0,0,0,0,9
4592.08,1029,4725248,0,0,0,0,9
5836.1,1021,5958656,0,0,0,0,9
4001.89,1420,5682688,0,0,0,0,9
3837.28,1035,3971584,0,0,0,0,9
7865.4,1008,7928320,0,0,0,0,9
8903.11,1728,15384576,0,0,0,0,9
4122.54,1447,5965312,0,0,0,0,9
2814.01,2447,6885888,0,0,0,0,9
2471.76,2994,7400448,0,0,0,0,9
2481.18,8295,20581376,0,0,0,0,9
44126.4,2610,115169792,1,1,0,0,9
4184.64,8757,36644864,0,0,0,0,9
4096,5665,23203840,0,0,0,0,9
4156.87,17158,71323648,1,1,0,0,9
3793.36,50000,189667840,1,1,0,0,0
1989.78,29428,58555392,1,1,0,0,0
3693.82,1021,3771392,0,0,0,0,9
2277.94,1336,3043328,0,0,0,0,9
3459.2,1358,4697600,0,0,0,0,9
2306.27,1126,2596864,0,0,0,0,9
2319.77,1526,3539968,0,0,0,0,9
2082.52,50000,104125952,1,1,0,0,0
2168.29,8249,17886208,0,0,0,0,0
64682.1,1734,112158720,0,0,-8.49527e-05,0,9
4237.43,5546,23500800,0,0,0,0,9
8902.24,1640,14599680,0,0,0,0,9
5978.51,2373,14187008,0,0,0,0,9
4003.34,1514,6061056,0,0,0,0,9
2952.03,1562,4611072,0,0,0,0,9
8849.55,1882,16654848,0,0,0,0,9
4274.01,5692,24327680,0,0,0,0,9
8935.95,1671,14931968,0,0,0,0,9
4278.48,5620,24045056,0,0,0,0,9
10700.2,1225,13107712,0,0,0,0,9
4272.78,4101,17522688,0,0,0,0,9
8421.69,1362,11470336,0,0,0,0,9
4324.16,4589,19843584,0,0,0,0,9
9034.92,1360,12287488,0,0,0,0,9
4322.33,4590,19839488,0,0,0,0,9
6163.94,3621,22319616,0,0,0,0,9
5971.69,1661,9918976,0,0,0,0,9
4096,5887,24113152,0,0,0,0,9
4096,5944,24346624,0,0,0,0,9
4096,3597,14733312,0,0,0,0,0
4129.88,30829,127320064,1,1,0,0,9
4282.86,50000,214142976,1,1,0,0,0
2134.41,6553,13986816,0,0,0,0,0
3050.32,1771,5402112,0,0,0,0,9
2097.14,50000,104857088,1,1,-0.000139297,0,0
2081.76,50000,104088064,1,1,-0.0283517,0,0
2333.91,3415,7970304,0,0,0,0,0
46124.8,2592,119555584,1,1,0,0,9
4367.28,8425,36794368,0,0,0,0,9
7600.42,3783,28752384,1,1,-0.0013454,0,9
5422.71,3782,20508672,0,0,0,0,9
4890.36,4934,24129024,0,0,0,0,9
4477.55,2928,13110272,0,0,0,0,9
4155.9,1436,5967872,0,0,0,0,9
4395.88,2754,12106240,0,0,0,0,9
4330.36,1053,4559872,0,0,0,0,9
4354,1790,7793664,0,0,0,0,9
4289.83,1923,8249344,0,0,0,0,9
4173.77,1422,5935104,0,0,0,0,9
6528,504,3290112,0,0,0,0,9
4275.96,2094,8953856,0,0,0,0,9
4321.84,1061,4585472,0,0,0,0,9
4096,954,3907584,0,0,0,0,9
4398.1,883,3883520,0,0,0,0,9
4096,1172,4800512,0,0,0,0,9
4511.16,1454,6559232,0,0,0,0,9
4096,667,2732032,0,0,0,0,9
4124.72,2050,8455680,0,0,0,0,9
4096,1030,4218880,0,0,0,0,9
4096,1842,7544832,0,0,0,0,9
4238.44,1294,5484544,0,0,0,0,9
4859.74,661,3212288,0,0,0,0,9
4096,1381,5656576,0,0,0,0,9
4922.99,1302,6409728,0,0,0,0,9
4096,1498,6135808,0,0,0,0,9
4105.41,4842,19878400,0,0,0,0,9
4097.62,7563,30990336,0,0,-0.000996016,0,9
5262.83,35360,186093568,1,1,-2.46548e-05,0,0
2712.92,1500,4069376,0,0,0,0,9
2801.46,1338,3748352,0,0,0,0,9
3092.33,1259,3893248,0,0,0,0,9
2907.36,1132,3291136,0,0,0,0,9
2277.41,2397,5458944,0,0,0,0,9
3217.48,1545,4971008,0,0,0,0,9
2153.36,1696,3652096,0,0,0,0,9
3020.14,1876,5665792,0,0,0,0,9
2324.44,1428,3319296,0,0,0,0,9
2270,2530,5743104,0,0,0,0,9
2302.1,1479,3404800,0,0,0,0,9
2339.63,1315,3076608,0,0,0,0,9
2386.29,2918,6963200,0,0,0,0,9
2164.03,3711,8030720,0,0,0,0,9
2113.13,26995,57043968,1,1,0,0,0
2376.57,1859,4418048,0,0,0,0,9
2242.66,1928,4323840,0,0,0,0,9
2240.6,4785,10721280,0,0,0,0,9
3156.67,1028,3245056,0,0,0,0,9
2259.91,2363,5340160,0,0,0,0,9
2327.51,2896,6740480,0,0,0,0,9
3241.33,1666,5400064,0,0,0,0,9
2996.26,1521,4557312,0,0,0,0,9
2164.01,1580,3419136,0,0,0,0,9
3015.19,3740,11276800,0,0,0,0,9
3147.19,2247,7071744,0,0,0,0,9
2206.53,50000,110326272,1,1,0,0,0
54445.7,2164,117820416,0,0,0,0,9
4333.73,4415,19133440,0,0,0,0,9
9033.93,1302,11762176,0,0,0,0,9
4313.93,4398,18972672,0,0,0,0,9
42836.1,5320,227888128,1,1,-0.00170124,0,9
5353.54,741,3966976,0,0,0,0,9
3492.33,7462,26059776,0,0,0,0,9
3898.48,8225,32065024,0,0,0,0,9
8297.45,704,5841408,0,0,0,0,9
3406.33,11994,40855552,1,1,-0.000483209,0,9
3990.09,12593,50247168,1,1,-0.002798,0,9
4031.18,9692,39070208,1,1,-0.00485853,0,9
4415.62,1360,6005248,0,0,0,0,9
9907.86,1002,9927680,0,0,0,0,9
6199.75,1001,6205952,0,0,0,0,9
9496.02,3059,29048320,0,0,0,0,9
8408.49,1069,8988672,0,0,0,0,9
18300.4,1004,18373632,0,0,0,0,9
5497.98,1020,5607936,0,0,0,0,9
3715.18,1612,5988864,0,0,0,0,9
3395.43,5623,19092480,0,0,0,0,9
8572.08,1405,12043776,0,0,0,0,9
3498.74,1147,4013056,0,0,0,0,9
3675.91,1025,3767808,0,0,0,0,9
5484.17,1136,6230016,0,0,0,0,9
3600.41,3776,13595136,0,0,0,0,9
6330.78,1006,6368768,0,0,0,0,9
5145.74,1452,7471616,0,0,0,0,9
3518.89,1148,4039680,0,0,0,0,9
3564.36,1147,4088320,0,0,0,0,9
3584.92,1115,3997184,0,0,0,0,9
3473.72,1221,4241408,0,0,0,0,9
3391.95,1365,4630016,0,0,0,0,9
3852.95,13027,50192384,1,1,-0.00340522,0,9
3935.47,12633,49716736,1,1,-0.00932606,0,9
5395.21,3985,21499904,0,0,0,0,9
4121.8,1250,5152256,0,0,0,0,9
3254.83,1599,5204480,0,0,0,0,9
4015.16,2185,8773120,0,0,0,0,9
3567.64,3755,13396480,0,0,0,0,9
4898.56,4363,21372416,0,0,0,0,9
5918.04,605,3580416,0,0,0,0,9
3554.01,7852,27906048,0,0,0,0,9
3966.89,8431,33444864,0,0,0,0,9
8304.63,741,6153728,0,0,0,0,9
3529.05,7715,27226624,0,0,0,0,9
7370.75,947,6980096,0,0,0,0,9
3541.02,7933,28090880,0,0,0,0,9
7735.89,852,6590976,0,0,0,0,9
3513.54,12193,42840576,1,1,0.0830556,1,9
3964.15,12733,50475520,1,1,-0.0138519,0,9
4969.87,4188,20813824,0,0,0,0,9
5313.91,837,4447744,0,0,0,0,9
3556.77,7314,26014208,0,0,0,0,9
3966.15,8166,32387584,0,0,0,0,9
7449.2,894,6659584,0,0,0,0,9
3536.67,11695,41361408,0,0,0,0,9
3978.03,12617,50190848,1,1,-0.0022805,0,9
3987.71,12577,50153472,1,1,0.198044,1,9
3992.4,12558,50136576,1,1,-0.00118329,0,9
8992.55,1038,9334272,0,0,0,0,9
4080.79,1010,4121600,0,0,0,0,9
3668.14,1071,3928576,0,0,0,0,9
3697.23,1447,5349888,0,0,0,0,9
3245.74,6719,21808128,0,0,0,0,9
5651.18,3631,20519424,0,0,0,0,9
3014.53,12223,36846592,0,0,0,0,9
11484.2,1267,14550528,0,0,0,0,9
4070,1201,4888064,0,0,0,0,9
4457.04,2893,12894208,0,0,0,0,9
3015.31,12228,36871168,0,0,0,0,9
11499.3,1310,15064064,0,0,0,0,9
4978.16,1184,5894144,0,0,0,0,9
2918.56,5836,17032704,0,0,0,0,9
14443.8,1050,15165952,0,0,0,0,9
4071.8,1100,4478976,0,0,0,0,9
4234.17,5903,24994304,0,0,0,0,9
3016,17288,52140544,1,1,-0.0016107,0,9
16876.3,1119,18884608,0,0,0,0,9
4296.85,5501,23636992,1,1,0,0,9
3006.86,17150,51567616,0,0,0,0,9
19870.8,1249,24818688,0,0,0,0,9
2489.99,4132,10288640,0,0,0,0,9
6210.2,1338,8309248,0,0,0,0,9
2525.13,4420,11161088,0,0,0,0,9
10960.1,2687,29449728,1,1,0,0,9
2502.24,8448,21138944,0,0,0,0,9
11159.2,796,8882688,0,0,0,0,9
3460.69,4202,14541824,0,0,0,0,9
6224.72,1110,6909440,0,0,0,0,9
2781.93,3772,10493440,0,0,0,0,9
7913.67,2419,19143168,0,0,0,0,9
4774.43,1409,6727168,0,0,0,0,9
2647.94,3243,8587264,0,0,0,0,9
2983.38,1040,3102720,0,0,0,0,9
7659.42,1269,9719808,0,0,0,0,9
4305.95,2846,12254720,0,0,0,0,9
4471.58,2781,12435456,0,0,0,0,9
8105.97,2333,18911232,0,0,0,0,9
2446.59,1535,3755520,0,0,0,0,9
2604.2,2247,5851648,0,0,0,0,9
2395.26,2937,7034880,0,0,0,0,9
2406.57,8196,19724288,0,0,0,0,9
22474,1005,22586368,0,0,0,0,9
3847.18,1070,4116480,0,0,0,0,9
4140.96,6058,25085952,1,1,0,0,9
3012.98,16848,50762752,0,0,0,0,9
18454.3,1009,18620416,0,0,0,0,9
4247.07,1010,4289536,0,0,0,0,9
3536.14,1059,3744768,0,0,0,0,9
4372.6,4946,21626880,1,1,0,0,9
3008.01,16771,50447360,0,0,0,0,9
8697.6,3280,28528128,0,0,0,0,9
3002.01,11317,33973760,0,0,0,0,9
8199.43,2204,18071552,0,0,0,0,9
4412.22,3303,14573568,0,0,0,0,9
4455.64,5659,25214464,0,0,0,0,9
2280.53,11298,25765376,0,0,0,0,9
21751.8,1097,23861760,0,0,0,0,9
5825.61,1071,6239232,0,0,0,0,9
7411.57,1009,7478272,0,0,0,0,9
5950.58,1125,6694400,0,0,0,0,9
6870.31,1314,9027584,0,0,0,0,9
5606.75,1014,5685248,0,0,0,0,9
5812.71,1088,6324224,0,0,0,0,9
17183.9,1323,22734336,0,0,0,0,9
5710.05,1043,5955584,0,0,0,0,9
5315.02,1675,8902656,0,0,0,0,9
6454.2,1299,8384000,0,0,0,0,9
10229.8,1108,11334656,0,0,0,0,9
6386.71,1002,6399488,0,0,0,0,9
2658.19,1142,3035648,0,0,0,0,9
10756.6,1012,10885632,0,0,0,0,9
5977.44,1039,6210560,0,0,0,0,9
4501.91,1525,6865408,0,0,0,0,9
6690.3,1433,9587200,0,0,-0.0820766,0,9
6937.2,1351,9372160,0,0,0,0,9
3144.96,1172,3685888,0,0,0,0,9
6604.21,1463,9661952,0,0,0,0,9
7669.9,1318,10108928,0,0,0,0,9
19851.6,1500,29777408,0,0,0,0,9
4668.21,1080,5041664,0,0,0,0,9
43928,1911,83946496,0,0,0,0,9
3097.12,1549,4797440,0,0,0,0,9
3990.38,1081,4313600,0,0,0,0,9
3517.17,3509,12341760,0,0,0,0,9
5763.06,1254,7226880,0,0,0,0,9
3165.89,3730,11808768,0,0,0,0,9
3349.5,3262,10926080,0,0,0,0,9
4669.28,1412,6593024,0,0,0,0,9
3163.89,6369,20150784,0,0,0,0,9
6646.97,1021,6786560,0,0,0,0,9
4096,1105,4526080,0,0,0,0,9
3102.7,9355,29025792,0,0,0,0,9
3663.3,11479,42051072,1,1,0,0,9
5384.97,3024,16284160,0,0,0,0,9
2854.92,4644,13258240,0,0,0,0,9
3956.49,2558,10120704,0,0,0,0,9
5404.95,1353,7312896,0,0,0,0,9
5257.04,4532,23824896,0,0,0,0,9
2994.33,3118,9336320,0,0,0,0,9
3276.33,7149,23422464,0,0,0,0,9
8053.54,1065,8577024,0,0,0,0,9
2924.43,2741,8015872,0,0,0,0,9
7401.86,532,3937792,0,0,0,0,9
3279.1,6932,22730752,0,0,0,0,9
4920.03,2860,14071296,0,0,0,0,9
3049.91,3292,10040320,0,0,0,0,9
3464.77,3371,11679744,0,0,0,0,9
9205.27,477,4390912,0,0,0,0,9
3217.82,8016,25794048,0,0,0,0,9
3316.29,2907,9640448,0,0,0,0,9
5151.69,5234,26963968,0,0,0,0,9
9375.25,2630,24656896,0,0,0,0,9
2341.89,14214,33287680,0,0,-0.14099,0,9
2802.32,1572,4405248,0,0,0,0,9
45776.2,514,23528960,0,0,0,0,9
4315.84,4751,20504576,1,1,0,0,9
38685.4,479,18530304,0,0,0,0,9
2241.05,15414,34543616,1,1,0.0942639,1,9
2193.99,996,2185216,0,0,0,0,9
2713.84,1521,4127744,0,0,0,0,9
22963.1,5883,135091712,1,1,-0.000109253,0,9
8917.72,2906,25914880,0,0,0,0,9
2300.85,8373,19265024,0,0,0,0,9
2047.45,5636,11539456,0,0,0,0,9
1977.92,1768,3496960,0,0,0,0,9
28231.2,1078,30433280,0,0,0,0,9
4277.94,5797,24799232,1,1,0.000394361,0,9
11714,2195,25712128,0,0,0,0,9
4189.28,1515,6346752,0,0,0,0,9
6238.05,1214,7572992,0,0,0,0,9
2462.34,9861,24281088,0,0,0,0,9
8292.11,1028,8524288,0,0,0,0,9
4511.76,1080,4872704,0,0,0,0,9
2868.65,2183,6262272,0,0,0,0,9
4539.82,1164,5284352,0,0,0,0,9
14825,2380,35283456,1,1,-0.000569584,0,9
4462.62,2842,12682752,0,0,0,0,9
17509.9,1266,22167552,0,0,0,0,9
3130.73,1726,5403648,0,0,0,0,9
2761.02,2761,7623168,0,0,0,0,9
7857.76,1083,8509952,0,0,0,0,9
4567.21,1343,6133760,0,0,0,0,9
2913.69,3024,8811008,0,0,0,0,9
1857.15,4668,8669184,0,0,0,0,9
5806.3,1034,6003712,0,0,0,0,9
6315.35,1001,6321664,0,0,0,0,9
16238,1683,27328512,0,0,-0.00181582,0,9
5303.11,1166,6183424,0,0,0,0,9
7515.9,1039,7809024,0,0,0,0,9
11705.9,1453,17008640,0,0,0,0,9
2913.27,1758,5121536,0,0,0,0,9
3277.84,1087,3563008,0,0,0,0,9
3414.16,1851,6319616,0,0,0,0,9
2607.46,1985,5175808,0,0,0,0,9
2371.92,4734,11228672,0,0,0,0,9
21581.6,864,18646528,0,0,0,0,9
9830.88,1065,10469888,0,0,0,0,9
10579.8,1017,10759680,0,0,0,0,9
17574.2,1029,18083840,0,0,0,0,9
9145.43,1364,12474368,0,0,0,0,9
10076.8,1048,10560512,0,0,0,0,9
13745.5,1004,13800448,0,0,0,0,9
27779.4,1029,28584960,0,0,0,0,9
9714.32,1310,12725760,0,0,0,0,9
5843,1041,6082560,0,0,0,0,9
5181.55,1148,5948416,0,0,0,0,9
4727.87,1196,5654528,0,0,0,0,9
28916.3,2104,60839936,0,0,0.00100981,0,9
4231.39,2182,9232896,0,0,0,0,9
4008.31,4134,16570368,0,0,0,0,9
6805.56,2321,15795712,0,0,0,0,9
4054.04,3087,12514816,0,0,0,0,9
6944.59,1194,8291840,0,0,0,0,9
6796.23,2271,15434240,0,0,0,0,9
4506.34,1793,8079872,0,0,0,0,9
4041.5,1569,6341120,0,0,0,0,9
6128.87,1590,9744896,0,0,0,0,9
3959.54,3343,13236736,0,0,0,0,9
4534.03,2215,10042880,0,0,0,0,9
5715.53,1416,8093184,0,0,0,0,9
4258.84,1701,7244288,0,0,0,0,9
4155.6,1744,7247360,0,0,0,0,9
4895.65,1545,7563776,0,0,0,0,9
6567.57,909,5969920,0,0,0,0,9
4456.87,1284,5722624,0,0,0,0,9
3919.64,3089,12107776,0,0,0,0,9
4439.87,1276,5665280,0,0,0,0,9
4418.49,2953,13047808,0,0,0,0,9
3714.11,2487,9236992,0,0,0,0,9
4402.51,1475,6493696,0,0,0,0,9
5251.92,2022,10619392,0,0,0,0,9
3729.25,1417,5284352,0,0,0,0,9
4054.61,3142,12739584,0,0,0,0,9
6503.41,963,6262784,0,0,0,0,9
4365.08,1937,8455168,0,0,0,0,9
4139.31,792,3278336,0,0,0,0,9
4155.34,3227,13409280,0,0,0,0,9
3990.91,6056,24168960,0,0,0,0,9
4538.61,6264,28429824,0,0,0,0,9
8061.4,541,4361216,0,0,0,0,9
4036.23,5611,22647296,0,0,0,0,9
4667.84,3311,15455232,0,0,0,0,9
3726.42,2797,10422784,0,0,0,0,9
6716.75,1121,7529472,0,0,0,0,9
4277.98,4932,21099008,0,0,0,0,9
4190.48,6118,25637376,0,0,0,0,9
5177.7,1899,9832448,0,0,0,0,9
3871.52,2997,11602944,0,0,0,0,9
4724.83,1100,5197312,0,0,0,0,9
23328.7,619,14440448,0,0,0,0,9
2998.36,5423,16260096,0,0,0,0,9
14250.4,1405,20021760,0,0,0,0,9
2581.3,4856,12534784,0,0,0,0,9
8193.26,1621,13281280,0,0,0,0,9
2615.06,5319,13909504,0,0,0,0,9
18945.5,1718,32548352,0,0,0,0,9
2330.54,5315,12386816,0,0,0,0,9
12433.5,1316,16362496,0,0,0,0,9
2331.11,4570,10653184,0,0,0,0,9
9689.63,1401,13575168,0,0,0,0,9
2849.51,3254,9272320,0,0,0,0,9
4830.15,1074,5187584,0,0,0,0,9
5637.46,1969,11100160,0,0,0,0,9
3354.61,5926,19879424,0,0,0,0,9
1900.41,2470,4694016,0,0,0,0,9
11170.4,864,9651200,0,0,0,0,9
2926.49,5169,15127040,0,0,0,0,9
3954.1,3749,14823936,0,0,0,0,9
5757.71,1898,10928128,0,0,0,0,9
1936.11,2677,5182976,0,0,0,0,9
6906.51,1259,8695296,0,0,0,0,9
2615.48,3839,10040832,0,0,0,0,9
8589.05,1363,11706880,0,0,0,0,9
2482.81,4305,10688512,0,0,0,0,9
7753.14,1372,10637312,0,0,0,0,9
2932.75,6328,18558464,0,0,0,0,9
10601.8,1554,16475136,0,0,0,0,9
2577.82,4999,12886528,0,0,0,0,9
7099.8,1967,13965312,0,0,0,0,9
2597.15,5306,13780480,0,0,0,0,9
8304.31,1468,12190720,0,0,0,0,9
41252.7,1569,64725504,0,0,-0.00257431,0,9
4739.55,1623,7692288,0,0,0,0,9
4437.49,2198,9753600,0,0,0,0,9
1927.58,6569,12662272,0,0,0,0,9
2629.48,1518,3991552,0,0,0,0,9
7069.57,2195,15517696,0,0,0,0,9
7032.29,1245,8755200,0,0,0,0,9
2808.77,1628,4572672,0,0,0,0,9
2870.81,2947,8460288,0,0,0,0,9
8012.64,1747,13998080,0,0,0,0,9
3659.87,5507,20154880,0,0,0,0,9
7931.46,1466,11627520,0,0,0,0,9
4674.98,1804,8433664,0,0,0,0,9
2595.67,10063,26120192,0,0,0,0,9
8953.78,1070,9580544,0,0,0,0,9
4430.96,1793,7944704,0,0,0,0,9
3945.61,4974,19625472,0,0,0,0,9
5900.83,3611,21307904,0,0,0,0,9
10578.4,690,7299072,0,0,0,0,9
1988.35,5116,10172416,0,0,0,0,9
1934.9,5111,9889280,0,0,0,0,9
10919.7,1203,13136384,0,0,0,0,9
2521.21,1135,2861568,0,0,0,0,9
4579.38,1270,5815808,0,0,0,0,9
3425.59,2130,7296512,0,0,0,0,9
4431.61,3071,13609472,0,0,0,0,9
12938.6,543,7025664,0,0,0,0,9
1931.09,7896,15247872,0,0,0,0,9
2365.77,2499,5912064,0,0,0,0,9
13433.1,630,8462848,0,0,0,0,9
5064.01,1079,5464064,0,0,0,0,9
3564.68,5275,18803712,0,0,0,0,9
6981.11,1978,13808640,0,0,0,0,9
5397.45,1480,7988224,0,0,0,0,9
2387.11,2227,5316096,0,0,0,0,9
4656.44,3065,14272000,0,0,0,0,9
13327.6,524,6983680,0,0,0,0,9
1935.94,4281,8287744,0,0,0,0,9
1926.91,4241,8172032,0,0,0,0,9
2503.89,1889,4729856,0,0,0,0,9
8327.43,1637,13632000,0,0,0,0,9
3761.26,4532,17046016,0,0,0,0,9
8418.97,1076,9058816,0,0,0,0,9
4460.69,2864,12775424,0,0,0,0,9
13162.6,490,6449664,0,0,0,0,9
1926.57,7876,15173632,0,0,0,0,9
2483.72,1913,4751360,0,0,0,0,9
8429.98,1506,12695552,0,0,0,0,9
13061.6,503,6569984,0,0,0,0,9
2477.52,4550,11272704,0,0,0,0,9
8405.03,1692,14221312,0,0,0,0,9
3111.99,1421,4422144,0,0,0,0,9
6437.71,1161,7474176,0,0,0,0,9
4619.11,599,2766848,0,0,0,0,9
2229.8,3540,7893504,0,0,0,0,9
4987.53,1747,8713216,0,0,0,0,9
3922.41,7527,29523968,0,0,0,0,9
6286.44,2527,15885824,0,0,0,0,9
2734.22,11435,31265792,0,0,0,0,9
5751.64,3522,20257280,0,0,0,0,9
7113.4,722,5135872,0,0,0,0,9
2938.93,4994,14676992,0,0,0,0,9
4528.17,3951,17890816,0,0,0,0,9
11268.9,1556,17534464,0,0,0,0,9
3667.92,5497,20162560,0,0,0,0,9
28844,786,22671360,0,0,0,0,9
2928.82,6880,20150272,0,0,0,0,9
5297.55,2405,12740608,0,0,0,0,9
5717.58,706,4036608,0,0,0,0,9
2967.97,3647,10824192,0,0,0,0,9
5987.16,1185,7094784,0,0,0,0,9
3689.58,4054,14957568,0,0,0,0,9
8165.23,1205,9839104,0,0,0,0,9
3697.28,4122,15240192,0,0,0,0,9
6413.81,2095,13436928,0,0,0,0,9
2575.14,7235,18631168,0,0,0,0,9
5575.84,2425,13521408,0,0,0,0,9
10356.6,1001,10366976,0,0,0,0,9
2119.06,12292,26047488,0,0,0,0,9
9038.53,1330,12021248,0,0,0,0,9
4876.63,1338,6524928,0,0,0,0,9
3734.32,6519,24344064,0,0,0,0,9
9287.47,1268,11776512,0,0,0,0,9
3702.41,4523,16745984,0,0,0,0,9
6828.79,2012,13739520,0,0,0,0,9
2577.2,7235,18646016,0,0,0,0,9
7240.19,1461,10577920,0,0,0,0,9
3693.79,4948,18276864,0,0,0,0,9
6896.05,1749,12061184,0,0,0,0,9
2812.11,10197,28675072,0,0,0,0,9
8269.53,1433,11850240,0,0,0,0,9
3756.66,3588,13478912,0,0,0,0,9
6926.31,930,6441472,0,0,0,0,9
2884.81,6630,19126272,0,0,0,0,9
6457.84,1558,10061312,0,0,0,0,9
3689.99,5391,19892736,0,0,0,0,9
6594.97,2609,17206272,0,0,0,0,9
2573.37,9379,24135680,0,0,0,0,9
9490.12,1102,10458112,0,0,0,0,9
3694,3556,13135872,0,0,0,0,9
7715.12,904,6974464,0,0,0,0,9
2907.45,6646,19322880,0,0,0,0,9
16746.9,1003,16797184,0,0,0,0,9
4732.57,1007,4765696,0,0,0,0,9
14896.9,1224,18233856,0,0,0,0,9
3627.58,2138,7755776,0,0,0,0,9
4524.19,3189,14427648,0,0,0,0,9
5716.46,1170,6688256,0,0,0,0,9
4033.32,3112,12551680,0,0,0,0,9
2194.45,3538,7763968,0,0,0,0,9
7233.34,1050,7595008,0,0,0,0,9
3392.74,2428,8237568,0,0,0,0,9
4926.71,1094,5389824,0,0,0,0,9
3643.53,2907,10591744,0,0,0,0,9
5114.1,2518,12877312,0,0,0,0,9
5998.91,1101,6604800,0,0,0,0,9
3657.52,3900,14264320,0,0,0,0,9
6509.07,1920,12497408,0,0,0,0,9
2566.08,6907,17723904,0,0,0,0,9
7780.44,1203,9359872,0,0,0,0,9
5005.61,1768,8849920,0,0,0,0,9
2759.6,2519,6951424,0,0,0,0,9
6256.79,2365,14797312,0,0,0,0,9
2880.5,4636,13353984,0,0,0,0,9
2348.5,3854,9051136,0,0,0,0,9
7846.09,1418,11125760,0,0,0,0,9
3663.13,4749,17396224,0,0,0,0,9
9676.8,830,8031744,0,0,0,0,9
4680.49,1787,8364032,0,0,0,0,9
2608.03,7440,19403776,0,0,0,0,9
2482.92,1933,4799488,0,0,0,0,9
7095.12,1960,13906432,0,0,0,0,9
2559.54,6674,17082368,0,0,0,0,9
8102.55,1036,8394240,0,0,0,0,9
3652.51,3423,12502528,0,0,0,0,9
3388.3,7268,24626176,0,0,0,0,9
3549.96,11989,42560512,1,1,0,0,9
7931.78,2367,18774528,0,0,0,0,9
2562.08,12061,30901248,0,0,0,0,9
4493.93,7276,32697856,1,1,0,0,9
14833.6,1139,16895488,0,0,0,0,9
3112.89,7275,22646272,0,0,0,0,9
10937.1,1687,18450944,0,0,0,0,9
4043.89,2250,9098752,0,0,0,0,9
4703.95,3143,14784512,0,0,0,0,9
2654.39,9964,26448384,0,0,0,0,9
3659.3,7418,27144704,0,0,0,0,9
3549.75,12094,42930688,1,1,0,0,9
6957,2890,20105728,0,0,0,0,9
4163.54,2949,12278272,0,0,0,0,9
6624.31,727,4815872,0,0,0,0,9
2856.14,2806,8014336,0,0,0,0,9
4556.16,2953,13454336,0,0,0,0,9
3233.82,7334,23716864,0,0,0,0,9
3542.81,12081,42800640,1,1,0.00987992,1,9
4977.71,7909,39368704,1,1,0,0,9
4529.79,4098,18563072,0,0,0,0,9
6720.89,1657,11136512,0,0,0,0,9
2796.1,1299,3632128,0,0,0,0,9
3858.01,2203,8499200,0,0,0,0,9
8645.18,853,7374336,0,0,0,0,9
2854.96,6570,18757120,0,0,0,0,9
3542.9,12083,42808832,1,1,-0.000190281,0,9
9223.31,1750,16140800,0,0,0,0,9
3098.63,2903,8995328,0,0,0,0,9
6403.61,710,4546560,0,0,0,0,9
2833.26,4360,12353024,0,0,0,0,9
3534.66,8146,28793344,0,0,0,0,9
11972.7,885,10595840,0,0,0,0,9
2811.26,5074,14264320,0,0,0,0,9
4470.73,6367,28465152,0,0,0,0,9
7118.41,4718,33584640,1,1,0,0,9
15518.3,660,10242048,0,0,0,0,9
2379.79,7461,17755648,0,0,0,0,9
3203.84,10264,32884224,0,0,0,0,9
2222.24,2148,4773376,0,0,0,0,9
4456.97,7485,33360384,1,1,0,0,9
3475.96,12468,43338240,1,1,0.0219513,1,9
4713.72,7274,34287616,0,0,0,0,9
11415,1458,16643072,0,0,0,0,9
3449.3,1950,6726144,0,0,0,0,9
2554.31,12590,32158720,0,0,0,0,9
14389.5,1120,16116224,0,0,0,0,9
4262.36,1862,7936512,0,0,0,0,9
2587.15,4582,11854336,0,0,0,0,9
15034.8,1124,16899072,0,0,0,0,9
3081.67,3018,9300480,0,0,0,0,9
4938.96,1991,9833472,0,0,0,0,9
2615.06,5449,14249472,0,0,0,0,9
11969.4,1967,23543808,0,0,0,0,9
4267.33,1551,6618624,0,0,0,0,9
3136.16,4668,14639616,0,0,0,0,9
1989.68,4846,9641984,0,0,0,0,9
14480,1024,14827520,0,0,0,0,9
3355.65,6953,23331840,0,0,0,0,9
3050.48,1285,3919872,0,0,0,0,9
17843.7,1034,18450432,0,0,0,0,9
3606.31,1239,4468224,0,0,0,0,9
3987.65,1049,4183040,0,0,0,0,9
5071.35,1347,6831104,0,0,0,0,9
5671.09,2030,11512320,0,0,0,0,9
6320.4,1965,12419584,0,0,0,0,9
2695,1608,4333568,0,0,0,0,9
2348.43,1527,3586048,0,0,0,0,9
9120.38,1194,10889728,0,0,0,0,9
5179.4,2465,12767232,0,0,0,0,9
5852.46,1563,9147392,0,0,0,0,9
1873.05,7764,14542336,0,0,0,0,9
10745.8,1236,13281792,0,0,0,0,9
3814.13,1435,5473280,0,0,0,0,9
4739.47,2617,12403200,0,0,0,0,9
8552.46,1142,9766912,0,0,0,0,9
3100.52,1113,3450880,0,0,0,0,9
3640.38,1453,5289472,0,0,0,0,9
4907.56,1005,4932096,0,0,0,0,9
5798.25,1004,5821440,0,0,0,0,9
5591.14,1629,9107968,0,0,0,0,9
9019.14,1225,11048448,0,0,0,0,9
3430.82,1347,4621312,0,0,0,0,9
2449.73,3046,7461888,0,0,0,0,9
8249.17,1809,14922752,0,0,0,0,9
4671.89,601,2807808,0,0,0,0,9
7540.63,1554,11718144,0,0,0,0,9
2767.82,1355,3750400,0,0,0,0,9
2043.63,7616,15564288,0,0,0,0,9
8835.81,1678,14826496,0,0,0,0,9
3389.75,1795,6084608,0,0,0,0,9
11620.9,1043,12120576,0,0,0,0,9
13428.3,1061,14247424,0,0,0,0,9
14298.6,1012,14470144,0,0,0,0,9
9552.88,1073,10250240,0,0,0,0,9
5168.08,1246,6439424,0,0,0,0,9
13089.7,1009,13207552,0,0,0,0,9
22500.9,1002,22545920,0,0,0,0,9
9852.47,1160,11428864,0,0,0,0,9
2303.35,2749,6331904,0,0,0,0,9
6562.43,1253,8222720,0,0,0,0,9
7741.9,794,6147072,0,0,0,0,9
5064.43,1124,5692416,0,0,0,0,9
3646.11,5836,21278720,0,0,0,0,9
6655.24,2691,17909248,0,0,0,0,9
2558.23,9828,25142272,0,0,0,0,9
11363.4,1066,12113408,0,0,0,0,9
4320.15,1069,4618240,0,0,0,0,9
3436.27,1168,4013568,0,0,0,0,9
5143.48,1221,6280192,0,0,0,0,9
3059.33,3719,11377664,0,0,0,0,9
6064.01,1069,6482432,0,0,0,0,9
7756.37,1019,7903744,0,0,0,0,9
5384.67,1151,6197760,0,0,0,0,9
6598,1280,8445440,0,0,0,0,9
6676.46,1101,7350784,0,0,0,0,9
7005.12,1732,12132864,0,0,0,0,9
5495.7,1589,8732672,0,0,0,0,9
5650.19,1182,6678528,0,0,0,0,9
5914.69,1295,7659520,0,0,0,0,9
5472.36,1145,6265856,0,0,0,0,9
5670.12,1276,7235072,0,0,0,0,9
5476.33,1013,5547520,0,0,0,0,9
5515.67,3279,18085888,0,0,0,0,9
2564.08,1004,2574336,0,0,0,0,9
13675.5,1314,17969664,0,0,0,0,9
3794.92,2709,10280448,0,0,0,0,9
5594.45,2441,13656064,0,0,0,0,9
2567.49,6222,15974912,0,0,0,0,9
19698,1098,21628416,0,0,0,0,9
6088.21,1762,10727424,0,0,0,0,9
4393.81,1843,8097792,0,0,0,0,9
4192.81,3406,14280704,0,0,0,0,9
4383.85,2773,12156416,0,0,0,0,9
4358.08,2778,12106752,0,0,0,0,9
4327.19,2786,12055552,0,0,0,0,9
4227.74,2429,10269184,0,0,0,0,9
4929.26,3146,15507456,0,0,0,0,9
4261.11,3870,16490496,0,0,0,0,9
4477.04,1904,8524288,0,0,0,0,9
4283.47,3250,13921280,0,0,0,0,9
4365.92,1857,8107520,0,0,0,0,9
4373.78,1834,8021504,0,0,0,0,9
4318.72,2069,8935424,0,0,0,0,9
4350.48,1857,8078848,0,0,0,0,9
3885.06,2068,8034304,0,0,0,0,9
3884.45,2062,8009728,0,0,0,0,9
4379.6,1827,8001536,0,0,0,0,9
4250.01,2653,11275264,0,0,0,0,9
4560.02,2529,11532288,0,0,0,0,9
4284.85,2562,10977792,0,0,0,0,9
4380.09,2579,11296256,0,0,0,0,9
4413.28,2561,11302400,0,0,0,0,9
4359.88,2633,11479552,0,0,0,0,9
4224.81,1741,7355392,0,0,0,0,9
4242.99,2595,11010560,0,0,0,0,9
4352.79,2596,11299840,0,0,0,0,9
4341.89,2609,11328000,0,0,0,0,9
5372.5,1243,6678016,0,0,0,0,9
60447.9,835,50473984,0,0,-0.000899237,0,9
3409.04,4053,13816832,0,0,0,0,9
3778.07,4812,18180096,0,0,0,0,9
3626.04,7210,26143744,0,0,0,0,9
8091.29,605,4895232,0,0,0,0,9
3397.03,6616,22474752,0,0,0,0,9
3774.05,6137,23161344,0,0,0,0,9
3881.54,1103,4281344,0,0,0,0,9
4779.45,2395,11446784,0,0,0,0,9
4225.01,758,3202560,0,0,0,0,9
3530.47,2458,8677888,0,0,0,0,9
3584.88,1740,6237696,0,0,0,0,9
5016,1984,9951744,0,0,0,0,9
3820.53,1604,6128128,0,0,0,0,9
3249.44,1437,4669440,0,0,0,0,9
3394.34,2327,7898624,0,0,0,0,9
5378.46,2286,12295168,0,0,0,0,9
3291.3,5092,16759296,0,0,0,0,9
4934.76,2377,11729920,0,0,0,0,9
3471.22,2615,9077248,0,0,0,0,9
3724.69,5368,19994112,0,0,0,0,9
3372.97,2237,7545344,0,0,0,0,9
3761.71,7638,28731904,0,0,0,0,9
4730.1,2516,11900928,0,0,0,0,9
4183.9,2365,9894912,0,0,0,0,9
3400.11,4232,14389248,0,0,0,0,9
6544.94,544,3560448,0,0,0,0,9
3436.89,4326,14867968,0,0,0,0,9
4090.66,1918,7845888,0,0,0,0,9
71863.4,1591,114334720,0,0,0,0,9
5583.96,1460,8152576,0,0,0,0,9
2703.14,1742,4708864,0,0,0,0,9
6138.55,1597,9803264,0,0,0,0,9
2585.45,1871,4837376,0,0,0,0,9
2053.44,1129,2318336,0,0,0,0,9
2275.05,2706,6156288,0,0,0,0,9
7171.15,1788,12822016,0,0,0,0,9
4622.66,2654,12268544,0,0,0,0,9
5796.83,1053,6104064,0,0,0,0,9
23818.5,1053,25080832,0,0,0.0298044,0,9
3182.38,1271,4044800,0,0,0,0,9
2539.35,2281,5792256,0,0,0,0,9
2621.06,1962,5142528,0,0,0,0,9
3512.07,1751,6149632,0,0,0,0,9
2550.3,1742,4442624,0,0,0,0,9
2870.17,1309,3757056,0,0,0,0,9
11497.9,1068,12279808,0,0,0,0,9
15736.4,1189,18710528,0,0,0,0,9
3465.13,1641,5686272,0,0,0,0,9
2974.67,1131,3364352,0,0,0,0,9
6295.15,1382,8699904,0,0,0,0,9
2890.57,1157,3344384,0,0,0,0,9
2389.9,1195,2855936,0,0,0,0,9
2214.02,1690,3741696,0,0,0,0,9
3106.94,1055,3277824,0,0,0,0,9
19651.2,3930,77229056,1,1,-0.000137165,0,9
2314.6,12917,29897728,0,0,0,0,9
22790.2,902,20556800,0,0,0,0,9
4106.57,5424,22274048,0,0,0,0,9
18451.9,1341,24743936,0,0,0.0452908,0,9
3791.72,1612,6112256,0,0,0,0,9
3986.34,1284,5118464,0,0,0,0,9
3989.96,1183,4720128,0,0,0,0,9
2474.81,2344,5800960,0,0,0,0,9
2325.76,2400,5581824,0,0,0,0,9
2635.06,1146,3019776,0,0,0,0,9
2752.83,3611,9940480,0,0,0,0,9
2722.05,7703,20967936,0,0,0,0,9
9753.2,3739,36467200,1,1,-0.000507937,0,9
2314.86,12918,29903360,0,0,0,0,9
12430.9,860,10690560,0,0,0,0,9
4297.87,5174,22237184,0,0,0,0,9
3220,21003,67629568,1,1,-0.176077,0,9
9241.99,4216,38964224,1,1,0,0,9
2312.26,12900,29828096,0,0,0,0,9
29312.5,833,24417280,0,0,0,0,9
2598.01,6493,16868864,0,0,0,0,9
655597,1001,656252928,0,0,0,0,9
87926.2,1546,135933952,0,0,0,0,9
4627.44,4662,21573120,0,0,0,0,9
3313.79,18526,61391360,1,1,-0.0504233,0,9
2487.37,2439,6066688,0,0,0,0,9
27364.3,1184,32399360,0,0,0,0,9
2671.1,3438,9183232,0,0,0,0,9
5076.79,3614,18347520,0,0,0,0,9
6866.43,1545,10608640,0,0,0,0,9
1885.18,11534,21743616,0,0,0,0,9
20438.6,803,16412160,0,0,0,0,9
2607.48,6384,16646144,0,0,0,0,9
6449.81,1547,9977856,0,0,0,0,9
2198.4,5549,12198912,0,0,0,0,9
5383.7,2891,15564288,0,0,0,0,9
4432.17,3107,13770752,0,0,0,0,9
3384.18,16932,57300992,1,1,-0.243755,0,9
2847.49,1122,3194880,0,0,0,0,9
2904.72,3070,8917504,0,0,0,0,9
13211.1,3982,52606464,1,1,-0.000116992,0,9
2353.16,13429,31600640,0,0,0,0,9
12952.1,818,10594816,0,0,0,0,9
2593.17,6683,17330176,0,0,0,0,9
4533.94,3823,17333248,0,0,0,0,9
6070.81,1623,9852928,0,0,0,0,9
2197.92,5840,12835840,0,0,0,0,9
19014.4,1025,19489792,0,0,0,0,9
4678.9,4853,22706688,1,1,0,0,9
15152.1,1229,18621952,0,0,0,0,9
5002.45,1041,5207552,0,0,0,0,9
3791.78,1067,4045824,0,0,0,0,9
4798.46,1121,5379072,0,0,0,0,9
5782.92,1262,7298048,0,0,0,0,9
5579.29,1020,5690880,0,0,0,0,9
4386.2,1078,4728320,0,0,0,0,9
7194.47,1702,12244992,0,0,0,0,9
4792.98,1359,6513664,0,0,0,0,9
5595.79,1202,6726144,0,0,0,0,9
3611.46,1212,4377088,0,0,0,0,9
4398.35,1414,6219264,0,0,0,0,9
5085.77,1107,5629952,0,0,0,0,9
4661.82,1151,5365760,0,0,0,0,9
10540.6,1005,10593280,0,0,0,0,9
5693.61,1288,7333376,0,0,0,0,9
14323.9,1696,24293376,0,0,-0.00184896,0,9
3843.13,1883,7236608,0,0,0,0,9
4332,1779,7706624,0,0,0,0,9
4855.31,1385,6724608,0,0,0,0,9
4995.82,1006,5025792,0,0,0,0,9
20372,1332,27135488,0,0,0,0,9
5330.01,2672,14241792,0,0,0,0,9
9178.88,1007,9243136,0,0,0,0,9
3009.87,1368,4117504,0,0,0,0,9
4455.17,1521,6776320,0,0,0,0,9
5374.02,2199,11817472,0,0,0,0,9
4789.93,1500,7184896,0,0,0,0,9
4703.05,1546,7270912,0,0,0,0,9
8694.97,1021,8877568,0,0,0,0,9
3834,1407,5394432,0,0,0,0,9
5226.23,1846,9647616,0,0,0,0,9
16683.3,1035,17267200,0,0,0,0,9
4885.02,1096,5353984,0,0,0,0,9
5516.16,1074,5924352,0,0,0,0,9
6120.96,1089,6665728,0,0,0,0,9
12688.2,1095,13893632,0,0,0,0,9
33530,2748,92140544,1,1,-0.00126083,0,9
12639.6,1018,12867072,0,0,0,0,9
3999.98,1493,5971968,0,0,0,0,9
3514.31,1462,5137920,0,0,0,0,9
3982.22,1143,4551680,0,0,0,0,9
3273.5,1644,5381632,0,0,0,0,9
5606.68,1193,6688768,0,0,0,0,9
24039.3,1138,27356672,0,0,0,0,9
4740.03,2094,9925632,0,0,0,0,9
2622.26,10805,28333568,0,0,0,0,9
6656,2729,18164224,0,0,0,0,9
4010,8222,32970240,1,1,0.0637786,1,9
7732.19,3100,23969792,0,0,0,0,9
2729.13,7898,21554688,0,0,0,0,9
6520.16,1911,12460032,0,0,0,0,9
2883.8,1382,3985408,0,0,0,0,9
6471.1,2722,17614336,0,0,0,0,9
13571.3,1088,14765568,0,0,0,0,9
3052.61,3644,11123712,0,0,0,0,9
3694.8,2195,8110080,0,0,0,0,9
3346.55,1173,3925504,0,0,0,0,9
7418.27,3574,26512896,0,0,0,0,9
5608.91,2528,14179328,0,0,0,0,9
3061.97,1429,4375552,0,0,0,0,9
2156.19,1486,3204096,0,0,0,0,9
2662.58,3414,9090048,0,0,0,0,9
2112.62,1133,2393600,0,0,0,0,9
2857.21,1230,3514368,0,0,0,0,9
9686.41,1268,12282368,0,0,0,0,9
3378.74,1564,5284352,0,0,0,0,9
4605.55,1883,8672256,0,0,0,0,9
3609.42,2679,9669632,0,0,0,0,9
4500.83,3115,14020096,0,0,0,0,9
2595.71,11112,28843520,0,0,0,0,9
7059.28,2416,17055232,0,0,0,0,9
